origen,destino,via,distancia_km,tiempo_min,costo_sol,congestion,demanda_zona
0,410,Av. Primavera,0.3466,3.47,1.73,media,muy_alta
0,1462,Av. Benavides,0.3657,2.63,1.81,baja,muy_alta
0,267,Via Expresa,0.6491,4.28,1.41,media,muy_alta
0,310,Av. 28 de Julio,0.6679,4.68,1.61,media,muy_alta
0,672,Av. Caminos del Inca,0.6825,5.3,2.14,media,muy_alta
0,309,Av. La Encalada,0.7532,4.47,2.1,media,muy_alta
1,388,Av. Salaverry,0.277,1.83,1.16,alta,media
1,235,Av. La Encalada,0.3734,3.03,1.34,alta,media
1,7,Av. Arequipa,0.48,2.83,1.96,media,media
1,325,Av. Benavides,0.5796,3.16,1.5,alta,media
1,1037,Av. Caminos del Inca,0.6199,3.46,1.12,media,media
1,1317,Av. Benavides,0.8577,2.74,1.79,media,media
2,580,Av. Tomas Marsano,0.2582,2.63,0.84,media,alta
2,60,Av. Universitaria,0.2759,1.77,0.88,alta,alta
2,1016,Av. Angamos,0.315,2.27,1.44,media,alta
2,550,Av. La Encalada,0.4053,2.21,1.82,alta,alta
2,1336,Av. Primavera,0.5512,3.11,1.62,alta,alta
2,645,Av. Benavides,0.7465,4.13,2.05,alta,alta
3,719,Av. Javier Prado,0.2382,2.05,0.84,media,media
3,1305,Av. Primavera,0.3818,2.18,1.92,alta,media
3,356,Av. Angamos,0.4639,2.71,1.67,baja,media
3,76,Av. Larco,0.4959,2.82,1.76,baja,media
3,406,Av. 28 de Julio,0.499,2.33,1.96,baja,media
3,718,Av. Javier Prado,0.5211,2.52,1.99,media,media
4,466,Av. Benavides,0.4723,2.14,1.27,alta,baja
4,135,Av. Caminos del Inca,0.4881,2.8,1.34,media,baja
4,1011,Av. El Derby,0.5075,2.12,1.98,alta,baja
4,961,Av. Tomas Marsano,0.6059,1.85,2.07,baja,baja
4,713,Av. Santa Cruz,0.7405,2.4,1.45,alta,baja
4,1188,Av. Santa Cruz,0.7752,2.71,1.88,baja,baja
5,1267,Av. Tomas Marsano,0.4937,3.87,1.23,baja,muy_alta
5,656,Av. 28 de Julio,0.9457,6.11,1.77,alta,muy_alta
5,77,Av. Caminos del Inca,1.0645,6.89,1.77,baja,muy_alta
5,445,Via Expresa,1.2248,7.96,2.32,alta,muy_alta
5,952,Av. 28 de Julio,1.2695,6.67,2.85,baja,muy_alta
5,898,Av. Primavera,1.296,9.51,2.34,media,muy_alta
6,334,Av. Brasil,0.3123,1.69,1.42,media,baja
6,472,Via Expresa,0.4047,1.86,1.76,media,baja
6,245,Av. Brasil,0.4472,1.98,1.06,media,baja
6,1024,Av. Tomas Marsano,0.693,3.51,1.96,alta,baja
6,429,Av. Javier Prado,0.7825,3.0,1.63,baja,baja
6,1433,Av. Aviacion,1.2897,3.1,2.39,baja,baja
7,388,Av. Angamos,0.378,1.87,1.71,baja,baja
7,1305,Av. Javier Prado,0.4043,2.7,1.05,baja,baja
7,1317,Av. Larco,0.414,2.31,1.85,alta,baja
7,1,Av. Petit Thouars,0.48,1.76,1.59,media,baja
7,3,Av. 28 de Julio,0.7394,3.39,1.46,media,baja
7,642,Av. Colonial,0.7502,2.18,1.48,alta,baja
8,881,Av. Primavera,0.392,2.67,1.24,alta,media
8,788,Av. Caminos del Inca,0.5168,2.75,2.08,baja,media
8,950,Av. Santa Cruz,0.5295,3.41,2.01,baja,media
8,431,Av. Tomas Marsano,0.6305,2.77,1.66,baja,media
8,552,Av. Caminos del Inca,0.6429,3.15,2.12,baja,media
8,1160,Av. Universitaria,0.646,3.08,1.09,alta,media
9,717,Av. Larco,0.5239,3.18,1.93,baja,baja
9,1448,Av. Caminos del Inca,0.8647,3.12,1.71,baja,baja
9,1436,Av. El Derby,0.9189,2.83,2.37,baja,baja
9,517,Av. Larco,0.9287,3.72,2.5,media,baja
9,104,Av. Caminos del Inca,1.0848,3.74,1.72,baja,baja
9,1379,Av. 28 de Julio,1.2273,3.27,2.81,media,baja
10,132,Av. 28 de Julio,0.1134,1.14,1.1,baja,media
10,595,Av. Colonial,0.2065,1.33,0.87,media,media
10,420,Av. Aviacion,0.2159,1.91,0.89,alta,media
10,201,Av. Santa Cruz,0.5264,3.14,1.21,media,media
10,239,Av. Salaverry,0.5667,2.36,1.49,media,media
10,1310,Av. Aviacion,0.6655,3.38,2.11,alta,media
11,68,Av. 28 de Julio,0.3055,2.76,1.43,media,media
11,714,Av. Tomas Marsano,0.4221,2.45,1.42,alta,media
11,593,Av. Benavides,0.6558,2.27,1.2,media,media
11,1434,Av. Aviacion,0.7647,3.52,1.28,media,media
11,766,Via Expresa,0.7956,3.77,1.61,media,media
11,1442,Av. La Encalada,0.7973,3.29,1.65,media,media
12,1207,Av. Salaverry,0.3311,2.34,1.87,alta,baja
12,1372,Av. Benavides,0.5524,2.02,1.82,media,baja
12,1197,Av. Caminos del Inca,0.7546,2.72,1.35,baja,baja
12,1167,Av. Aviacion,0.861,3.37,1.88,alta,baja
12,581,Av. Javier Prado,1.067,3.8,2.57,alta,baja
12,892,Av. Salaverry,1.1796,4.69,1.76,media,baja
13,790,Av. Angamos,0.2662,1.67,1.58,media,media
13,399,Av. Benavides,0.4165,3.18,1.05,alta,media
13,1095,Av. Arequipa,0.8675,3.55,1.5,alta,media
13,621,Av. Angamos,0.9251,3.98,1.93,baja,media
13,203,Av. Caminos del Inca,0.9527,3.74,2.03,media,media
13,79,Av. Santa Cruz,0.9661,4.04,1.65,baja,media
14,1432,Av. Brasil,0.7182,2.71,2.25,alta,baja
14,213,Av. Brasil,1.0748,2.86,2.07,baja,baja
14,280,Av. Santa Cruz,1.2607,4.4,2.9,media,baja
14,214,Av. Brasil,1.5139,4.36,2.5,media,baja
14,409,Av. Javier Prado,1.5761,5.27,2.66,baja,baja
14,1149,Av. Universitaria,1.6774,5.39,3.46,baja,baja
15,607,Av. La Encalada,0.417,1.85,1.59,baja,media
15,1287,Av. Angamos,0.4883,2.02,1.47,alta,media
15,1347,Av. Petit Thouars,0.535,2.57,1.15,media,media
15,1136,Av. Benavides,0.5639,3.29,2.12,alta,media
15,1153,Av. El Derby,0.6328,2.76,1.49,alta,media
15,415,Av. Santa Cruz,0.66,3.42,1.72,baja,media
16,46,Via Expresa,0.4115,1.8,1.5,media,baja
16,1438,Av. Larco,0.5999,2.49,2.15,alta,baja
16,1141,Av. 28 de Julio,0.6491,3.26,1.94,alta,baja
16,1005,Av. Benavides,0.8308,2.93,1.81,media,baja
16,530,Av. Brasil,0.8515,2.83,1.61,baja,baja
16,137,Av. Primavera,0.9028,2.84,1.39,baja,baja
17,1009,Av. El Derby,0.5528,2.18,1.45,media,baja
17,886,Av. Caminos del Inca,0.5595,3.29,2.11,media,baja
17,284,Av. El Derby,0.5884,2.65,1.75,alta,baja
17,335,Av. Salaverry,0.6259,2.97,1.6,media,baja
17,1142,Av. El Derby,0.6384,2.66,1.71,baja,baja
17,1222,Av. Angamos,0.6641,2.58,2.28,media,baja
18,1487,Av. La Marina,0.1273,1.3,1.32,alta,baja
18,1222,Av. Santa Cruz,0.1859,0.95,1.6,baja,baja
18,1142,Av. Salaverry,0.2242,1.8,1.56,media,baja
18,335,Av. Javier Prado,0.2265,1.19,1.46,alta,baja
18,67,Av. Angamos,0.2898,2.54,1.4,media,baja
18,700,Av. Tomas Marsano,0.3831,1.31,1.61,baja,baja
19,1367,Av. Larco,0.6278,2.74,1.42,alta,baja
19,1232,Av. Larco,0.6397,3.28,1.35,baja,baja
19,425,Av. Arequipa,0.7248,3.57,2.24,baja,baja
19,1170,Av. Petit Thouars,0.8809,3.3,2.01,media,baja
19,736,Av. Petit Thouars,0.9188,3.42,1.44,alta,baja
19,808,Av. La Encalada,0.9572,3.26,1.57,alta,baja
20,900,Av. Arequipa,0.0978,1.51,0.75,baja,baja
20,450,Av. Tomas Marsano,0.3101,1.35,1.04,baja,baja
20,35,Av. Caminos del Inca,0.4215,1.92,0.97,alta,baja
20,462,Av. Universitaria,0.473,2.3,1.35,baja,baja
20,943,Av. Aviacion,0.6059,2.18,1.93,alta,baja
20,730,Av. Tomas Marsano,0.7663,2.73,2.03,media,baja
21,61,Av. Benavides,0.2106,1.34,0.72,alta,baja
21,1173,Av. Caminos del Inca,0.3703,1.88,1.7,alta,baja
21,787,Av. Santa Cruz,0.3756,2.2,1.87,alta,baja
21,297,Av. Larco,0.3963,2.81,0.79,media,baja
21,1053,Av. Santa Cruz,0.5536,2.07,2.13,baja,baja
21,1339,Av. Arequipa,0.8677,3.07,2.25,media,baja
22,1195,Av. El Derby,0.1389,1.29,1.14,baja,baja
22,95,Av. La Marina,0.3991,2.54,1.53,baja,baja
22,925,Av. Angamos,0.7899,3.05,1.6,media,baja
22,630,Av. Primavera,0.8847,2.79,2.5,baja,baja
22,1190,Av. Javier Prado,0.9168,3.81,2.04,alta,baja
22,577,Av. El Derby,0.9728,2.76,1.69,media,baja
23,694,Av. Benavides,0.4523,2.25,1.5,media,baja
23,1256,Av. Caminos del Inca,0.7112,2.51,1.99,alta,baja
23,1257,Av. Salaverry,0.7435,3.21,1.42,media,baja
23,1477,Av. El Derby,0.7665,2.35,1.67,media,baja
23,1357,Av. Universitaria,1.1254,3.2,2.81,baja,baja
23,1471,Via Expresa,1.2229,3.86,2.24,baja,baja
24,364,Av. Brasil,0.1531,1.41,1.59,media,media
24,674,Av. Benavides,0.1759,1.2,0.78,baja,media
24,481,Av. Benavides,0.207,2.27,1.09,baja,media
24,1061,Av. Caminos del Inca,0.2164,1.95,0.92,alta,media
24,644,Av. La Marina,0.2608,2.66,1.03,baja,media
24,543,Av. Colonial,0.2941,2.81,1.63,media,media
25,521,Av. Primavera,0.4124,1.51,1.72,media,baja
25,176,Av. Aviacion,0.5723,1.96,2.17,alta,baja
25,1444,Av. Benavides,0.6203,1.72,1.45,media,baja
25,417,Av. Angamos,0.6411,2.06,1.52,media,baja
25,1253,Av. Petit Thouars,0.755,2.13,1.99,baja,baja
25,1459,Via Expresa,0.8654,3.45,2.37,alta,baja
26,563,Av. La Marina,0.1937,2.27,0.7,media,media
26,1041,Av. Colonial,0.3055,1.8,1.81,media,media
26,1226,Av. Tomas Marsano,0.3158,2.52,0.95,baja,media
26,518,Av. Larco,0.3859,2.63,1.44,baja,media
26,355,Av. Larco,0.4088,2.67,1.65,alta,media
26,231,Av. Colonial,0.4425,2.71,1.69,baja,media
27,64,Av. Brasil,0.2507,2.49,1.53,alta,baja
27,424,Av. Santa Cruz,0.5632,2.8,1.36,alta,baja
27,1049,Av. La Encalada,0.614,3.11,1.6,media,baja
27,837,Av. Brasil,0.6455,2.22,2.15,media,baja
27,247,Av. Aviacion,0.8646,3.56,1.85,media,baja
27,594,Av. Salaverry,0.9278,3.03,2.07,baja,baja
28,723,Av. Petit Thouars,0.2098,1.84,1.18,media,baja
28,510,Av. Brasil,0.33,1.78,0.98,alta,baja
28,734,Av. Larco,0.5531,2.45,1.0,media,baja
28,828,Av. Caminos del Inca,0.6557,2.19,2.16,baja,baja
28,202,Av. La Encalada,0.6558,3.13,1.78,media,baja
28,876,Av. Salaverry,0.6558,1.97,1.96,media,baja
29,1081,Av. El Derby,0.1466,2.23,1.33,alta,media
29,873,Av. Angamos,0.2209,1.8,0.77,alta,media
29,1185,Av. Caminos del Inca,0.442,2.91,1.14,baja,media
29,1268,Av. 28 de Julio,0.561,2.01,1.44,alta,media
29,1206,Av. 28 de Julio,0.5673,3.26,1.23,alta,media
29,536,Av. Caminos del Inca,0.6195,2.98,1.95,media,media
30,168,Av. Brasil,0.3137,2.74,1.54,alta,alta
30,948,Av. Santa Cruz,0.3223,3.16,1.39,media,alta
30,1419,Av. 28 de Julio,0.5183,3.68,1.1,alta,alta
30,620,Av. Colonial,0.6581,3.22,1.84,media,alta
30,269,Av. Larco,0.7822,4.01,1.81,media,alta
30,34,Av. Colonial,1.2664,6.32,2.56,media,alta
31,553,Av. Primavera,0.6221,2.59,1.73,alta,baja
31,1028,Av. Santa Cruz,0.6768,3.11,1.29,media,baja
31,134,Av. Aviacion,0.7854,3.32,1.4,alta,baja
31,432,Av. Benavides,0.8116,3.17,2.4,alta,baja
31,991,Av. La Marina,0.8481,3.7,1.67,baja,baja
31,338,Av. Salaverry,0.9002,3.0,2.25,media,baja
32,743,Av. El Derby,0.4801,2.62,1.49,alta,baja
32,1120,Av. Brasil,0.7342,3.09,1.83,alta,baja
32,585,Av. Primavera,0.8082,3.0,1.81,alta,baja
32,318,Av. Santa Cruz,0.9002,3.2,2.05,media,baja
32,1202,Av. Aviacion,0.9374,3.35,2.27,alta,baja
32,940,Av. Universitaria,0.9624,2.96,1.5,baja,baja
33,183,Av. Petit Thouars,0.2828,2.13,1.26,baja,baja
33,800,Av. La Encalada,0.5696,2.43,1.13,baja,baja
33,469,Av. Primavera,1.1043,3.45,1.88,baja,baja
33,313,Av. Brasil,1.177,4.48,2.25,alta,baja
33,840,Av. La Marina,1.2131,3.04,2.84,baja,baja
33,857,Av. El Derby,1.2704,3.37,2.21,baja,baja
34,1419,Av. Petit Thouars,0.8567,5.22,2.32,baja,alta
34,1336,Av. Larco,1.1687,6.59,1.96,alta,alta
34,668,Via Expresa,1.2579,5.63,1.97,baja,alta
34,30,Av. La Marina,1.2664,5.06,2.35,baja,alta
34,798,Av. Aviacion,1.2976,7.0,2.48,baja,alta
34,352,Av. 28 de Julio,1.3008,5.86,2.58,media,alta
35,462,Av. Universitaria,0.3353,2.7,1.48,alta,baja
35,20,Av. 28 de Julio,0.4215,1.91,1.43,alta,baja
35,900,Av. Caminos del Inca,0.4952,1.85,1.54,media,baja
35,730,Av. Aviacion,0.5017,2.07,1.54,baja,baja
35,450,Av. Colonial,0.5763,2.28,1.27,media,baja
35,943,Av. Santa Cruz,0.7702,2.45,1.69,alta,baja
36,308,Av. El Derby,0.4063,1.98,1.5,media,baja
36,630,Av. Angamos,0.4422,2.75,1.64,media,baja
36,148,Av. Caminos del Inca,0.5017,2.45,1.96,baja,baja
36,142,Av. Santa Cruz,0.511,1.79,0.96,media,baja
36,604,Av. Primavera,0.5565,3.06,0.98,media,baja
36,353,Av. Angamos,0.6636,2.96,1.63,alta,baja
37,927,Av. Salaverry,0.3457,2.59,1.73,alta,baja
37,815,Av. 28 de Julio,0.6636,2.24,1.76,media,baja
37,629,Av. Santa Cruz,0.8133,2.48,2.33,media,baja
37,146,Av. Larco,0.9319,2.82,2.4,media,baja
37,1221,Av. Larco,1.0483,2.96,2.41,baja,baja
37,350,Av. Salaverry,1.0597,2.95,2.26,media,baja
38,1319,Av. Caminos del Inca,0.2789,1.69,1.66,alta,baja
38,1291,Av. Colonial,0.3693,1.97,1.66,baja,baja
38,1465,Av. Salaverry,0.4437,2.07,0.87,media,baja
38,1286,Av. Universitaria,0.486,2.4,2.07,baja,baja
38,422,Av. Javier Prado,0.5119,2.36,0.94,alta,baja
38,133,Av. Arequipa,0.5344,2.76,1.56,alta,baja
39,965,Av. El Derby,0.5535,1.63,1.09,baja,baja
39,361,Av. La Marina,0.5907,2.11,1.84,baja,baja
39,1379,Av. Aviacion,0.599,2.97,1.58,media,baja
39,104,Av. Benavides,0.7493,2.59,1.97,alta,baja
39,1176,Av. Colonial,0.7974,2.28,1.44,alta,baja
39,1467,Av. Tomas Marsano,0.8512,3.75,2.46,media,baja
40,476,Av. Javier Prado,0.1893,1.02,1.02,alta,media
40,412,Av. Universitaria,0.2004,1.79,1.3,baja,media
40,1474,Av. Colonial,0.2118,1.28,0.99,media,media
40,481,Av. La Encalada,0.2315,1.62,1.13,media,media
40,1114,Av. 28 de Julio,0.2793,2.74,1.74,baja,media
40,364,Av. Angamos,0.2852,1.51,0.88,alta,media
41,385,Av. La Marina,0.2339,2.36,0.94,baja,muy_alta
41,1326,Av. Petit Thouars,0.2813,2.27,1.74,media,muy_alta
41,695,Av. La Encalada,0.3312,3.65,1.85,alta,muy_alta
41,729,Av. Santa Cruz,0.3381,3.38,0.8,alta,muy_alta
41,1443,Av. Javier Prado,0.3852,3.94,1.27,baja,muy_alta
41,769,Av. La Encalada,0.4117,3.67,1.87,alta,muy_alta
42,386,Av. Aviacion,0.2248,1.71,0.75,alta,media
42,1215,Av. Primavera,0.2874,1.63,1.33,media,media
42,1429,Av. La Marina,0.4146,1.91,1.88,baja,media
42,1475,Av. Colonial,0.4639,2.41,1.63,alta,media
42,880,Av. Primavera,0.4851,2.97,1.61,alta,media
42,1476,Via Expresa,0.5609,3.16,1.26,baja,media
43,725,Av. Arequipa,0.1087,2.17,0.44,alta,media
43,393,Av. Colonial,0.2013,2.03,1.16,alta,media
43,759,Av. La Encalada,0.402,2.61,1.62,baja,media
43,833,Av. Primavera,0.4754,2.91,1.55,alta,media
43,1421,Av. Caminos del Inca,0.4936,2.92,1.29,media,media
43,1234,Av. Angamos,0.5653,2.4,1.07,media,media
44,583,Av. Colonial,0.2003,2.11,0.71,media,baja
44,83,Via Expresa,0.4897,1.99,0.89,alta,baja
44,329,Av. Santa Cruz,0.5063,2.28,0.97,alta,baja
44,1497,Av. Petit Thouars,0.5331,2.75,1.82,media,baja
44,288,Av. Larco,0.5745,1.63,1.1,alta,baja
44,73,Av. Petit Thouars,0.6804,3.22,2.28,baja,baja
45,162,Av. El Derby,0.1539,1.26,1.12,alta,media
45,1392,Av. Javier Prado,0.3263,1.52,0.89,baja,media
45,415,Av. Universitaria,0.374,2.26,1.25,media,media
45,864,Av. Aviacion,0.3759,2.89,1.2,media,media
45,637,Av. La Encalada,0.4219,2.33,1.7,baja,media
45,1136,Av. Javier Prado,0.4381,3.2,1.32,alta,media
46,1438,Av. La Marina,0.3446,2.64,1.74,alta,baja
46,16,Av. 28 de Julio,0.4115,1.71,1.61,media,baja
46,1005,Av. La Encalada,0.5176,2.31,1.15,media,baja
46,137,Av. El Derby,0.5837,2.83,1.83,baja,baja
46,774,Av. Santa Cruz,0.8188,2.98,1.98,alta,baja
46,831,Av. Caminos del Inca,0.9806,4.05,2.52,alta,baja
47,1177,Av. Benavides,0.8177,3.33,1.34,alta,baja
47,603,Av. La Marina,0.8181,2.16,2.03,media,baja
47,265,Av. Caminos del Inca,0.8773,2.76,1.89,baja,baja
47,1191,Av. Salaverry,0.8847,3.75,2.42,alta,baja
47,206,Av. Brasil,0.9241,3.61,2.09,baja,baja
47,650,Av. Arequipa,1.116,3.47,2.14,alta,baja
48,372,Av. Angamos,0.0724,2.12,0.6,alta,baja
48,225,Av. Primavera,0.2461,1.26,1.26,baja,baja
48,241,Av. Primavera,0.2487,2.19,1.76,alta,baja
48,942,Av. Arequipa,0.32,2.72,1.01,baja,baja
48,628,Av. Petit Thouars,0.3232,1.57,1.02,baja,baja
48,1411,Av. Larco,0.3539,1.63,1.34,baja,baja
49,1118,Av. Brasil,0.2157,2.45,1.67,media,media
49,376,Av. 28 de Julio,0.2953,2.54,0.67,baja,media
49,295,Av. Javier Prado,0.4319,2.63,0.82,alta,media
49,1430,Av. Universitaria,0.4704,2.32,1.01,alta,media
49,1060,Av. La Encalada,0.5031,2.25,1.0,baja,media
49,1335,Av. Aviacion,0.5212,2.83,1.26,baja,media
50,762,Av. Tomas Marsano,0.7991,2.49,2.16,baja,baja
50,1455,Av. Salaverry,0.9608,3.54,2.11,media,baja
50,351,Av. Caminos del Inca,1.1267,4.16,2.42,alta,baja
50,1223,Av. Salaverry,1.1937,4.31,2.53,alta,baja
50,171,Av. Aviacion,1.2321,3.05,2.13,alta,baja
50,252,Av. La Marina,1.4332,3.64,2.14,alta,baja
51,330,Av. Petit Thouars,0.3194,2.71,1.67,media,baja
51,341,Av. Caminos del Inca,0.4159,1.85,1.75,baja,baja
51,174,Av. 28 de Julio,0.5601,2.04,1.14,media,baja
51,1388,Av. Universitaria,0.5802,2.48,1.74,baja,baja
51,90,Av. La Encalada,0.5899,2.82,1.39,alta,baja
51,57,Av. Colonial,0.7665,2.44,1.65,media,baja
52,1190,Av. Larco,0.387,2.68,1.7,media,baja
52,925,Av. 28 de Julio,0.4781,2.02,1.44,media,baja
52,270,Av. Petit Thouars,0.5551,2.94,1.4,baja,baja
52,923,Av. Primavera,0.7704,2.63,1.87,media,baja
52,290,Av. El Derby,0.8032,3.47,2.36,alta,baja
52,44,Av. Arequipa,0.8115,3.55,2.09,baja,baja
53,1349,Av. Universitaria,0.3795,2.63,1.05,media,media
53,554,Av. Tomas Marsano,0.4566,2.34,1.01,baja,media
53,985,Av. Caminos del Inca,0.6002,2.72,1.32,media,media
53,205,Av. El Derby,0.7464,3.92,1.75,alta,media
53,98,Av. Santa Cruz,0.8338,3.89,2.47,media,media
53,697,Av. La Encalada,0.8473,4.24,1.5,baja,media
54,861,Av. Tomas Marsano,0.3371,1.53,1.39,baja,media
54,195,Av. Aviacion,0.4191,2.58,1.51,alta,media
54,220,Av. Brasil,0.5287,3.19,1.43,baja,media
54,378,Av. Primavera,0.5896,3.11,2.08,alta,media
54,782,Av. Larco,0.5957,2.37,1.65,baja,media
54,820,Av. Benavides,0.6369,2.95,1.82,baja,media
55,711,Av. El Derby,0.6034,2.3,1.18,alta,baja
55,899,Av. La Encalada,0.6372,2.67,2.16,baja,baja
55,1329,Av. Javier Prado,0.7184,3.05,2.16,alta,baja
55,1187,Av. El Derby,0.7902,2.45,1.62,media,baja
55,556,Av. Tomas Marsano,0.8607,2.81,1.52,media,baja
55,1042,Av. Primavera,0.8662,3.24,2.11,media,baja
56,588,Av. Santa Cruz,0.1503,1.06,0.79,media,baja
56,1383,Av. 28 de Julio,0.3946,2.48,1.19,alta,baja
56,463,Av. El Derby,0.3965,2.81,1.37,alta,baja
56,701,Av. Tomas Marsano,0.4076,2.68,1.5,alta,baja
56,1404,Av. Colonial,0.4212,2.22,1.3,media,baja
56,994,Av. Arequipa,0.4667,2.97,1.69,alta,baja
57,1388,Av. Angamos,0.3071,1.21,0.73,media,baja
57,164,Av. La Marina,0.5524,2.65,1.25,baja,baja
57,330,Av. Angamos,0.567,2.78,2.07,alta,baja
57,97,Av. Primavera,0.6802,3.5,2.1,alta,baja
57,51,Av. Angamos,0.7665,3.01,1.75,alta,baja
57,90,Av. Petit Thouars,1.0228,3.55,1.6,alta,baja
58,525,Av. La Encalada,0.3874,3.15,1.25,media,media
58,398,Av. Caminos del Inca,0.396,1.88,0.8,baja,media
58,1335,Av. Aviacion,0.616,2.38,1.58,baja,media
58,375,Av. 28 de Julio,0.6687,3.45,1.45,baja,media
58,1423,Av. Salaverry,0.7308,3.2,1.66,media,media
58,1430,Av. Javier Prado,0.759,4.2,1.55,baja,media
59,1104,Av. Primavera,0.423,2.24,1.25,baja,baja
59,488,Av. 28 de Julio,0.4545,2.73,1.82,baja,baja
59,1471,Av. Primavera,0.7107,3.03,1.39,media,baja
59,89,Av. Tomas Marsano,0.7865,3.54,1.28,baja,baja
59,1014,Av. Angamos,0.9043,3.3,1.47,baja,baja
59,424,Av. Primavera,0.9339,3.6,2.46,alta,baja
60,580,Av. 28 de Julio,0.0896,2.29,0.72,media,alta
60,2,Av. Javier Prado,0.2759,3.02,1.54,media,alta
60,1016,Av. Javier Prado,0.4305,2.47,1.04,media,alta
60,550,Via Expresa,0.4416,3.02,2.0,baja,alta
60,645,Av. Arequipa,0.4853,2.54,1.44,baja,alta
60,1336,Av. La Marina,0.488,3.1,1.16,media,alta
61,21,Av. Benavides,0.2106,0.92,1.08,media,baja
61,787,Av. Javier Prado,0.3886,2.25,1.24,baja,baja
61,1053,Av. Brasil,0.5174,2.13,1.62,media,baja
61,1173,Av. Universitaria,0.5708,2.74,1.77,media,baja
61,297,Av. Angamos,0.5857,3.16,1.6,baja,baja
61,1339,Av. 28 de Julio,0.7218,2.24,1.81,media,baja
62,401,Av. Arequipa,0.3118,1.67,1.59,alta,media
62,69,Av. El Derby,0.365,2.13,1.79,baja,media
62,1282,Av. Colonial,0.7986,4.2,1.47,alta,media
62,691,Av. Tomas Marsano,0.9884,3.63,2.08,alta,media
62,1020,Av. Petit Thouars,1.0134,4.06,2.11,media,media
62,1277,Av. 28 de Julio,1.0425,4.35,2.06,media,media
63,1303,Av. Colonial,0.143,2.23,0.64,baja,baja
63,1280,Av. La Marina,0.1624,2.29,0.89,media,baja
63,1368,Av. Primavera,0.2618,2.1,1.71,media,baja
63,775,Av. Javier Prado,0.4634,1.59,1.52,baja,baja
63,1405,Av. Salaverry,0.5656,2.94,1.3,media,baja
63,1271,Av. La Encalada,0.7318,1.95,1.5,media,baja
64,27,Av. Brasil,0.2507,1.25,0.75,baja,baja
64,1049,Av. Salaverry,0.4753,1.98,1.07,alta,baja
64,594,Av. Santa Cruz,0.7099,2.64,1.84,alta,baja
64,247,Av. Arequipa,0.7951,3.8,2.16,alta,baja
64,424,Av. 28 de Julio,0.7979,2.83,1.5,baja,baja
64,662,Av. La Encalada,0.8579,3.69,1.82,media,baja
65,139,Av. El Derby,0.1605,1.86,1.65,alta,baja
65,701,Av. 28 de Julio,0.2015,0.92,0.58,media,baja
65,1383,Av. Brasil,0.3486,2.42,1.7,baja,baja
65,1205,Av. Salaverry,0.4427,2.83,0.99,baja,baja
65,56,Av. Santa Cruz,0.5283,2.35,1.38,baja,baja
65,76,Av. Angamos,0.5368,1.91,1.09,baja,baja
66,883,Av. Colonial,0.1805,0.87,0.93,baja,baja
66,301,Av. Caminos del Inca,0.209,0.98,0.72,media,baja
66,1309,Av. Primavera,0.2752,1.22,0.96,media,baja
66,155,Av. Javier Prado,0.3268,2.56,1.11,alta,baja
66,1128,Av. Brasil,0.4635,2.68,1.87,media,baja
66,436,Av. 28 de Julio,0.5481,1.71,1.68,baja,baja
67,700,Av. Colonial,0.2776,2.57,0.85,media,baja
67,1487,Av. Santa Cruz,0.2826,1.44,1.73,media,baja
67,18,Av. Javier Prado,0.2898,2.22,1.82,baja,baja
67,1142,Av. El Derby,0.4366,2.32,1.75,media,baja
67,335,Av. Benavides,0.4499,2.32,1.17,alta,baja
67,846,Av. 28 de Julio,0.4584,1.97,1.01,baja,baja
68,11,Av. Aviacion,0.3055,2.67,1.55,baja,alta
68,714,Av. 28 de Julio,0.4624,3.45,1.19,baja,alta
68,1337,Av. Javier Prado,0.8016,4.16,1.76,baja,alta
68,593,Av. Santa Cruz,0.8179,4.78,1.32,baja,alta
68,766,Av. Universitaria,0.8979,4.55,1.6,alta,alta
68,1434,Av. Brasil,0.9372,4.06,2.47,media,alta
69,401,Av. El Derby,0.0852,0.92,0.61,baja,media
69,62,Av. Arequipa,0.365,1.52,1.91,baja,media
69,1277,Av. La Encalada,0.721,2.81,1.87,media,media
69,92,Av. Salaverry,0.9222,4.6,1.75,baja,media
69,1188,Av. El Derby,1.0666,3.77,2.61,baja,media
69,159,Av. Petit Thouars,1.0913,3.99,1.67,alta,media
70,309,Av. Salaverry,0.2668,2.11,0.69,baja,muy_alta
70,267,Av. Tomas Marsano,0.2681,2.39,0.88,baja,muy_alta
70,672,Av. Tomas Marsano,0.3064,2.68,1.54,media,muy_alta
70,1426,Via Expresa,0.4281,3.42,1.34,media,muy_alta
70,1457,Av. Brasil,0.6163,5.16,1.87,baja,muy_alta
70,772,Av. Benavides,0.682,4.36,1.86,baja,muy_alta
71,893,Av. Colonial,0.145,1.87,0.77,media,alta
71,316,Av. Aviacion,0.3236,2.75,1.81,media,alta
71,657,Av. Colonial,0.4629,2.57,1.48,baja,alta
71,705,Av. Colonial,0.5829,3.34,1.75,baja,alta
71,1276,Av. Colonial,0.5835,3.98,1.63,alta,alta
71,898,Av. La Marina,0.6151,4.16,2.23,baja,alta
72,514,Av. Angamos,0.1928,1.32,0.58,alta,baja
72,998,Av. Angamos,0.4654,1.67,1.91,alta,baja
72,443,Av. La Encalada,0.8681,3.85,1.78,media,baja
72,1446,Av. Benavides,0.8925,2.6,2.09,media,baja
72,894,Av. Arequipa,0.9492,2.83,2.64,media,baja
72,625,Av. 28 de Julio,0.9561,3.73,1.66,media,baja
73,288,Av. La Marina,0.1647,2.15,1.53,media,baja
73,329,Av. Petit Thouars,0.1978,1.5,1.6,baja,baja
73,83,Av. La Encalada,0.2347,1.58,1.39,baja,baja
73,44,Av. Larco,0.6804,2.19,1.17,alta,baja
73,506,Av. 28 de Julio,0.6916,2.96,2.12,media,baja
73,1365,Av. Aviacion,0.7035,3.46,1.79,alta,baja
74,467,Av. Arequipa,0.1415,1.69,1.33,media,baja
74,1246,Av. Larco,0.4369,1.82,1.93,baja,baja
74,869,Av. Angamos,0.6016,2.0,1.83,baja,baja
74,513,Av. Universitaria,0.6201,3.15,1.61,baja,baja
74,108,Av. Petit Thouars,0.8932,2.82,2.33,alta,baja
74,248,Av. El Derby,1.0088,3.64,1.58,media,baja
75,249,Av. Primavera,0.3351,2.63,1.48,media,baja
75,482,Av. Primavera,0.3853,1.53,1.31,baja,baja
75,519,Av. Javier Prado,0.5293,2.66,1.67,baja,baja
75,1338,Av. Aviacion,0.7472,3.3,2.13,baja,baja
75,958,Av. Santa Cruz,0.778,3.38,1.73,alta,baja
75,522,Av. Tomas Marsano,0.8092,2.7,2.36,baja,baja
76,406,Av. Benavides,0.2361,2.45,1.63,alta,media
76,1017,Av. La Encalada,0.2681,1.76,1.24,media,media
76,719,Av. El Derby,0.3398,2.28,0.98,baja,media
76,356,Av. Larco,0.3556,2.7,0.97,media,media
76,1205,Av. Tomas Marsano,0.3853,1.6,0.82,alta,media
76,718,Av. La Marina,0.3913,2.9,1.36,media,media
77,445,Av. Caminos del Inca,0.1806,2.38,0.98,media,alta
77,232,Av. La Encalada,0.3973,2.37,1.13,alta,alta
77,952,Av. Benavides,0.4665,2.39,1.22,baja,alta
77,161,Av. 28 de Julio,0.7763,4.02,1.9,baja,alta
77,527,Av. Primavera,0.7973,4.52,2.1,alta,alta
77,281,Av. El Derby,1.0129,4.26,2.71,baja,alta
78,1126,Via Expresa,0.1735,2.53,0.91,alta,alta
78,561,Av. Angamos,0.2666,2.67,1.66,alta,alta
78,1473,Av. Santa Cruz,0.6446,4.04,1.45,media,alta
78,793,Av. Larco,0.7943,3.5,1.7,alta,alta
78,1486,Av. Petit Thouars,1.0917,4.84,2.75,baja,alta
78,712,Av. La Encalada,1.254,5.36,2.35,media,alta
79,915,Av. El Derby,0.2752,2.05,0.86,baja,media
79,203,Av. La Encalada,0.8369,3.68,2.32,media,media
79,929,Av. Primavera,0.8594,3.98,2.5,alta,media
79,13,Av. Javier Prado,0.9661,2.93,2.27,media,media
79,1200,Av. Colonial,1.0925,3.79,2.11,baja,media
79,790,Av. Caminos del Inca,1.1971,3.71,1.92,media,media
80,322,Av. Brasil,0.2584,2.29,1.53,alta,media
80,479,Av. Brasil,0.4763,1.97,1.11,alta,media
80,676,Av. Arequipa,0.4774,3.31,1.27,baja,media
80,328,Av. La Marina,0.4942,2.96,1.14,baja,media
80,1499,Av. Universitaria,0.6686,2.58,1.35,baja,media
80,849,Av. Larco,0.7313,3.57,2.07,alta,media
81,918,Av. Colonial,0.1845,2.26,1.31,media,media
81,315,Av. Caminos del Inca,0.2521,1.37,1.79,alta,media
81,1250,Av. Universitaria,0.3009,2.23,1.6,media,media
81,978,Av. Angamos,0.4269,2.86,1.98,baja,media
81,507,Av. Brasil,0.4295,2.74,2.01,baja,media
81,602,Av. La Encalada,0.4507,3.05,1.93,alta,media
82,1047,Av. Petit Thouars,0.2798,2.62,1.22,baja,media
82,402,Av. El Derby,0.3644,2.16,1.1,alta,media
82,754,Av. Angamos,0.3682,1.82,1.81,alta,media
82,238,Av. Primavera,0.4896,2.7,0.95,baja,media
82,727,Av. Santa Cruz,0.5184,3.02,1.42,media,media
82,99,Av. Tomas Marsano,0.5242,2.67,1.89,baja,media
83,329,Av. 28 de Julio,0.1974,1.0,1.48,baja,baja
83,73,Av. Santa Cruz,0.2347,1.36,1.66,media,baja
83,288,Av. Benavides,0.2464,1.76,1.72,alta,baja
83,44,Av. El Derby,0.4897,2.77,1.73,media,baja
83,270,Av. Javier Prado,0.6173,2.1,1.52,baja,baja
83,290,Av. Universitaria,0.6513,2.49,1.9,baja,baja
84,323,Av. Javier Prado,0.3959,2.65,0.83,alta,baja
84,1407,Av. Angamos,0.4074,1.45,0.84,baja,baja
84,1229,Via Expresa,0.4454,1.78,1.49,media,baja
84,1100,Av. 28 de Julio,0.4703,2.85,1.64,baja,baja
84,597,Av. Primavera,0.5658,3.05,1.62,media,baja
84,1338,Av. Salaverry,0.6165,2.99,1.47,baja,baja
85,818,Av. Santa Cruz,0.0958,2.12,0.64,alta,baja
85,1094,Av. Tomas Marsano,0.1056,1.42,1.13,alta,baja
85,1465,Av. Benavides,0.2249,1.62,1.48,baja,baja
85,452,Av. Benavides,0.405,2.57,0.87,alta,baja
85,1458,Av. 28 de Julio,0.4127,2.45,0.93,alta,baja
85,1179,Av. Universitaria,0.4782,1.63,1.16,media,baja
86,1283,Av. Colonial,0.3548,2.69,1.49,media,media
86,829,Av. Benavides,0.4977,3.03,1.6,alta,media
86,1273,Av. Primavera,0.6031,2.8,1.06,media,media
86,975,Av. Benavides,0.6663,2.57,1.61,media,media
86,1152,Av. Salaverry,0.7785,2.95,1.84,baja,media
86,1044,Av. Primavera,0.7825,3.87,2.15,alta,media
87,271,Av. Universitaria,0.1386,1.45,0.49,media,alta
87,764,Av. Arequipa,0.4175,3.0,1.86,media,alta
87,645,Av. Angamos,0.455,3.61,1.37,baja,alta
87,1402,Av. Tomas Marsano,0.4648,3.18,1.52,baja,alta
87,253,Av. 28 de Julio,0.4802,3.08,1.19,baja,alta
87,960,Av. Larco,0.5408,3.09,1.57,baja,alta
88,1025,Av. Angamos,0.0285,1.15,0.39,media,baja
88,519,Av. 28 de Julio,0.5067,2.91,1.28,alta,baja
88,522,Av. Tomas Marsano,0.5071,1.87,2.08,media,baja
88,825,Av. Salaverry,0.6239,3.38,1.75,alta,baja
88,939,Av. Javier Prado,0.7958,3.28,2.3,alta,baja
88,1484,Av. 28 de Julio,0.8599,3.16,1.89,media,baja
89,548,Av. Petit Thouars,0.3654,1.71,1.42,alta,baja
89,1104,Av. La Encalada,0.3663,1.57,1.47,baja,baja
89,1471,Av. 28 de Julio,0.4864,1.54,1.27,baja,baja
89,1085,Av. Arequipa,0.5639,2.9,1.11,alta,baja
89,1357,Av. El Derby,0.5978,2.53,2.17,baja,baja
89,1452,Av. Primavera,0.6845,2.63,1.32,media,baja
90,341,Av. 28 de Julio,0.3021,1.37,1.86,baja,baja
90,1244,Av. Caminos del Inca,0.5291,2.94,2.12,alta,baja
90,97,Av. Tomas Marsano,0.5817,2.69,2.05,baja,baja
90,51,Av. Tomas Marsano,0.5899,2.03,1.39,media,baja
90,174,Av. Caminos del Inca,0.6393,2.66,2.09,alta,baja
90,1272,Av. Salaverry,0.6618,2.58,2.17,alta,baja
91,192,Av. El Derby,0.3202,2.72,0.94,alta,baja
91,698,Av. Brasil,0.3215,1.37,1.45,media,baja
91,1023,Av. Primavera,0.3921,1.97,1.1,baja,baja
91,1045,Av. Tomas Marsano,0.4273,2.79,0.83,baja,baja
91,882,Av. Benavides,0.4962,2.07,0.91,alta,baja
91,226,Av. Angamos,0.7447,2.65,2.35,media,baja
92,713,Av. La Encalada,0.403,3.14,1.29,baja,alta
92,345,Av. Aviacion,0.4781,3.32,1.58,media,alta
92,1188,Av. La Marina,0.5584,3.88,1.27,media,alta
92,1475,Av. Tomas Marsano,0.7097,3.92,2.32,alta,alta
92,466,Av. Larco,0.7686,3.88,2.03,alta,alta
92,159,Av. Tomas Marsano,0.7897,4.73,1.64,media,alta
93,1036,Av. Benavides,0.5188,1.95,1.34,alta,baja
93,237,Av. La Marina,0.5796,2.62,1.5,baja,baja
93,545,Av. Caminos del Inca,0.6458,3.19,1.34,media,baja
93,373,Av. Javier Prado,0.7266,3.21,1.61,alta,baja
93,1137,Av. Salaverry,0.7501,3.22,1.75,media,baja
93,922,Av. Universitaria,0.7527,2.81,2.33,media,baja
94,256,Av. Santa Cruz,0.422,2.27,1.53,baja,media
94,163,Av. Brasil,0.568,3.5,1.78,baja,media
94,1335,Av. La Encalada,0.6384,2.91,1.8,alta,media
94,1118,Av. Colonial,0.7111,3.42,1.58,baja,media
94,49,Av. Universitaria,0.7137,3.6,1.21,alta,media
94,398,Av. Larco,0.7296,3.69,1.66,baja,media
95,22,Av. Aviacion,0.3991,1.69,1.42,media,baja
95,1195,Av. Arequipa,0.4702,2.17,1.07,media,baja
95,630,Av. Benavides,0.4932,2.05,1.15,media,baja
95,577,Av. Colonial,0.5919,2.41,1.77,baja,baja
95,142,Av. Universitaria,0.6312,3.02,1.42,baja,baja
95,148,Av. Universitaria,0.7745,2.49,2.23,media,baja
96,936,Av. Javier Prado,0.3804,1.29,1.83,baja,baja
96,259,Av. Colonial,0.4691,1.98,1.37,alta,baja
96,1395,Av. Primavera,0.5507,2.03,1.1,alta,baja
96,785,Av. Javier Prado,0.7347,3.63,1.6,baja,baja
96,992,Av. Primavera,0.8372,3.28,2.14,media,baja
96,1102,Av. Primavera,0.982,2.62,2.52,alta,baja
97,1388,Av. Petit Thouars,0.4217,2.7,1.74,media,baja
97,90,Av. Angamos,0.5817,2.0,1.17,media,baja
97,1244,Av. 28 de Julio,0.6256,3.19,1.94,media,baja
97,57,Av. 28 de Julio,0.6802,2.42,1.44,alta,baja
97,341,Av. Primavera,0.8065,2.63,2.42,alta,baja
97,51,Av. Petit Thouars,0.8085,3.43,1.54,alta,baja
98,156,Av. Larco,0.146,1.26,0.9,alta,media
98,985,Av. Colonial,0.2372,2.44,1.23,media,media
98,131,Av. Brasil,0.3795,1.99,1.39,baja,media
98,554,Av. Universitaria,0.5943,2.23,1.59,alta,media
98,1349,Av. Larco,0.6088,3.17,1.92,baja,media
98,368,Av. Arequipa,0.6816,3.18,1.81,alta,media
99,402,Av. La Encalada,0.218,2.39,1.62,media,media
99,932,Av. Benavides,0.2446,1.75,0.94,baja,media
99,1341,Av. Larco,0.2649,1.75,0.66,media,media
99,727,Av. Benavides,0.3194,2.63,1.53,media,media
99,238,Av. Benavides,0.3203,1.71,1.1,alta,media
99,124,Av. El Derby,0.3577,2.14,1.45,baja,media
100,1456,Av. Petit Thouars,0.3164,1.87,0.85,alta,baja
100,537,Av. Angamos,0.3622,1.86,1.46,alta,baja
100,506,Av. Larco,0.4009,2.13,1.45,media,baja
100,779,Av. Larco,0.5108,2.66,1.22,baja,baja
100,1365,Av. Benavides,0.6294,2.6,1.16,media,baja
100,457,Av. Universitaria,0.7682,2.71,2.21,media,baja
101,117,Av. Arequipa,0.8336,3.24,1.5,alta,baja
101,1454,Av. Caminos del Inca,0.8575,2.9,2.33,alta,baja
101,438,Av. Arequipa,0.9612,3.31,2.22,alta,baja
101,639,Av. Tomas Marsano,1.378,3.48,3.08,baja,baja
101,332,Av. Benavides,1.424,5.2,2.87,media,baja
101,856,Av. 28 de Julio,1.7919,4.65,3.18,baja,baja
102,1199,Av. Tomas Marsano,0.3148,2.18,0.74,alta,media
102,670,Av. Arequipa,0.3372,1.91,1.21,baja,media
102,1360,Av. Angamos,0.4889,2.53,1.89,baja,media
102,123,Av. Colonial,0.51,2.93,1.13,baja,media
102,446,Av. Colonial,0.5195,2.89,0.97,media,media
102,1342,Av. Larco,0.5387,2.4,1.91,baja,media
103,890,Av. Salaverry,0.0205,0.88,0.39,baja,baja
103,1304,Av. La Encalada,0.2132,2.11,1.63,baja,baja
103,1264,Av. Universitaria,0.2603,1.73,1.68,baja,baja
103,1077,Av. La Encalada,0.3614,1.7,1.85,alta,baja
103,361,Av. Colonial,0.6605,3.0,1.13,baja,baja
103,965,Av. Tomas Marsano,0.6973,2.34,1.28,media,baja
104,1379,Av. Larco,0.2202,1.82,1.03,alta,baja
104,39,Av. Colonial,0.7493,3.28,2.31,media,baja
104,1467,Av. Petit Thouars,0.8903,3.03,1.37,alta,baja
104,717,Av. Benavides,0.9154,3.17,1.47,baja,baja
104,1176,Av. Caminos del Inca,0.976,3.01,1.68,alta,baja
104,517,Av. Colonial,1.0055,3.18,1.63,baja,baja
105,1355,Av. Petit Thouars,0.373,3.3,1.69,media,muy_alta
105,646,Av. La Encalada,0.4507,3.57,0.99,media,muy_alta
105,1315,Av. El Derby,0.4556,3.62,2.02,media,muy_alta
105,448,Av. Larco,0.5643,3.51,1.25,baja,muy_alta
105,255,Av. Larco,0.7217,4.79,1.9,alta,muy_alta
105,299,Av. Petit Thouars,0.7481,5.19,1.31,alta,muy_alta
106,1090,Av. Petit Thouars,0.2437,2.17,0.85,baja,baja
106,437,Av. Benavides,0.3422,2.67,1.5,baja,baja
106,549,Av. Aviacion,0.4832,1.82,1.89,alta,baja
106,173,Av. Javier Prado,0.7536,2.3,1.85,baja,baja
106,451,Av. El Derby,0.7736,3.69,1.92,baja,baja
106,1168,Av. Primavera,0.8457,2.88,2.18,media,baja
107,1417,Av. Petit Thouars,0.2235,2.02,1.13,media,baja
107,940,Av. La Marina,0.3069,2.06,1.65,baja,baja
107,1482,Av. Arequipa,0.4177,1.87,1.12,media,baja
107,1346,Av. Santa Cruz,0.6045,2.98,1.84,baja,baja
107,598,Av. Primavera,0.7389,2.53,2.01,media,baja
107,313,Av. Larco,0.7422,3.08,1.94,media,baja
108,869,Av. 28 de Julio,0.3332,1.69,1.04,baja,baja
108,1246,Av. Benavides,0.6608,3.22,2.13,baja,baja
108,248,Av. Arequipa,0.7084,1.96,1.94,baja,baja
108,1406,Av. Larco,0.8149,2.64,2.03,media,baja
108,1082,Av. 28 de Julio,0.8546,2.99,1.83,baja,baja
108,74,Av. Angamos,0.8932,3.22,1.53,media,baja
109,1176,Via Expresa,0.7423,3.34,1.98,media,baja
109,969,Av. El Derby,0.8297,3.53,1.7,media,baja
109,1211,Av. Angamos,0.9652,3.76,2.49,baja,baja
109,1495,Av. 28 de Julio,0.9769,2.87,1.73,alta,baja
109,1412,Av. 28 de Julio,1.0412,4.3,1.98,baja,baja
109,982,Av. Primavera,1.0474,3.62,2.6,baja,baja
110,1055,Av. Santa Cruz,0.3073,1.42,1.04,baja,baja
110,855,Av. Caminos del Inca,0.4319,1.82,1.86,baja,baja
110,846,Av. Colonial,0.472,1.55,1.86,baja,baja
110,377,Av. La Encalada,0.5684,1.77,2.01,alta,baja
110,1487,Av. Javier Prado,0.7846,2.65,1.47,baja,baja
110,67,Via Expresa,0.866,3.29,1.71,baja,baja
111,448,Av. Petit Thouars,0.3137,2.47,0.8,alta,muy_alta
111,275,Via Expresa,0.3879,3.84,1.27,media,muy_alta
111,753,Av. Aviacion,0.5048,4.14,1.03,baja,muy_alta
111,255,Av. Brasil,0.5164,4.06,0.93,baja,muy_alta
111,397,Av. Salaverry,0.6372,3.72,1.64,media,muy_alta
111,970,Av. Angamos,0.6719,5.26,1.54,baja,muy_alta
112,753,Av. Aviacion,0.3016,3.06,1.56,media,muy_alta
112,255,Av. La Encalada,0.3168,3.38,0.74,alta,muy_alta
112,956,Av. Brasil,0.4794,3.98,1.43,media,muy_alta
112,970,Av. Santa Cruz,0.5026,3.3,1.02,alta,muy_alta
112,917,Av. Petit Thouars,0.5109,4.33,2.06,baja,muy_alta
112,275,Av. Arequipa,0.5158,4.68,1.49,media,muy_alta
113,830,Av. La Marina,0.7583,2.76,2.28,baja,baja
113,533,Av. Aviacion,0.8532,3.52,1.88,media,baja
113,665,Av. Aviacion,0.8749,3.1,2.44,baja,baja
113,587,Av. Benavides,0.9823,3.71,1.51,baja,baja
113,840,Av. Tomas Marsano,0.9865,4.33,2.01,media,baja
113,291,Av. Angamos,1.2475,3.73,1.91,baja,baja
114,1065,Av. Tomas Marsano,0.1426,1.01,0.52,baja,baja
114,242,Av. Brasil,0.1638,2.19,0.59,media,baja
114,944,Av. Javier Prado,0.195,1.32,1.03,media,baja
114,474,Av. Petit Thouars,0.5644,2.98,1.57,media,baja
114,541,Av. Petit Thouars,0.6448,2.79,2.17,media,baja
114,922,Av. Larco,0.7135,2.8,2.22,baja,baja
115,801,Av. Colonial,0.2777,2.27,1.4,baja,alta
115,700,Av. Benavides,0.3594,2.21,1.09,baja,alta
115,67,Av. Angamos,0.5694,3.05,1.2,media,alta
115,1243,Av. La Marina,0.6195,3.55,1.44,alta,alta
115,570,Av. 28 de Julio,0.6217,3.4,2.08,baja,alta
115,1009,Av. Primavera,0.6367,3.17,1.19,alta,alta
116,389,Av. Brasil,0.3614,1.59,1.68,baja,baja
116,1159,Av. Larco,0.5361,2.84,1.5,baja,baja
116,1294,Av. Benavides,0.6055,2.63,2.22,baja,baja
116,1270,Av. Salaverry,0.7359,3.64,2.34,media,baja
116,1201,Av. Universitaria,0.7547,3.68,1.99,baja,baja
116,1189,Av. La Marina,0.813,3.28,1.99,media,baja
117,1454,Av. Brasil,0.1936,1.52,1.19,media,baja
117,639,Av. Petit Thouars,0.6813,3.03,1.81,baja,baja
117,101,Av. La Marina,0.8336,2.68,2.18,alta,baja
117,1414,Av. La Marina,1.0146,3.43,1.68,media,baja
117,332,Av. Caminos del Inca,1.0616,4.35,2.62,baja,baja
117,438,Av. Angamos,1.2412,3.77,1.99,media,baja
118,1353,Av. Colonial,0.681,3.34,1.17,baja,baja
118,809,Via Expresa,0.714,3.59,1.98,media,baja
118,609,Av. La Encalada,0.745,3.11,1.94,alta,baja
118,1436,Av. Tomas Marsano,0.8836,2.62,1.68,alta,baja
118,610,Av. Universitaria,0.927,3.58,2.14,baja,baja
118,1448,Av. Angamos,0.9421,2.73,2.18,baja,baja
119,789,Via Expresa,0.093,2.02,0.44,media,media
119,896,Av. Primavera,0.2082,1.64,1.1,baja,media
119,1184,Via Expresa,0.2251,1.69,1.56,media,media
119,1308,Av. Angamos,0.3242,1.59,1.08,alta,media
119,835,Av. Aviacion,0.375,2.36,1.1,media,media
119,1278,Av. Larco,0.4451,2.2,1.71,baja,media
120,582,Av. El Derby,0.2069,1.7,1.61,baja,media
120,735,Av. La Encalada,0.2948,1.93,1.36,alta,media
120,167,Av. Brasil,0.321,2.87,1.75,media,media
120,740,Av. Universitaria,0.3862,2.44,1.75,baja,media
120,888,Av. Colonial,0.3881,2.26,1.18,alta,media
120,444,Av. Tomas Marsano,0.4079,2.69,0.94,alta,media
121,615,Av. Colonial,0.2224,3.01,0.86,media,muy_alta
121,751,Av. Colonial,0.317,3.59,0.9,media,muy_alta
121,571,Av. 28 de Julio,0.3232,3.4,0.92,alta,muy_alta
121,276,Av. Petit Thouars,0.3611,3.41,1.5,baja,muy_alta
121,224,Av. Caminos del Inca,0.4255,4.06,0.92,media,muy_alta
121,1296,Av. Colonial,0.4746,4.22,1.76,alta,muy_alta
122,465,Av. La Marina,0.2648,2.58,0.89,baja,media
122,632,Av. Brasil,0.2661,2.1,0.89,baja,media
122,833,Av. Petit Thouars,0.3178,2.72,0.85,alta,media
122,152,Av. Caminos del Inca,0.3828,3.08,1.32,alta,media
122,180,Av. Arequipa,0.3883,2.52,1.42,baja,media
122,1342,Av. Arequipa,0.458,2.86,0.96,media,media
123,670,Av. Salaverry,0.176,2.79,1.04,media,muy_alta
123,704,Av. Larco,0.2412,2.93,1.78,media,muy_alta
123,1251,Av. Caminos del Inca,0.3014,2.52,1.42,media,muy_alta
123,564,Av. La Encalada,0.3697,2.37,1.3,alta,muy_alta
123,1174,Av. Javier Prado,0.4219,2.94,1.81,media,muy_alta
123,446,Av. Brasil,0.428,3.7,1.79,media,muy_alta
124,238,Av. Javier Prado,0.0717,1.85,0.69,alta,media
124,535,Av. Brasil,0.1977,1.43,1.32,alta,media
124,1341,Av. El Derby,0.2925,1.48,1.07,alta,media
124,1047,Av. Primavera,0.2977,1.92,0.84,alta,media
124,143,Via Expresa,0.3549,1.74,0.8,alta,media
124,99,Via Expresa,0.3577,2.63,1.25,media,media
125,567,Av. Primavera,0.5367,2.37,1.02,media,baja
125,202,Av. Caminos del Inca,0.6101,2.05,1.62,media,baja
125,208,Av. Petit Thouars,0.6143,2.67,1.87,baja,baja
125,1217,Av. Caminos del Inca,0.7891,2.38,1.53,alta,baja
125,1204,Av. Aviacion,0.8091,2.74,2.26,alta,baja
125,1043,Av. Tomas Marsano,1.047,3.48,2.56,alta,baja
126,431,Av. Santa Cruz,0.1897,2.19,1.18,alta,media
126,1160,Av. Colonial,0.427,2.96,1.38,alta,media
126,935,Av. Caminos del Inca,0.5368,3.27,0.95,baja,media
126,509,Av. Universitaria,0.6063,2.85,1.76,alta,media
126,1113,Av. Benavides,0.7129,2.52,1.66,media,media
126,418,Av. Brasil,0.7217,3.47,1.72,alta,media
127,605,Av. Aviacion,0.0432,0.62,1.45,media,media
127,304,Av. Javier Prado,0.2124,2.5,0.97,alta,media
127,501,Av. Aviacion,0.2166,1.87,0.81,baja,media
127,871,Av. Javier Prado,0.2855,1.41,1.33,media,media
127,1044,Av. Brasil,0.5194,2.93,1.93,media,media
127,1021,Av. Tomas Marsano,0.6178,2.77,1.84,baja,media
128,710,Av. Caminos del Inca,0.6287,2.97,1.43,media,baja
128,739,Av. El Derby,0.6621,2.31,1.57,baja,baja
128,1485,Via Expresa,0.6787,3.57,2.3,baja,baja
128,365,Via Expresa,0.6854,3.03,1.17,media,baja
128,1479,Av. Colonial,0.7662,3.22,1.67,alta,baja
128,384,Av. El Derby,0.7866,3.46,1.85,alta,baja
129,1093,Av. Salaverry,0.3974,3.17,1.48,baja,alta
129,908,Via Expresa,0.4301,2.23,1.19,baja,alta
129,1172,Av. Arequipa,0.5543,3.65,2.15,alta,alta
129,158,Via Expresa,0.8126,3.99,1.64,alta,alta
129,898,Av. Larco,0.9175,4.46,2.13,baja,alta
129,310,Av. Tomas Marsano,1.049,5.13,2.18,baja,alta
130,264,Av. Universitaria,0.3916,2.31,1.17,baja,baja
130,191,Av. La Marina,0.5796,2.19,1.98,alta,baja
130,428,Av. La Marina,0.5928,2.62,1.98,media,baja
130,1293,Via Expresa,0.6376,2.51,1.64,baja,baja
130,1023,Av. 28 de Julio,0.755,2.79,2.37,baja,baja
130,1470,Av. Petit Thouars,0.8087,3.21,1.84,baja,baja
131,156,Av. Arequipa,0.2699,1.74,1.43,alta,media
131,98,Av. La Marina,0.3795,2.15,1.25,baja,media
131,1002,Av. Aviacion,0.5088,2.37,1.47,media,media
131,1323,Av. Larco,0.5385,2.28,1.65,alta,media
131,985,Av. Tomas Marsano,0.5534,2.03,1.54,alta,media
131,312,Av. Caminos del Inca,0.5918,2.69,1.56,media,media
132,10,Av. Aviacion,0.1134,1.93,0.82,alta,media
132,595,Av. Salaverry,0.2203,2.07,1.29,media,media
132,420,Av. Aviacion,0.2703,1.79,0.89,media,media
132,201,Av. Javier Prado,0.4367,2.27,1.48,alta,media
132,239,Av. Brasil,0.6101,3.12,1.54,alta,media
132,653,Av. Salaverry,0.6486,3.32,2.15,alta,media
133,631,Av. Colonial,0.0119,1.03,1.47,media,baja
133,452,Av. Angamos,0.234,1.54,1.19,media,baja
133,160,Av. Caminos del Inca,0.2428,1.4,1.39,media,baja
133,508,Av. Primavera,0.2498,2.03,0.86,alta,baja
133,540,Av. Primavera,0.2752,1.82,1.06,media,baja
133,1465,Av. 28 de Julio,0.3759,2.56,1.33,baja,baja
134,338,Av. La Marina,0.1676,2.32,1.24,alta,media
134,420,Av. 28 de Julio,0.671,3.25,1.99,baja,media
134,10,Av. Tomas Marsano,0.672,3.82,1.57,baja,media
134,595,Av. Arequipa,0.71,2.84,2.28,media,media
134,491,Av. Tomas Marsano,0.7609,3.51,1.53,alta,media
134,132,Av. Javier Prado,0.7848,3.42,2.38,alta,media
135,1011,Av. Angamos,0.3928,2.53,1.53,alta,alta
135,961,Av. Javier Prado,0.4678,3.37,1.02,media,alta
135,4,Av. Angamos,0.4881,2.53,1.35,baja,alta
135,1418,Av. 28 de Julio,0.5402,4.08,1.28,media,alta
135,1318,Av. Colonial,0.7003,3.97,2.21,baja,alta
135,707,Av. Petit Thouars,0.7109,5.01,1.58,alta,alta
136,1169,Av. Javier Prado,0.9048,4.15,2.08,baja,media
136,98,Av. La Encalada,0.9713,4.29,1.86,baja,media
136,156,Av. Tomas Marsano,0.9731,4.13,1.56,alta,media
136,554,Av. Universitaria,0.9847,3.7,1.9,media,media
136,1201,Av. Petit Thouars,1.0551,4.55,2.66,media,media
136,1189,Av. Caminos del Inca,1.0574,4.16,1.65,alta,media
137,1005,Av. 28 de Julio,0.072,0.71,0.94,alta,baja
137,831,Av. Petit Thouars,0.4346,2.76,1.51,media,baja
137,46,Av. Petit Thouars,0.5837,3.29,1.55,media,baja
137,1438,Av. 28 de Julio,0.834,3.36,1.76,alta,baja
137,986,Av. Colonial,0.8844,3.65,1.53,media,baja
137,16,Av. Caminos del Inca,0.9028,4.0,2.05,alta,baja
138,200,Av. La Marina,0.4023,1.89,1.86,media,baja
138,1483,Av. Petit Thouars,0.4292,2.45,1.76,baja,baja
138,681,Av. 28 de Julio,0.6612,2.53,1.3,baja,baja
138,1299,Av. La Encalada,1.0899,2.63,2.17,alta,baja
138,1032,Av. Angamos,1.1254,3.83,2.17,media,baja
138,1146,Av. Primavera,1.1382,3.09,2.22,media,baja
139,65,Av. Benavides,0.1605,1.39,1.61,alta,media
139,1205,Av. Universitaria,0.2955,1.94,1.73,alta,media
139,701,Av. Benavides,0.3583,1.94,0.9,alta,media
139,1383,Av. Petit Thouars,0.4182,3.16,1.6,baja,media
139,76,Av. La Marina,0.4881,2.69,1.13,media,media
139,1017,Av. 28 de Julio,0.5411,2.58,1.75,alta,media
140,1284,Av. Colonial,0.1778,1.97,1.02,media,baja
140,1331,Av. Benavides,0.3654,2.62,1.16,media,baja
140,1325,Av. Arequipa,0.5038,2.47,1.58,alta,baja
140,433,Via Expresa,0.5586,1.77,1.92,media,baja
140,1154,Av. Javier Prado,0.5964,2.44,1.75,baja,baja
140,179,Av. Arequipa,0.7529,3.01,1.25,media,baja
141,261,Av. 28 de Julio,0.4842,2.01,1.8,media,baja
141,853,Av. Tomas Marsano,0.6624,2.7,1.78,media,baja
141,1399,Av. El Derby,0.7141,2.08,2.16,media,baja
141,807,Av. 28 de Julio,0.7232,3.05,1.43,baja,baja
141,1346,Av. Universitaria,1.2526,3.03,2.64,alta,baja
141,157,Av. Brasil,1.3721,4.12,2.24,media,baja
142,577,Av. Colonial,0.1749,1.13,1.39,media,baja
142,630,Av. La Marina,0.2486,1.62,1.74,baja,baja
142,190,Av. Arequipa,0.3734,1.36,1.33,alta,baja
142,907,Av. Brasil,0.4222,1.74,1.41,media,baja
142,1403,Av. El Derby,0.4248,1.69,1.78,baja,baja
142,36,Av. Aviacion,0.511,2.57,1.76,baja,baja
143,1341,Av. Brasil,0.1225,1.41,1.3,baja,media
143,535,Av. Angamos,0.1647,1.63,0.97,alta,media
143,932,Av. Universitaria,0.2264,1.29,1.11,alta,media
143,979,Av. Universitaria,0.2382,2.06,0.63,alta,media
143,124,Av. Santa Cruz,0.3549,2.16,0.73,alta,media
143,99,Av. Salaverry,0.3861,2.16,1.39,media,media
144,1163,Av. Larco,0.6747,2.94,2.23,alta,baja
144,597,Av. Javier Prado,0.9399,2.73,1.66,media,baja
144,1180,Av. Universitaria,1.0144,3.88,1.68,media,baja
144,996,Av. Colonial,1.1327,3.95,2.17,alta,baja
144,300,Av. 28 de Julio,1.1533,3.39,2.42,alta,baja
144,346,Via Expresa,1.1638,3.49,2.55,media,baja
145,306,Via Expresa,0.1018,1.13,0.76,media,media
145,971,Av. Arequipa,0.1625,1.46,1.48,alta,media
145,459,Av. 28 de Julio,0.2598,2.38,1.59,media,media
145,1324,Av. Caminos del Inca,0.3264,2.44,1.42,alta,media
145,396,Av. 28 de Julio,0.4048,2.17,0.93,media,media
145,663,Av. Salaverry,0.4068,2.36,1.32,alta,media
146,1221,Av. Benavides,0.1199,0.83,1.52,alta,baja
146,815,Via Expresa,0.6808,3.56,1.94,baja,baja
146,795,Av. Caminos del Inca,0.7032,2.9,1.68,alta,baja
146,209,Av. Universitaria,0.8505,3.25,1.63,baja,baja
146,37,Av. Salaverry,0.9319,3.38,1.98,media,baja
146,927,Av. El Derby,1.2774,3.56,2.38,media,baja
147,1236,Av. Tomas Marsano,0.3975,1.8,1.29,alta,baja
147,1460,Av. 28 de Julio,0.4532,1.78,1.22,baja,baja
147,1043,Av. Santa Cruz,0.6971,3.22,1.78,media,baja
147,371,Av. Santa Cruz,0.7108,3.54,1.91,alta,baja
147,699,Av. Colonial,0.8829,3.5,2.29,media,baja
147,390,Av. La Marina,0.9895,3.37,1.96,alta,baja
148,583,Av. Tomas Marsano,0.4948,1.68,1.91,media,baja
148,36,Via Expresa,0.5017,2.8,1.59,baja,baja
148,1497,Av. Santa Cruz,0.5233,2.14,1.83,baja,baja
148,630,Av. Primavera,0.544,3.1,1.4,baja,baja
148,353,Av. Javier Prado,0.6186,2.38,2.15,media,baja
148,44,Av. La Marina,0.6907,2.29,1.37,media,baja
149,257,Av. 28 de Julio,0.1297,1.18,0.96,alta,alta
149,544,Via Expresa,0.2151,1.44,0.7,baja,alta
149,1010,Av. Larco,0.3449,2.54,1.5,media,alta
149,843,Av. Brasil,0.4098,3.21,1.59,alta,alta
149,803,Av. Santa Cruz,0.4269,3.45,1.26,media,alta
149,569,Av. La Encalada,0.4818,2.96,1.76,baja,alta
150,860,Av. Brasil,0.353,1.73,1.27,media,media
150,984,Av. Santa Cruz,0.366,2.34,1.75,alta,media
150,651,Av. Javier Prado,0.5023,2.94,1.39,baja,media
150,1067,Av. Universitaria,0.5194,2.95,1.01,baja,media
150,1490,Av. Tomas Marsano,0.5408,3.38,1.16,alta,media
150,680,Av. Salaverry,0.5588,3.14,1.55,media,media
151,697,Av. Angamos,0.1064,2.0,0.51,alta,media
151,368,Av. Colonial,0.1411,1.6,0.87,baja,media
151,205,Av. Benavides,0.1851,2.37,1.32,baja,media
151,1002,Av. La Marina,0.3508,2.95,1.4,baja,media
151,1323,Av. Primavera,0.4847,3.25,2.06,alta,media
151,1370,Av. Salaverry,0.4994,3.09,1.26,media,media
152,180,Av. La Encalada,0.0556,1.1,1.08,media,muy_alta
152,1212,Av. Santa Cruz,0.1211,2.07,0.6,baja,muy_alta
152,632,Av. Javier Prado,0.1443,2.32,1.12,baja,muy_alta
152,1110,Av. La Encalada,0.2946,2.27,1.57,baja,muy_alta
152,122,Av. Aviacion,0.3828,3.31,1.05,baja,muy_alta
152,616,Av. Brasil,0.4443,4.48,1.74,media,muy_alta
153,410,Av. Benavides,0.734,5.06,1.43,media,muy_alta
153,551,Av. Javier Prado,0.8123,5.63,1.66,baja,muy_alta
153,664,Av. Salaverry,1.0122,5.7,2.55,alta,muy_alta
153,0,Av. El Derby,1.0805,7.49,1.92,baja,muy_alta
153,158,Av. La Marina,1.0977,6.9,2.01,media,muy_alta
153,863,Av. Benavides,1.1232,7.23,2.44,alta,muy_alta
154,207,Av. Brasil,0.0983,1.59,1.57,media,baja
154,770,Av. Tomas Marsano,0.6552,2.16,1.13,baja,baja
154,1378,Av. Colonial,0.7825,3.05,1.37,media,baja
154,505,Av. Colonial,0.8832,3.04,2.43,media,baja
154,1452,Av. Tomas Marsano,1.0233,2.95,2.06,baja,baja
154,1085,Av. Primavera,1.0353,3.5,2.38,baja,baja
155,1309,Av. Salaverry,0.2393,1.59,1.33,alta,baja
155,436,Av. 28 de Julio,0.2725,2.04,0.76,alta,baja
155,301,Av. Caminos del Inca,0.3024,1.85,1.48,alta,baja
155,294,Av. Brasil,0.3053,1.57,1.17,media,baja
155,66,Av. Larco,0.3268,1.6,1.35,alta,baja
155,883,Av. Salaverry,0.3737,2.74,1.14,alta,baja
156,98,Av. Caminos del Inca,0.146,1.7,0.6,media,media
156,131,Via Expresa,0.2699,2.21,1.37,baja,media
156,985,Av. Angamos,0.3775,2.47,1.36,baja,media
156,1169,Av. Universitaria,0.6689,3.08,1.45,alta,media
156,312,Av. Angamos,0.6814,2.35,1.86,baja,media
156,368,Av. Larco,0.7086,3.08,1.42,media,media
157,587,Av. Javier Prado,0.5123,2.31,1.95,alta,baja
157,1399,Av. Santa Cruz,0.6921,3.19,1.84,baja,baja
157,261,Av. Santa Cruz,0.8896,3.38,1.89,alta,baja
157,533,Av. Santa Cruz,1.1724,3.9,1.71,baja,baja
157,853,Av. Tomas Marsano,1.2035,4.64,2.37,baja,baja
157,113,Av. Benavides,1.2678,3.92,2.19,alta,baja
158,908,Av. Arequipa,0.4175,3.8,1.64,alta,muy_alta
158,310,Av. Brasil,0.4526,3.48,1.33,media,muy_alta
158,129,Av. Caminos del Inca,0.8126,5.0,1.8,alta,muy_alta
158,1462,Av. El Derby,0.8283,5.85,1.75,baja,muy_alta
158,410,Av. Primavera,0.9254,5.8,2.13,baja,muy_alta
158,0,Av. La Encalada,1.0406,6.47,2.66,media,muy_alta
159,1188,Av. Petit Thouars,0.2579,1.88,1.69,baja,baja
159,466,Av. Petit Thouars,0.4306,1.77,1.56,media,baja
159,1277,Av. Salaverry,0.6443,2.77,1.53,alta,baja
159,92,Av. Caminos del Inca,0.7897,2.39,1.8,alta,baja
159,1011,Av. Primavera,0.8024,2.92,1.32,alta,baja
159,4,Av. Primavera,0.9011,3.5,1.45,baja,baja
160,508,Av. Javier Prado,0.011,1.58,0.8,alta,baja
160,540,Av. La Encalada,0.0886,0.98,1.44,baja,baja
160,631,Av. La Marina,0.2421,2.3,1.49,media,baja
160,133,Av. Caminos del Inca,0.2428,1.47,1.66,media,baja
160,452,Av. El Derby,0.2922,2.2,0.76,baja,baja
160,194,Av. Petit Thouars,0.4454,2.81,1.84,baja,baja
161,232,Av. La Marina,0.4226,2.47,1.22,alta,media
161,1351,Av. Caminos del Inca,0.5217,2.31,1.18,baja,media
161,445,Av. Angamos,0.6359,3.12,2.23,alta,media
161,1445,Av. Benavides,0.7622,3.82,1.35,baja,media
161,77,Av. Primavera,0.7763,3.68,1.99,baja,media
161,281,Av. Caminos del Inca,0.7992,2.71,1.52,media,media
162,45,Av. Aviacion,0.1539,1.12,1.68,media,media
162,864,Av. Arequipa,0.2796,2.79,1.11,media,media
162,1392,Av. La Marina,0.4155,2.88,1.5,alta,media
162,415,Av. Santa Cruz,0.4346,2.26,1.1,alta,media
162,637,Av. Angamos,0.4774,3.02,1.63,baja,media
162,1366,Av. Tomas Marsano,0.5274,3.16,1.85,alta,media
163,1127,Av. Petit Thouars,0.3195,2.16,0.9,baja,media
163,1450,Av. La Marina,0.4184,2.6,1.55,alta,media
163,381,Av. Santa Cruz,0.4199,2.1,1.87,media,media
163,256,Av. Universitaria,0.548,3.13,1.31,alta,media
163,94,Av. Universitaria,0.568,3.08,1.21,alta,media
163,1441,Av. 28 de Julio,0.7248,3.36,1.62,media,media
164,330,Av. La Encalada,0.4657,2.08,0.91,alta,baja
164,57,Av. Tomas Marsano,0.5524,1.76,1.8,media,baja
164,1388,Av. Javier Prado,0.7324,2.32,2.21,baja,baja
164,51,Av. El Derby,0.7852,3.58,2.18,media,baja
164,667,Av. Colonial,1.0789,3.95,1.9,media,baja
164,97,Av. Tomas Marsano,1.154,4.11,2.55,alta,baja
165,446,Av. Javier Prado,0.1171,1.23,0.97,baja,muy_alta
165,564,Av. Aviacion,0.1914,1.84,1.68,media,muy_alta
165,709,Av. Colonial,0.2082,2.75,0.67,alta,muy_alta
165,932,Av. Universitaria,0.4374,3.81,0.93,alta,muy_alta
165,670,Av. Santa Cruz,0.4692,3.73,1.0,media,muy_alta
165,1274,Av. Aviacion,0.4709,3.36,1.1,baja,muy_alta
166,747,Av. El Derby,0.2168,1.62,0.63,baja,alta
166,771,Av. Tomas Marsano,0.3535,2.97,1.14,media,alta
166,263,Av. Javier Prado,0.3587,2.67,1.62,media,alta
166,293,Av. Santa Cruz,0.3661,3.53,0.77,alta,alta
166,737,Av. Arequipa,0.3789,3.06,1.72,media,alta
166,1208,Via Expresa,0.4165,2.56,0.99,baja,alta
167,582,Av. Larco,0.1257,1.69,1.4,baja,media
167,1041,Av. Tomas Marsano,0.1966,2.25,0.57,alta,media
167,740,Av. Primavera,0.2299,2.52,1.34,alta,media
167,120,Av. Javier Prado,0.321,2.36,0.82,alta,media
167,661,Av. Primavera,0.34,1.97,1.63,alta,media
167,888,Av. Aviacion,0.3714,2.79,1.28,media,media
168,948,Av. Larco,0.2631,2.53,1.15,baja,alta
168,30,Av. Tomas Marsano,0.3137,2.38,0.82,media,alta
168,620,Av. 28 de Julio,0.4666,3.47,1.81,media,alta
168,269,Av. Aviacion,0.5768,3.99,1.77,baja,alta
168,1419,Av. La Marina,0.7203,3.42,1.52,media,alta
168,836,Av. Salaverry,1.21,6.16,2.48,media,alta
169,584,Via Expresa,0.1631,1.92,1.14,baja,baja
169,947,Av. Angamos,0.2828,1.97,1.65,alta,baja
169,1458,Av. Arequipa,0.4089,2.95,1.18,baja,baja
169,683,Av. Larco,0.4759,2.76,1.86,media,baja
169,1194,Av. La Marina,0.5111,2.63,1.32,baja,baja
169,1227,Av. Larco,0.5615,2.35,2.1,alta,baja
170,715,Av. Aviacion,0.3677,2.77,1.05,media,media
170,1345,Av. Angamos,0.6174,2.75,1.12,alta,media
170,1480,Av. Colonial,0.6524,2.79,2.27,media,media
170,182,Av. Larco,0.7143,4.04,2.05,alta,media
170,784,Av. Brasil,0.9017,3.36,2.38,baja,media
170,845,Av. Javier Prado,0.9097,3.48,1.91,baja,media
171,1455,Av. Benavides,0.3187,1.78,1.49,alta,baja
171,617,Av. Tomas Marsano,0.4174,2.3,0.84,media,baja
171,745,Av. Petit Thouars,0.5124,2.19,1.15,baja,baja
171,252,Av. El Derby,0.5237,2.06,1.81,baja,baja
171,1223,Av. Universitaria,0.6524,3.32,1.8,alta,baja
171,762,Av. Javier Prado,0.8307,2.71,2.28,alta,baja
172,995,Av. Tomas Marsano,0.0832,1.68,1.49,alta,baja
172,1068,Av. Caminos del Inca,0.4223,2.06,0.9,baja,baja
172,534,Av. Santa Cruz,0.4481,2.91,1.83,media,baja
172,1298,Av. Javier Prado,0.4623,2.43,0.87,baja,baja
172,243,Av. Salaverry,0.5625,2.28,2.13,alta,baja
172,655,Av. Primavera,0.6615,3.23,2.27,media,baja
173,451,Av. Colonial,0.1029,0.97,0.62,media,baja
173,1168,Av. Petit Thouars,0.2129,2.26,1.1,alta,baja
173,437,Av. Colonial,0.4753,1.91,1.97,media,baja
173,730,Av. Aviacion,0.7047,3.31,1.99,alta,baja
173,549,Av. Caminos del Inca,0.7472,2.21,1.35,media,baja
173,106,Av. Arequipa,0.7536,3.48,2.0,alta,baja
174,341,Av. Salaverry,0.3502,2.47,1.17,baja,baja
174,51,Av. Salaverry,0.5601,2.39,1.87,baja,baja
174,90,Av. Benavides,0.6393,2.11,2.24,alta,baja
174,839,Av. Javier Prado,0.7041,2.47,1.86,media,baja
174,330,Av. Caminos del Inca,0.859,3.5,2.35,alta,baja
174,1261,Av. Javier Prado,0.8633,3.97,1.82,media,baja
175,1263,Av. El Derby,0.189,0.93,1.44,media,baja
175,366,Av. Tomas Marsano,0.7185,2.13,1.84,alta,baja
175,443,Av. Larco,0.9609,3.07,2.32,media,baja
175,72,Av. Larco,1.0436,3.39,2.44,alta,baja
175,409,Av. Angamos,1.0445,3.37,2.51,media,baja
175,625,Av. La Marina,1.1605,4.42,2.87,alta,baja
176,1459,Av. El Derby,0.311,2.03,1.59,media,baja
176,521,Av. La Marina,0.3176,2.06,1.4,baja,baja
176,1253,Av. Arequipa,0.3583,1.67,0.97,media,baja
176,25,Av. Salaverry,0.5723,1.87,1.83,alta,baja
176,417,Av. Benavides,1.0431,3.85,1.8,baja,baja
176,1213,Av. Benavides,1.0926,3.55,1.91,media,baja
177,1140,Av. Universitaria,0.21,1.61,0.75,media,baja
177,1194,Av. Brasil,0.3089,1.77,1.54,alta,baja
177,696,Av. Santa Cruz,0.3188,2.26,1.84,baja,baja
177,821,Av. Santa Cruz,0.3533,2.15,1.4,baja,baja
177,413,Av. Universitaria,0.3606,1.99,1.68,media,baja
177,1227,Via Expresa,0.3667,2.43,1.63,media,baja
178,1311,Av. Santa Cruz,0.3209,1.44,0.78,alta,media
178,504,Av. Petit Thouars,0.4589,2.57,1.44,baja,media
178,1413,Av. Brasil,0.4786,2.48,1.68,alta,media
178,623,Av. La Encalada,0.6048,3.2,1.06,alta,media
178,1101,Av. Primavera,0.6274,2.76,2.21,media,media
178,459,Av. La Encalada,0.6383,3.15,1.89,baja,media
179,1154,Av. Colonial,0.2076,1.7,1.05,alta,baja
179,768,Av. La Encalada,0.4246,2.57,1.1,baja,baja
179,1284,Av. Brasil,0.6238,1.97,1.79,media,baja
179,140,Av. Aviacion,0.7529,2.53,1.77,media,baja
179,1325,Av. Angamos,0.782,2.73,1.84,media,baja
179,236,Av. El Derby,1.1042,3.2,1.83,alta,baja
180,152,Av. Brasil,0.0556,1.84,0.56,media,muy_alta
180,632,Av. Benavides,0.1285,1.71,1.02,baja,muy_alta
180,1212,Av. Colonial,0.1583,1.71,0.7,baja,muy_alta
180,1110,Av. Santa Cruz,0.2505,2.56,1.32,media,muy_alta
180,122,Av. 28 de Julio,0.3883,3.9,1.54,media,muy_alta
180,1111,Av. Brasil,0.4143,2.66,1.47,alta,muy_alta
181,720,Av. Colonial,0.2174,1.24,1.75,alta,baja
181,666,Av. Larco,0.2245,1.12,1.35,alta,baja
181,590,Av. El Derby,0.2514,1.27,1.18,baja,baja
181,994,Av. Caminos del Inca,0.3031,2.58,1.27,media,baja
181,463,Av. Brasil,0.3443,2.53,1.36,media,baja
181,480,Av. Javier Prado,0.3598,2.48,1.53,baja,baja
182,1480,Av. Benavides,0.0771,1.24,1.36,alta,media
182,715,Av. Javier Prado,0.4358,2.12,1.24,alta,media
182,1003,Av. Javier Prado,0.4611,2.56,1.11,alta,media
182,1132,Av. La Encalada,0.5504,2.0,1.38,media,media
182,1230,Av. Aviacion,0.6311,2.96,2.12,alta,media
182,1182,Av. Benavides,0.6324,3.13,1.69,baja,media
183,33,Av. Javier Prado,0.2828,2.03,0.79,alta,baja
183,800,Av. Primavera,0.8062,2.35,1.95,media,baja
183,469,Av. Benavides,0.8424,3.35,1.67,media,baja
183,313,Av. Salaverry,0.916,2.59,1.88,media,baja
183,840,Av. Primavera,1.0356,4.07,1.86,baja,baja
183,32,Av. Primavera,1.2287,4.52,2.62,media,baja
184,230,Av. Javier Prado,0.635,3.04,1.95,alta,alta
184,633,Av. Larco,0.6469,2.92,2.11,media,alta
184,569,Av. Salaverry,0.7197,4.41,2.0,baja,alta
184,1248,Av. Angamos,0.7803,3.57,1.28,media,alta
184,926,Av. Primavera,0.9272,3.44,1.48,baja,alta
184,257,Av. Javier Prado,0.9493,4.73,1.84,baja,alta
185,1322,Av. Larco,0.1605,1.82,0.6,alta,media
185,924,Av. Universitaria,0.1853,1.7,1.03,media,media
185,1375,Av. Primavera,0.2279,2.21,0.69,alta,media
185,627,Av. El Derby,0.2806,2.62,0.68,baja,media
185,679,Av. Brasil,0.3369,1.89,1.2,baja,media
185,374,Av. El Derby,0.4499,2.35,1.1,baja,media
186,343,Av. La Encalada,0.8212,3.11,2.47,media,baja
186,802,Av. Salaverry,0.8732,3.31,1.51,baja,baja
186,1233,Av. El Derby,0.9586,3.1,1.71,media,baja
186,671,Av. Salaverry,1.1679,3.98,2.84,alta,baja
186,348,Av. Benavides,1.1776,3.77,2.55,baja,baja
186,1469,Av. Santa Cruz,1.1864,4.27,2.6,media,baja
187,742,Av. La Encalada,0.2882,1.86,1.64,baja,media
187,658,Av. El Derby,0.419,1.94,1.5,media,media
187,205,Av. Colonial,0.7239,3.08,1.17,baja,media
187,151,Av. Santa Cruz,0.7488,3.43,2.08,alta,media
187,814,Av. Santa Cruz,0.7926,2.77,2.09,baja,media
187,697,Av. Santa Cruz,0.8112,2.94,2.11,media,media
188,878,Av. Aviacion,0.4185,1.5,1.37,alta,baja
188,1121,Av. Petit Thouars,0.6605,2.08,1.5,baja,baja
188,1385,Av. Arequipa,0.7268,2.92,2.25,media,baja
188,1100,Av. La Encalada,0.9542,3.36,2.63,alta,baja
188,823,Av. Tomas Marsano,0.9754,3.25,1.94,alta,baja
188,562,Av. Santa Cruz,1.2352,3.85,2.6,alta,baja
189,204,Av. La Marina,0.5885,3.08,1.48,media,baja
189,703,Av. Larco,0.8918,3.9,1.76,media,baja
189,791,Av. Santa Cruz,1.0419,4.24,2.48,media,baja
189,576,Av. Primavera,1.0498,3.69,2.56,baja,baja
189,930,Av. La Encalada,1.071,3.95,2.59,baja,baja
189,903,Av. Caminos del Inca,1.0913,3.36,2.0,alta,baja
190,1403,Av. Benavides,0.1628,1.63,0.65,media,baja
190,907,Av. 28 de Julio,0.2661,2.53,0.96,baja,baja
190,577,Av. Benavides,0.3362,1.52,1.72,baja,baja
190,142,Av. Larco,0.3734,1.34,0.96,media,baja
190,1381,Av. Petit Thouars,0.5485,3.04,1.86,media,baja
190,630,Av. Caminos del Inca,0.622,2.69,1.74,media,baja
191,264,Av. Petit Thouars,0.1977,2.09,1.17,media,baja
191,225,Av. Caminos del Inca,0.2887,1.48,1.82,alta,baja
191,942,Av. Salaverry,0.326,1.43,1.73,baja,baja
191,372,Av. Caminos del Inca,0.4598,1.9,1.17,alta,baja
191,48,Av. Universitaria,0.4614,1.9,1.26,alta,baja
191,428,Av. Colonial,0.4988,2.05,1.17,media,baja
192,698,Av. Primavera,0.1393,1.61,1.53,baja,baja
192,91,Av. Primavera,0.3202,1.85,0.77,baja,baja
192,882,Av. Tomas Marsano,0.3357,1.92,1.88,alta,baja
192,1045,Via Expresa,0.3839,1.81,1.04,alta,baja
192,226,Av. Caminos del Inca,0.4887,1.78,1.6,media,baja
192,1083,Av. Primavera,0.6439,1.91,1.89,alta,baja
193,1117,Av. Salaverry,0.0791,1.21,0.99,media,media
193,663,Av. Aviacion,0.1888,1.19,1.58,alta,media
193,659,Av. Larco,0.2165,1.31,1.37,alta,media
193,1386,Av. El Derby,0.2296,2.26,1.43,baja,media
193,262,Av. Aviacion,0.2996,2.59,1.02,alta,media
193,396,Av. Angamos,0.4056,2.57,1.69,media,media
194,1306,Av. Primavera,0.0784,2.06,1.49,baja,baja
194,375,Av. Salaverry,0.2763,1.87,1.66,alta,baja
194,540,Av. El Derby,0.4033,2.12,0.91,media,baja
194,508,Av. Arequipa,0.4424,2.01,1.59,alta,baja
194,160,Av. Benavides,0.4454,2.18,0.98,alta,baja
194,748,Av. La Marina,0.5307,2.59,1.21,alta,baja
195,820,Av. 28 de Julio,0.2192,1.67,1.44,baja,media
195,1461,Via Expresa,0.3884,2.52,1.59,alta,media
195,54,Av. Primavera,0.4191,2.8,1.52,alta,media
195,680,Av. Petit Thouars,0.4444,3.14,1.49,baja,media
195,1490,Av. Arequipa,0.4552,2.27,1.22,baja,media
195,1084,Av. La Marina,0.6232,3.2,1.37,baja,media
196,349,Av. Primavera,0.1504,1.31,0.83,baja,media
196,821,Av. Tomas Marsano,0.2285,1.58,0.83,alta,media
196,1260,Av. La Marina,0.2646,1.71,1.52,baja,media
196,696,Av. Javier Prado,0.3457,2.01,0.78,media,media
196,1499,Av. Tomas Marsano,0.379,1.82,1.2,alta,media
196,413,Av. Primavera,0.3873,1.49,1.53,media,media
197,1328,Av. Arequipa,0.0792,0.84,0.8,alta,baja
197,367,Av. Larco,0.1595,2.28,1.2,alta,baja
197,909,Av. Javier Prado,0.2733,1.71,1.38,baja,baja
197,665,Av. Tomas Marsano,1.0845,3.06,2.56,alta,baja
197,296,Av. Petit Thouars,1.3867,4.9,2.76,alta,baja
197,282,Av. Brasil,1.499,3.93,3.16,baja,baja
198,1394,Av. Tomas Marsano,0.0246,1.89,1.03,baja,alta
198,1001,Via Expresa,0.144,1.33,0.55,media,alta
198,263,Av. Aviacion,0.2106,1.73,1.44,baja,alta
198,747,Av. La Marina,0.3805,2.55,1.13,alta,alta
198,1296,Av. Colonial,0.4022,2.5,1.28,baja,alta
198,293,Av. Arequipa,0.4105,2.91,0.93,media,alta
199,395,Av. Larco,0.3559,2.92,0.86,baja,muy_alta
199,832,Av. Aviacion,0.4149,3.51,1.19,baja,muy_alta
199,426,Via Expresa,0.4252,3.68,0.96,media,muy_alta
199,912,Av. Arequipa,0.5254,4.32,1.34,media,muy_alta
199,557,Via Expresa,0.5302,4.17,1.45,media,muy_alta
199,615,Av. Universitaria,0.5669,4.4,2.1,baja,muy_alta
200,681,Av. Caminos del Inca,0.3764,2.24,1.16,baja,baja
200,138,Av. Petit Thouars,0.4023,2.27,1.9,baja,baja
200,1032,Av. 28 de Julio,0.7765,3.19,1.3,alta,baja
200,1483,Av. Santa Cruz,0.8199,2.45,1.97,media,baja
200,1146,Av. Santa Cruz,0.8223,2.49,2.31,media,baja
200,403,Av. 28 de Julio,0.881,2.81,1.8,baja,baja
201,653,Av. Angamos,0.2821,2.3,1.45,alta,media
201,1071,Av. Arequipa,0.2851,2.28,0.82,baja,media
201,595,Av. 28 de Julio,0.4161,3.02,1.21,alta,media
201,132,Av. 28 de Julio,0.4367,3.22,1.63,baja,media
201,10,Av. Aviacion,0.5264,2.49,2.11,alta,media
201,434,Av. Universitaria,0.6471,3.59,1.63,alta,media
202,723,Av. Universitaria,0.4501,3.03,1.67,baja,baja
202,1217,Av. Larco,0.5679,3.07,1.29,baja,baja
202,510,Av. La Encalada,0.6069,2.13,1.87,baja,baja
202,125,Av. Caminos del Inca,0.6101,2.79,1.34,baja,baja
202,28,Av. Larco,0.6558,2.33,2.22,media,baja
202,1204,Av. El Derby,0.6656,2.81,1.8,media,baja
203,1095,Av. Aviacion,0.4992,1.98,1.73,media,media
203,915,Av. La Encalada,0.6108,3.49,1.05,baja,media
203,79,Av. Universitaria,0.8369,2.73,1.84,alta,media
203,13,Av. Angamos,0.9527,4.45,1.77,media,media
203,790,Av. Benavides,1.0103,3.28,2.02,baja,media
203,399,Av. Colonial,1.3234,5.07,2.82,media,media
204,189,Av. Aviacion,0.5885,2.47,1.17,media,baja
204,903,Av. Aviacion,0.8511,3.67,2.41,alta,baja
204,1064,Av. Benavides,0.8687,3.12,1.69,media,baja
204,930,Av. La Encalada,0.8821,2.38,2.26,media,baja
204,586,Av. Brasil,0.8822,2.59,2.32,media,baja
204,576,Av. Larco,0.8841,2.47,2.39,baja,baja
205,697,Av. Arequipa,0.1377,1.08,1.17,baja,media
205,151,Av. Brasil,0.1851,1.51,0.84,baja,media
205,368,Av. Santa Cruz,0.2303,1.25,1.12,baja,media
205,1002,Av. Petit Thouars,0.4935,3.06,1.71,baja,media
205,985,Av. El Derby,0.6185,2.85,1.74,alta,media
205,1323,Av. Petit Thouars,0.6388,3.47,2.1,baja,media
206,265,Via Expresa,0.0469,0.93,1.29,media,baja
206,1177,Av. Santa Cruz,0.4311,2.05,1.35,media,baja
206,603,Av. 28 de Julio,0.7017,2.36,1.5,media,baja
206,650,Av. Larco,0.8601,3.01,2.11,baja,baja
206,1150,Av. Santa Cruz,0.9163,3.44,1.75,baja,baja
206,47,Av. Aviacion,0.9241,3.64,2.42,media,baja
207,154,Av. Colonial,0.0983,1.4,0.42,baja,baja
207,770,Av. Colonial,0.5717,3.09,1.81,alta,baja
207,1378,Av. Colonial,0.8657,3.08,1.42,alta,baja
207,1452,Av. La Encalada,0.9254,3.93,2.27,media,baja
207,1085,Av. Brasil,0.948,2.91,1.61,alta,baja
207,505,Av. Petit Thouars,0.9716,3.52,1.85,media,baja
208,567,Av. Caminos del Inca,0.389,1.41,1.74,media,baja
208,125,Av. Aviacion,0.6143,2.03,1.25,media,baja
208,1236,Av. Santa Cruz,0.7573,3.68,2.21,media,baja
208,390,Av. Benavides,0.7625,2.9,1.8,media,baja
208,1204,Av. Petit Thouars,0.8035,3.41,1.96,media,baja
208,1043,Av. Tomas Marsano,0.8284,3.59,1.61,media,baja
209,795,Av. Colonial,0.1835,1.66,0.77,baja,baja
209,815,Av. Arequipa,0.4192,2.2,0.93,baja,baja
209,562,Av. Primavera,0.7469,2.15,2.3,media,baja
209,146,Av. Javier Prado,0.8505,2.71,1.88,media,baja
209,1221,Av. Arequipa,0.8604,2.34,1.84,baja,baja
209,823,Av. Tomas Marsano,1.0225,4.11,1.95,media,baja
210,609,Av. Petit Thouars,0.3793,2.62,0.77,baja,baja
210,1466,Av. 28 de Julio,0.5082,1.89,1.11,baja,baja
210,427,Av. Primavera,0.5215,2.56,1.48,alta,baja
210,517,Av. 28 de Julio,0.5942,2.34,1.58,baja,baja
210,1353,Av. El Derby,0.6386,2.23,1.81,media,baja
210,1448,Av. La Encalada,0.8003,3.33,2.03,media,baja
211,1047,Av. 28 de Julio,0.3653,2.24,0.81,media,media
211,240,Av. Salaverry,0.3798,2.91,1.09,alta,media
211,728,Av. Javier Prado,0.3981,1.58,1.39,alta,media
211,238,Av. Caminos del Inca,0.4145,1.61,1.99,baja,media
211,124,Av. La Marina,0.4149,2.38,1.79,baja,media
211,613,Av. Caminos del Inca,0.424,1.86,1.6,alta,media
212,755,Av. El Derby,0.2202,1.64,1.11,media,media
212,326,Av. Petit Thouars,0.2924,1.27,0.81,alta,media
212,1096,Av. La Marina,0.326,2.37,0.75,alta,media
212,1124,Av. Arequipa,0.5659,2.96,1.61,media,media
212,217,Av. Universitaria,0.6211,3.23,1.37,alta,media
212,781,Av. Petit Thouars,0.6879,3.1,1.85,baja,media
213,409,Av. Salaverry,0.6649,2.48,1.48,baja,baja
213,1432,Av. Benavides,0.7849,3.29,2.14,baja,baja
213,1149,Via Expresa,0.8025,2.55,2.08,media,baja
213,1134,Av. Salaverry,0.9309,2.61,1.42,baja,baja
213,1022,Av. Santa Cruz,0.9357,3.9,2.58,baja,baja
213,913,Av. El Derby,0.9659,3.88,1.5,media,baja
214,280,Av. Benavides,0.3258,2.04,1.57,baja,baja
214,1300,Av. 28 de Julio,0.8274,2.51,1.51,alta,baja
214,1134,Av. Aviacion,0.867,3.76,2.02,baja,baja
214,1149,Av. Angamos,0.9534,3.12,1.46,alta,baja
214,1022,Av. Universitaria,1.0056,3.63,2.48,alta,baja
214,822,Av. 28 de Julio,1.0552,3.27,2.74,alta,baja
215,394,Av. Universitaria,0.3447,1.91,1.04,media,media
215,797,Av. Petit Thouars,0.4874,2.33,1.99,alta,media
215,336,Av. El Derby,0.6302,2.62,1.68,baja,media
215,1133,Av. Colonial,1.1343,4.88,2.61,media,media
215,1089,Av. La Marina,1.3857,4.66,2.83,baja,media
215,1091,Av. Primavera,1.4711,5.86,2.16,baja,media
216,1166,Av. Colonial,0.7795,3.49,1.95,baja,baja
216,1397,Av. Angamos,0.9245,2.82,2.39,alta,baja
216,1385,Av. La Marina,0.937,3.06,2.0,media,baja
216,562,Via Expresa,1.0043,2.82,2.02,media,baja
216,1121,Av. Arequipa,1.0377,3.14,2.39,alta,baja
216,209,Av. Universitaria,1.068,3.89,2.71,alta,baja
217,781,Av. Petit Thouars,0.1087,1.05,1.47,alta,media
217,326,Av. Caminos del Inca,0.4357,2.97,1.56,media,media
217,755,Av. Angamos,0.5374,2.14,1.55,media,media
217,212,Av. Tomas Marsano,0.6211,3.24,1.05,baja,media
217,1096,Av. Tomas Marsano,0.8714,4.39,2.01,alta,media
217,1124,Via Expresa,0.8784,3.5,2.17,baja,media
218,959,Av. Petit Thouars,0.2548,1.7,1.07,baja,baja
218,246,Av. Larco,0.3987,2.22,1.26,alta,baja
218,757,Av. Colonial,0.4229,2.04,0.85,baja,baja
218,342,Av. Brasil,0.4746,2.22,0.92,media,baja
218,819,Av. Benavides,0.536,1.57,1.34,alta,baja
218,692,Av. Caminos del Inca,0.7461,2.65,1.64,alta,baja
219,827,Av. Benavides,0.1711,1.16,1.55,media,baja
219,992,Av. Primavera,0.304,1.29,1.56,alta,baja
219,785,Av. Santa Cruz,0.4287,2.72,1.69,media,baja
219,1420,Via Expresa,0.5386,1.95,0.97,baja,baja
219,936,Av. La Encalada,0.7547,2.46,2.31,media,baja
219,1395,Av. Angamos,0.7965,3.0,2.1,alta,baja
220,782,Av. Aviacion,0.0815,1.44,0.48,baja,media
220,861,Av. Aviacion,0.2942,2.81,1.52,media,media
220,653,Av. Salaverry,0.4385,1.89,1.81,media,media
220,54,Via Expresa,0.5287,3.19,1.59,alta,media
220,201,Av. Santa Cruz,0.7135,3.54,1.31,alta,media
220,1071,Av. Tomas Marsano,0.7643,3.79,1.61,baja,media
221,579,Av. La Encalada,0.622,1.99,1.81,baja,baja
221,911,Av. Primavera,0.6637,2.54,1.83,media,baja
221,1451,Av. Arequipa,0.735,2.68,1.34,baja,baja
221,93,Av. Caminos del Inca,0.8585,3.4,2.32,alta,baja
221,237,Av. Petit Thouars,1.0306,3.42,2.37,media,baja
221,752,Av. Tomas Marsano,1.0549,3.48,1.85,baja,baja
222,905,Av. Caminos del Inca,0.0737,2.0,1.48,alta,media
222,661,Av. Benavides,0.1836,1.42,1.37,baja,media
222,1481,Av. Tomas Marsano,0.194,1.57,0.67,baja,media
222,568,Av. Arequipa,0.2795,2.8,0.83,alta,media
222,494,Av. Petit Thouars,0.2835,1.85,1.71,media,media
222,518,Av. Larco,0.2984,1.62,1.67,baja,media
223,1393,Av. Tomas Marsano,0.6681,3.11,2.27,media,baja
223,1344,Av. Aviacion,1.0046,3.81,1.68,alta,baja
223,826,Av. Santa Cruz,1.3132,3.95,2.35,alta,baja
223,741,Av. Santa Cruz,1.3723,4.47,1.98,baja,baja
223,1175,Av. Tomas Marsano,1.3945,4.18,2.54,media,baja
223,1459,Av. Larco,1.4719,4.93,2.76,alta,baja
224,751,Av. La Encalada,0.2233,1.92,0.9,baja,alta
224,121,Av. Santa Cruz,0.4255,3.47,1.91,alta,alta
224,557,Av. Universitaria,0.5482,3.91,1.47,baja,alta
224,615,Via Expresa,0.5864,3.24,1.26,baja,alta
224,912,Av. Arequipa,0.6419,2.88,1.55,baja,alta
224,1296,Av. Larco,0.6533,3.6,1.61,alta,alta
225,628,Av. Arequipa,0.2233,2.09,1.21,baja,baja
225,48,Av. Petit Thouars,0.2461,1.7,1.06,baja,baja
225,1411,Av. Javier Prado,0.2514,1.31,1.61,baja,baja
225,372,Av. La Encalada,0.2867,1.1,1.39,media,baja
225,191,Av. Tomas Marsano,0.2887,1.5,0.86,alta,baja
225,942,Av. Petit Thouars,0.3612,2.22,1.38,media,baja
226,1083,Av. Primavera,0.1608,1.85,0.62,media,baja
226,882,Av. Petit Thouars,0.2857,1.13,1.1,baja,baja
226,1045,Av. Universitaria,0.4381,2.73,1.75,baja,baja
226,192,Av. Javier Prado,0.4887,2.69,1.35,media,baja
226,599,Av. Larco,0.5211,2.06,1.34,media,baja
226,294,Av. Caminos del Inca,0.5461,2.57,1.75,baja,baja
227,1078,Av. Brasil,0.087,2.18,1.4,alta,alta
227,832,Av. Primavera,0.4238,3.07,0.86,media,alta
227,912,Av. Javier Prado,0.4406,2.19,1.03,alta,alta
227,360,Av. Javier Prado,0.4812,2.7,1.93,media,alta
227,636,Av. Brasil,0.484,2.7,1.96,alta,alta
227,557,Av. Caminos del Inca,0.551,3.53,2.15,alta,alta
228,1122,Av. La Marina,0.063,1.15,1.23,media,media
228,374,Av. Tomas Marsano,0.2653,2.3,0.94,media,media
228,679,Av. Brasil,0.306,2.06,1.47,media,media
228,964,Av. Petit Thouars,0.412,2.13,1.51,media,media
228,966,Av. Caminos del Inca,0.4334,3.33,0.96,media,media
228,1322,Av. Benavides,0.4456,2.8,1.4,alta,media
229,1097,Av. Brasil,0.3866,2.08,1.78,alta,baja
229,977,Av. Primavera,0.5975,2.43,1.61,baja,baja
229,505,Av. Primavera,0.6136,2.31,2.13,media,baja
229,1266,Av. La Marina,0.6897,3.48,2.1,alta,baja
229,1378,Av. Javier Prado,0.7223,2.38,1.63,baja,baja
229,1258,Av. Caminos del Inca,0.8997,2.5,1.44,alta,baja
230,633,Av. Aviacion,0.4008,2.53,1.14,baja,alta
230,1248,Av. Javier Prado,0.4111,3.21,1.75,alta,alta
230,184,Av. Brasil,0.635,4.64,2.01,media,alta
230,793,Av. La Encalada,0.6704,4.26,1.74,media,alta
230,712,Av. Angamos,0.7382,4.57,1.97,media,alta
230,274,Av. Arequipa,1.0764,6.2,2.51,baja,alta
231,733,Av. Arequipa,0.1223,1.38,1.5,alta,media
231,888,Av. Salaverry,0.1987,1.51,1.67,media,media
231,355,Av. Angamos,0.3534,2.52,0.93,alta,media
231,1041,Av. Universitaria,0.3767,2.31,1.37,baja,media
231,26,Av. Primavera,0.4425,2.95,1.46,alta,media
231,735,Av. Tomas Marsano,0.5027,2.8,1.96,media,media
232,445,Av. Salaverry,0.228,1.83,1.45,alta,alta
232,77,Av. El Derby,0.3973,2.91,1.05,alta,alta
232,161,Av. La Encalada,0.4226,3.16,1.71,alta,alta
232,952,Av. Petit Thouars,0.4385,2.9,0.89,alta,alta
232,527,Av. Larco,0.5936,4.0,2.1,baja,alta
232,281,Av. 28 de Julio,0.706,4.81,1.44,alta,alta
233,321,Av. El Derby,0.2381,1.28,1.36,baja,baja
233,282,Av. 28 de Julio,0.4034,2.66,0.94,media,baja
233,1271,Av. Colonial,0.6838,3.43,1.4,media,baja
233,296,Av. Brasil,1.0939,3.22,2.55,baja,baja
233,1173,Av. Larco,1.1139,2.92,2.73,baja,baja
233,417,Av. Colonial,1.2221,4.26,2.19,media,baja
234,902,Av. La Encalada,0.0821,1.75,1.25,baja,media
234,1161,Av. Aviacion,0.4348,3.09,1.98,baja,media
234,1196,Av. Javier Prado,0.4459,2.48,1.0,alta,media
234,1371,Av. Arequipa,0.5267,1.81,1.66,baja,media
234,1004,Av. Larco,0.5327,2.6,1.87,media,media
234,721,Av. La Marina,0.5697,2.46,1.94,media,media
235,1037,Av. Aviacion,0.2472,1.99,0.95,media,baja
235,1,Av. Santa Cruz,0.3734,2.15,1.28,media,baja
235,388,Av. Brasil,0.4741,2.97,1.97,alta,baja
235,347,Av. Javier Prado,0.5393,3.19,1.05,baja,baja
235,794,Av. Arequipa,0.6202,2.94,1.9,alta,baja
235,7,Av. La Marina,0.8128,2.32,2.27,alta,baja
236,768,Av. Larco,0.7019,2.81,2.24,alta,baja
236,1154,Av. Brasil,1.0055,3.35,1.54,baja,baja
236,867,Av. 28 de Julio,1.0091,4.26,1.94,alta,baja
236,495,Av. Arequipa,1.0618,3.87,2.08,baja,baja
236,179,Av. Primavera,1.1042,3.64,2.76,media,baja
236,1321,Av. El Derby,1.1065,3.81,2.13,alta,baja
237,922,Av. La Marina,0.1946,1.71,1.68,media,baja
237,373,Av. Universitaria,0.2885,1.73,0.8,media,baja
237,545,Av. El Derby,0.4819,1.86,1.62,alta,baja
237,1036,Av. Brasil,0.5354,2.97,1.26,baja,baja
237,93,Av. Angamos,0.5796,2.96,1.33,media,baja
237,1313,Av. Salaverry,0.633,2.65,1.84,media,baja
238,124,Av. Larco,0.0717,0.8,1.34,media,media
238,1047,Av. Brasil,0.2352,2.12,0.69,media,media
238,535,Av. Primavera,0.2497,1.87,1.1,alta,media
238,1341,Av. Salaverry,0.3134,2.31,1.6,baja,media
238,99,Av. Petit Thouars,0.3203,1.58,1.23,media,media
238,143,Av. Primavera,0.3948,1.89,1.31,baja,media
239,1310,Av. Brasil,0.3146,2.56,1.84,alta,media
239,420,Av. Colonial,0.3508,2.69,0.83,alta,media
239,10,Av. Universitaria,0.5667,2.57,2.06,baja,media
239,491,Av. Aviacion,0.6089,3.5,1.59,media,media
239,132,Av. Primavera,0.6101,2.72,1.5,alta,media
239,338,Av. Arequipa,0.6997,2.9,1.94,baja,media
240,677,Av. Universitaria,0.3085,2.0,1.59,baja,muy_alta
240,993,Av. Universitaria,0.3688,3.42,0.97,baja,muy_alta
240,211,Av. Petit Thouars,0.3798,3.56,0.94,media,muy_alta
240,1029,Av. 28 de Julio,0.4148,3.86,1.05,baja,muy_alta
240,637,Av. Angamos,0.4179,3.11,1.03,media,muy_alta
240,728,Av. Colonial,0.4251,3.96,1.09,baja,muy_alta
241,48,Av. El Derby,0.2487,1.31,1.42,baja,baja
241,305,Av. Angamos,0.2676,1.43,1.13,alta,baja
241,372,Av. Universitaria,0.2696,2.52,1.7,alta,baja
241,423,Av. La Encalada,0.3047,1.66,1.35,alta,baja
241,1316,Av. Caminos del Inca,0.364,2.67,1.63,baja,baja
241,914,Av. La Encalada,0.4055,1.58,1.26,media,baja
242,944,Av. Brasil,0.0343,1.0,1.08,baja,baja
242,114,Av. Javier Prado,0.1638,2.25,1.12,media,baja
242,1065,Av. Caminos del Inca,0.2089,1.43,0.83,alta,baja
242,541,Av. Universitaria,0.4992,2.44,1.16,baja,baja
242,474,Av. Salaverry,0.6024,2.16,1.84,media,baja
242,922,Av. El Derby,0.7703,2.57,2.17,baja,baja
243,498,Av. Colonial,0.3062,1.46,0.7,media,baja
243,773,Av. Larco,0.3976,1.97,0.91,media,baja
243,1068,Av. 28 de Julio,0.4598,2.69,1.16,alta,baja
243,172,Av. La Encalada,0.5625,2.49,2.14,alta,baja
243,995,Av. Petit Thouars,0.6029,2.37,1.8,media,baja
243,534,Av. Javier Prado,0.7967,2.16,1.89,baja,baja
244,982,Av. La Encalada,0.3996,1.45,0.94,media,baja
244,1412,Av. Primavera,0.6897,2.64,1.7,alta,baja
244,493,Av. Angamos,0.7695,3.33,1.24,alta,baja
244,625,Av. La Encalada,1.214,4.5,2.86,media,baja
244,443,Av. 28 de Julio,1.4084,4.32,2.97,media,baja
244,1211,Av. Aviacion,1.4094,4.36,2.1,alta,baja
245,334,Av. Aviacion,0.3348,2.47,0.77,media,baja
245,429,Av. Petit Thouars,0.3679,2.28,0.98,media,baja
245,6,Av. Arequipa,0.4472,3.03,0.96,baja,baja
245,472,Av. Caminos del Inca,0.6951,2.37,2.05,media,baja
245,1387,Av. Colonial,0.9426,3.02,2.27,baja,baja
245,1024,Av. Larco,1.0847,3.9,2.08,media,baja
246,959,Av. Larco,0.2187,1.41,0.99,media,baja
246,218,Av. Javier Prado,0.3987,2.38,1.55,alta,baja
246,757,Av. Santa Cruz,0.4589,2.89,1.41,alta,baja
246,819,Via Expresa,0.4974,2.53,1.38,media,baja
246,778,Av. Primavera,0.6248,2.38,1.51,media,baja
246,380,Av. Javier Prado,0.6294,2.63,1.57,alta,baja
247,662,Av. Javier Prado,0.2174,1.17,0.78,baja,baja
247,649,Av. La Marina,0.497,2.06,1.39,baja,baja
247,594,Av. Brasil,0.619,2.07,1.8,alta,baja
247,324,Av. Salaverry,0.714,3.53,1.33,baja,baja
247,64,Av. Larco,0.7951,2.3,1.91,baja,baja
247,27,Av. Salaverry,0.8646,3.83,2.42,baja,baja
248,327,Av. Brasil,0.4668,2.81,0.99,alta,baja
248,1082,Av. Santa Cruz,0.5612,2.9,2.11,alta,baja
248,1246,Av. Colonial,0.5723,2.59,1.64,media,baja
248,513,Av. Santa Cruz,0.7036,1.99,1.77,alta,baja
248,108,Av. La Marina,0.7084,3.39,1.88,media,baja
248,869,Av. Primavera,0.8355,2.72,1.91,media,baja
249,482,Av. Salaverry,0.1999,1.93,1.36,alta,baja
249,75,Av. Santa Cruz,0.3351,1.56,1.87,baja,baja
249,519,Via Expresa,0.3682,1.96,1.59,alta,baja
249,958,Via Expresa,0.4433,1.99,1.65,alta,baja
249,1484,Av. Salaverry,0.5406,1.8,1.93,media,baja
249,522,Av. Santa Cruz,0.5859,2.3,1.6,alta,baja
250,824,Av. Santa Cruz,0.2008,1.25,0.82,baja,baja
250,325,Av. El Derby,0.4264,1.56,1.5,alta,baja
250,716,Av. Angamos,0.4671,2.86,1.36,alta,baja
250,1470,Av. Aviacion,0.5398,2.19,2.06,baja,baja
250,974,Av. Universitaria,0.7663,2.41,2.4,baja,baja
250,1,Av. Primavera,0.9147,2.48,2.43,baja,baja
251,1099,Av. Salaverry,0.0129,0.64,0.71,baja,media
251,511,Av. El Derby,0.1292,1.35,0.8,media,media
251,1423,Av. Brasil,0.1904,2.23,1.46,alta,media
251,1179,Av. Petit Thouars,0.4959,3.08,1.67,baja,media
251,525,Av. Colonial,0.5986,3.05,2.04,alta,media
251,375,Av. Brasil,0.6032,2.72,1.17,baja,media
252,976,Av. Angamos,0.4108,2.2,1.16,baja,baja
252,171,Av. Aviacion,0.5237,2.67,2.0,baja,baja
252,762,Av. Angamos,0.7435,2.67,1.6,baja,baja
252,1455,Av. Javier Prado,0.7662,2.73,2.05,media,baja
252,617,Av. Larco,0.836,2.99,1.64,baja,baja
252,745,Av. Santa Cruz,0.8524,3.79,1.4,alta,baja
253,764,Av. Universitaria,0.3045,2.7,0.93,media,alta
253,1402,Av. Caminos del Inca,0.3184,3.2,1.62,alta,alta
253,271,Av. Arequipa,0.4567,3.81,0.92,alta,alta
253,87,Av. Brasil,0.4802,2.35,1.96,alta,alta
253,1472,Av. Petit Thouars,0.494,3.08,1.34,alta,alta
253,960,Av. El Derby,0.5045,2.68,1.71,alta,alta
254,1008,Av. Colonial,0.3805,1.62,1.05,media,baja
254,489,Av. Primavera,0.5797,2.36,1.89,media,baja
254,744,Av. Tomas Marsano,0.7004,2.75,1.39,media,baja
254,988,Av. La Encalada,0.7534,2.62,2.25,baja,baja
254,1291,Av. Javier Prado,0.7867,2.56,1.96,alta,baja
254,303,Av. Aviacion,0.8525,2.91,1.72,media,baja
255,112,Av. Angamos,0.3168,3.32,1.74,media,muy_alta
255,448,Av. Petit Thouars,0.3175,2.03,1.0,baja,muy_alta
255,753,Av. 28 de Julio,0.3906,3.05,1.49,alta,muy_alta
255,111,Av. La Marina,0.5164,3.37,1.75,alta,muy_alta
255,275,Av. Primavera,0.5218,3.62,1.68,media,muy_alta
255,956,Av. Primavera,0.5954,4.32,1.49,media,muy_alta
256,94,Av. La Marina,0.422,2.24,1.32,media,media
256,641,Av. Aviacion,0.4415,1.9,1.49,media,media
256,1127,Av. Petit Thouars,0.5161,3.02,1.69,baja,media
256,163,Av. Larco,0.548,2.93,1.01,baja,media
256,573,Av. 28 de Julio,0.7088,3.99,2.21,media,media
256,1118,Av. La Encalada,0.8525,3.1,2.44,baja,media
257,149,Av. Petit Thouars,0.1297,1.95,1.57,baja,alta
257,544,Av. Benavides,0.2373,2.9,0.75,alta,alta
257,569,Av. Santa Cruz,0.3585,1.72,0.79,alta,alta
257,1010,Av. Larco,0.3819,2.35,1.67,baja,alta
257,803,Av. La Marina,0.4632,3.08,1.05,baja,alta
257,843,Av. Larco,0.5393,3.51,2.12,media,alta
258,1156,Av. La Encalada,0.3402,2.69,0.82,baja,baja
258,301,Av. Petit Thouars,0.4167,2.77,1.14,alta,baja
258,883,Av. El Derby,0.4488,2.68,1.94,baja,baja
258,1381,Av. Petit Thouars,0.476,1.98,1.85,alta,baja
258,430,Av. Javier Prado,0.561,2.11,1.5,alta,baja
258,294,Av. Benavides,0.581,1.76,1.72,media,baja
259,96,Av. Caminos del Inca,0.4691,2.88,1.42,alta,baja
259,936,Av. Santa Cruz,0.5253,2.65,1.88,baja,baja
259,785,Av. Brasil,0.7179,3.44,2.1,baja,baja
259,992,Av. El Derby,0.8486,2.25,2.31,baja,baja
259,1395,Av. Universitaria,0.8804,3.96,1.81,alta,baja
259,219,Av. Santa Cruz,1.1418,3.24,2.52,baja,baja
260,826,Av. Santa Cruz,0.6573,1.86,1.39,alta,baja
260,1033,Via Expresa,0.8212,3.19,1.51,baja,baja
260,1344,Av. La Marina,0.8383,2.81,1.82,alta,baja
260,1401,Av. Tomas Marsano,0.9596,3.45,1.93,alta,baja
260,1406,Av. Santa Cruz,1.1205,3.58,2.27,baja,baja
260,1249,Av. Aviacion,1.3026,3.78,2.06,media,baja
261,1399,Av. 28 de Julio,0.2463,2.3,1.18,alta,baja
261,141,Av. La Encalada,0.4842,2.27,1.87,baja,baja
261,853,Av. Benavides,0.6352,2.13,1.93,alta,baja
261,807,Av. Aviacion,0.8177,2.55,1.95,alta,baja
261,157,Av. Brasil,0.8896,3.7,1.91,media,baja
261,1346,Av. Caminos del Inca,1.3139,4.62,2.38,media,baja
262,396,Av. Universitaria,0.2439,2.51,0.94,media,media
262,1117,Av. Tomas Marsano,0.2541,2.7,1.38,media,media
262,1171,Av. Aviacion,0.2559,2.08,1.32,alta,media
262,659,Av. Angamos,0.2898,2.21,0.66,media,media
262,193,Av. Universitaria,0.2996,1.66,1.23,baja,media
262,1275,Via Expresa,0.3402,1.67,0.87,baja,media
263,747,Av. Colonial,0.1952,1.92,1.47,baja,muy_alta
263,1001,Av. Arequipa,0.2034,1.71,1.36,alta,muy_alta
263,198,Av. Santa Cruz,0.2106,1.9,1.1,media,muy_alta
263,1394,Av. Benavides,0.2282,2.41,1.6,media,muy_alta
263,293,Av. Tomas Marsano,0.3048,2.47,1.28,media,muy_alta
263,166,Av. El Derby,0.3587,3.54,1.41,media,muy_alta
264,191,Av. Benavides,0.1977,1.95,1.21,alta,baja
264,130,Av. La Marina,0.3916,2.5,1.27,alta,baja
264,942,Av. Aviacion,0.4664,2.93,1.07,media,baja
264,225,Av. Benavides,0.482,1.95,1.88,alta,baja
264,428,Av. Larco,0.5069,3.07,1.02,baja,baja
264,372,Av. Tomas Marsano,0.6482,3.0,1.47,baja,baja
265,206,Av. Aviacion,0.0469,1.47,1.39,alta,baja
265,1177,Av. La Encalada,0.408,2.13,0.93,media,baja
265,603,Av. Primavera,0.6816,2.41,1.54,media,baja
265,650,Av. El Derby,0.8547,2.62,1.81,baja,baja
265,47,Av. Primavera,0.8773,3.28,1.51,media,baja
265,1150,Av. Angamos,0.9397,4.07,2.47,alta,baja
266,870,Av. Benavides,0.4512,2.43,1.41,media,baja
266,899,Av. Larco,0.8096,3.09,1.63,baja,baja
266,556,Av. Santa Cruz,0.8607,3.78,1.77,baja,baja
266,1042,Av. Colonial,0.9185,3.01,2.6,alta,baja
266,711,Av. Benavides,0.9409,3.3,2.52,media,baja
266,876,Av. Universitaria,1.1791,3.5,2.4,alta,baja
267,672,Av. Javier Prado,0.1006,1.41,0.75,alta,muy_alta
267,309,Via Expresa,0.1407,1.82,1.0,media,muy_alta
267,70,Av. Caminos del Inca,0.2681,3.18,0.82,alta,muy_alta
267,1426,Av. Javier Prado,0.5488,4.83,2.13,media,muy_alta
267,0,Av. Salaverry,0.6491,4.82,2.03,baja,muy_alta
267,889,Av. Brasil,0.7532,3.96,2.01,baja,muy_alta
268,854,Av. Aviacion,0.2005,2.71,0.98,alta,muy_alta
268,872,Av. Universitaria,0.2301,1.78,0.58,media,muy_alta
268,772,Av. Primavera,0.2447,1.89,1.7,alta,muy_alta
268,1274,Av. Javier Prado,0.3497,3.24,0.94,baja,muy_alta
268,1457,Av. La Marina,0.4138,4.05,1.22,media,muy_alta
268,727,Av. La Marina,0.5193,3.37,1.34,media,muy_alta
269,620,Av. Universitaria,0.1246,1.41,1.56,media,alta
269,948,Av. Angamos,0.4668,3.56,1.86,baja,alta
269,168,Av. Caminos del Inca,0.5768,3.72,1.6,alta,alta
269,30,Av. El Derby,0.7822,3.26,1.6,alta,alta
269,1419,Av. Angamos,0.8445,4.75,1.5,media,alta
269,937,Av. Universitaria,0.8564,3.8,2.11,alta,alta
270,290,Av. Javier Prado,0.2682,1.86,1.66,media,baja
270,52,Av. Brasil,0.5551,2.04,1.97,baja,baja
270,83,Av. Arequipa,0.6173,2.3,1.93,baja,baja
270,44,Via Expresa,0.7042,2.27,2.16,alta,baja
270,329,Av. El Derby,0.8068,3.1,1.64,media,baja
270,73,Av. Javier Prado,0.8205,3.47,2.15,baja,baja
271,87,Av. Salaverry,0.1386,1.03,1.32,alta,alta
271,764,Av. Colonial,0.3107,2.28,1.56,alta,alta
271,1402,Av. Brasil,0.3559,2.21,1.52,alta,alta
271,253,Av. Angamos,0.4567,3.29,1.06,baja,alta
271,645,Av. Petit Thouars,0.546,4.23,2.13,baja,alta
271,1472,Av. Colonial,0.6211,3.15,1.25,media,alta
272,474,Av. Colonial,0.3487,1.57,1.06,alta,baja
272,604,Av. Angamos,0.3978,1.96,0.98,alta,baja
272,1381,Av. Javier Prado,0.4376,2.5,1.27,baja,baja
272,430,Via Expresa,0.4846,2.49,0.91,baja,baja
272,1403,Av. Colonial,0.5044,2.74,1.99,media,baja
272,190,Av. Benavides,0.6554,2.34,2.12,alta,baja
273,914,Av. La Marina,0.6229,1.92,1.76,baja,baja
273,1316,Av. La Marina,0.6453,3.2,1.44,alta,baja
273,1411,Av. Universitaria,0.7289,2.21,2.18,alta,baja
273,423,Av. Colonial,0.7553,2.16,1.49,alta,baja
273,628,Av. La Encalada,0.7598,2.1,2.3,media,baja
273,804,Av. Colonial,0.8198,3.25,2.1,baja,baja
274,1066,Av. Brasil,0.3858,2.9,1.62,media,muy_alta
274,879,Av. Tomas Marsano,0.5535,5.03,2.15,alta,muy_alta
274,612,Av. Caminos del Inca,0.6585,5.21,1.83,alta,muy_alta
274,1248,Av. Brasil,0.7387,4.46,2.04,baja,muy_alta
274,712,Av. Colonial,0.7574,4.07,2.37,alta,muy_alta
274,1364,Av. Angamos,0.9057,5.9,1.64,baja,muy_alta
275,753,Av. El Derby,0.217,2.32,0.58,media,muy_alta
275,970,Av. Larco,0.2849,1.77,0.83,baja,muy_alta
275,111,Av. La Marina,0.3879,4.3,1.55,media,muy_alta
275,397,Via Expresa,0.4251,3.74,1.68,media,muy_alta
275,989,Av. Angamos,0.4637,3.09,1.68,baja,muy_alta
275,112,Av. Aviacion,0.5158,3.51,1.89,alta,muy_alta
276,1087,Av. Caminos del Inca,0.1549,2.45,0.98,media,muy_alta
276,615,Av. Petit Thouars,0.2558,3.21,1.45,media,muy_alta
276,293,Av. Javier Prado,0.3496,3.72,0.87,media,muy_alta
276,121,Av. Universitaria,0.3611,2.68,1.64,alta,muy_alta
276,571,Av. La Encalada,0.3719,3.35,1.22,alta,muy_alta
276,1245,Av. Javier Prado,0.4247,4.03,1.93,alta,muy_alta
277,1135,Av. Arequipa,0.2665,1.6,0.66,baja,baja
277,746,Av. Benavides,0.5229,2.2,1.49,baja,baja
277,1414,Av. Javier Prado,0.6279,2.16,1.83,media,baja
277,1464,Av. Petit Thouars,0.742,3.14,2.12,media,baja
277,726,Av. La Encalada,0.7854,3.63,1.65,media,baja
277,639,Av. Javier Prado,0.9435,3.3,1.64,media,baja
278,1389,Av. Santa Cruz,0.1301,1.44,1.4,alta,baja
278,643,Av. Larco,0.2076,1.77,0.82,baja,baja
278,748,Av. Caminos del Inca,0.4191,2.09,1.89,alta,baja
278,1108,Av. Primavera,0.4318,2.21,1.91,alta,baja
278,1306,Av. Javier Prado,0.6687,2.57,1.95,alta,baja
278,484,Av. Colonial,0.6805,3.24,1.76,alta,baja
279,750,Av. Caminos del Inca,0.19,1.5,1.6,alta,media
279,1158,Av. Aviacion,0.842,3.85,1.85,alta,media
279,1359,Av. 28 de Julio,0.9682,4.34,2.64,alta,media
279,1115,Av. Benavides,1.0885,4.6,2.37,media,media
279,1124,Av. La Marina,1.4293,5.34,2.16,baja,media
279,1320,Av. Larco,1.5615,6.47,2.39,baja,media
280,214,Av. Benavides,0.3258,1.94,1.86,media,baja
280,1300,Av. La Marina,0.9138,3.9,1.72,alta,baja
280,1134,Av. Benavides,1.0871,4.13,1.83,media,baja
280,1149,Av. Santa Cruz,1.1399,3.46,2.58,alta,baja
280,822,Av. Larco,1.1762,3.41,2.66,alta,baja
280,1022,Av. Arequipa,1.2219,4.37,2.5,alta,baja
281,1292,Av. Larco,0.1471,1.29,1.36,media,media
281,527,Av. Javier Prado,0.31,2.3,0.7,alta,media
281,1035,Av. Benavides,0.3259,1.51,1.62,media,media
281,952,Av. Larco,0.6443,3.0,1.96,baja,media
281,935,Av. El Derby,0.6803,3.84,2.08,baja,media
281,232,Av. Santa Cruz,0.706,3.52,1.94,baja,media
282,233,Av. Javier Prado,0.4034,1.62,1.91,media,baja
282,1271,Av. El Derby,0.4385,1.92,1.86,alta,baja
282,321,Av. Colonial,0.5544,1.95,1.57,alta,baja
282,296,Av. 28 de Julio,0.6947,2.84,2.16,alta,baja
282,775,Av. Petit Thouars,0.9465,2.91,1.59,alta,baja
282,1303,Av. Salaverry,1.0276,4.04,2.31,baja,baja
283,1213,Av. La Encalada,0.1873,1.69,1.13,alta,baja
283,1175,Av. El Derby,0.213,1.53,1.45,baja,baja
283,1109,Av. Tomas Marsano,1.0331,3.3,1.56,media,baja
283,689,Av. Petit Thouars,1.145,3.87,2.69,alta,baja
283,1459,Av. Santa Cruz,1.2107,4.32,2.61,media,baja
283,538,Av. El Derby,1.2387,4.26,2.52,baja,baja
284,1222,Av. La Marina,0.4222,2.07,1.3,baja,baja
284,335,Av. El Derby,0.5379,3.03,1.94,alta,baja
284,1142,Av. La Marina,0.5578,1.79,1.31,baja,baja
284,18,Via Expresa,0.5881,2.86,1.51,baja,baja
284,17,Av. Brasil,0.5884,2.09,1.47,baja,baja
284,1487,Av. La Encalada,0.6211,2.5,1.35,baja,baja
285,777,Via Expresa,0.5982,2.7,1.31,alta,baja
285,708,Av. Aviacion,0.8153,2.35,1.73,baja,baja
285,745,Av. Angamos,0.8957,2.46,1.83,alta,baja
285,617,Av. Caminos del Inca,0.9712,3.09,2.57,baja,baja
285,939,Av. Santa Cruz,1.0033,3.62,1.51,alta,baja
285,1223,Av. Colonial,1.245,4.12,2.78,media,baja
286,461,Av. Primavera,0.1039,1.39,0.9,baja,alta
286,1332,Av. Caminos del Inca,0.3668,3.18,1.89,alta,alta
286,847,Av. Colonial,0.4835,3.52,1.8,alta,alta
286,1486,Via Expresa,0.4996,2.82,1.96,media,alta
286,1039,Av. Petit Thouars,0.811,4.08,2.07,alta,alta
286,1463,Av. La Marina,0.8159,5.2,2.39,media,alta
287,1021,Av. Larco,0.077,1.66,0.42,media,alta
287,765,Av. Angamos,0.3099,2.0,1.41,baja,alta
287,492,Av. Javier Prado,0.3773,3.05,1.18,media,alta
287,871,Av. El Derby,0.4043,3.6,1.41,media,alta
287,485,Av. Primavera,0.5066,2.46,1.3,alta,alta
287,1476,Av. Benavides,0.6729,4.73,1.23,media,alta
288,329,Av. La Encalada,0.0719,1.73,0.88,baja,baja
288,73,Av. Caminos del Inca,0.1647,1.69,1.05,baja,baja
288,83,Av. Santa Cruz,0.2464,1.38,0.77,baja,baja
288,1365,Av. 28 de Julio,0.5724,3.19,1.58,alta,baja
288,44,Av. La Encalada,0.5745,3.02,1.0,media,baja
288,1079,Av. Salaverry,0.5807,2.39,2.14,alta,baja
289,862,Av. El Derby,0.1353,1.61,0.57,baja,baja
289,1489,Av. Salaverry,0.7681,3.55,2.37,alta,baja
289,1314,Av. La Marina,1.3653,3.63,2.8,alta,baja
289,1145,Av. 28 de Julio,1.6129,4.65,2.29,alta,baja
289,1086,Av. Petit Thouars,1.8435,4.92,2.84,baja,baja
289,699,Av. Salaverry,1.8914,5.78,3.76,media,baja
290,270,Av. Benavides,0.2682,1.2,1.15,baja,baja
290,83,Av. El Derby,0.6513,3.25,1.98,baja,baja
290,73,Av. Santa Cruz,0.7971,2.54,2.33,media,baja
290,52,Av. Santa Cruz,0.8032,3.23,2.3,alta,baja
290,329,Av. Larco,0.848,3.04,2.45,baja,baja
290,288,Av. Arequipa,0.8875,2.76,2.41,media,baja
291,1485,Av. Santa Cruz,0.3312,2.02,1.85,media,baja
291,830,Av. Tomas Marsano,0.5799,2.11,1.77,media,baja
291,840,Av. Benavides,0.8583,2.79,2.0,alta,baja
291,128,Av. Caminos del Inca,0.8654,3.68,1.67,alta,baja
291,665,Via Expresa,1.0166,3.43,2.57,alta,baja
291,710,Av. Primavera,1.0583,3.47,1.72,baja,baja
292,539,Av. Larco,0.396,2.06,1.93,alta,baja
292,1361,Av. Javier Prado,0.7044,2.72,1.25,alta,baja
292,1447,Av. Javier Prado,0.8152,3.19,1.83,alta,baja
292,530,Av. Universitaria,1.0671,3.03,1.91,baja,baja
292,1141,Av. Salaverry,1.2152,2.92,1.82,baja,baja
292,1348,Av. 28 de Julio,1.2333,4.07,2.42,media,baja
293,747,Av. El Derby,0.1837,1.66,1.54,media,alta
293,571,Av. Aviacion,0.2112,2.3,0.57,alta,alta
293,1001,Av. Angamos,0.2806,2.65,0.92,alta,alta
293,263,Av. Universitaria,0.3048,1.98,0.88,baja,alta
293,276,Av. Benavides,0.3496,2.87,1.79,alta,alta
293,166,Av. Brasil,0.3661,1.87,1.43,baja,alta
294,1156,Av. El Derby,0.2874,1.74,1.48,media,baja
294,155,Av. Tomas Marsano,0.3053,1.18,1.26,baja,baja
294,436,Av. Santa Cruz,0.3921,1.79,1.25,alta,baja
294,301,Av. La Marina,0.4792,1.79,1.67,alta,baja
294,599,Av. Brasil,0.4862,1.96,0.96,baja,baja
294,1309,Av. Brasil,0.5377,2.61,1.47,baja,baja
295,1118,Av. La Encalada,0.2532,1.63,1.12,media,media
295,376,Av. Angamos,0.4098,1.95,1.02,alta,media
295,49,Av. Tomas Marsano,0.4319,2.07,1.47,baja,media
295,573,Av. Santa Cruz,0.7069,3.59,1.86,alta,media
295,1060,Av. Salaverry,0.7119,3.68,2.19,media,media
295,317,Av. Angamos,0.7762,3.7,1.61,baja,media
296,282,Av. Petit Thouars,0.6947,2.65,1.65,alta,baja
296,1271,Av. 28 de Julio,0.7662,2.43,1.91,baja,baja
296,775,Av. Angamos,0.7727,3.39,2.11,baja,baja
296,1280,Av. La Marina,1.0415,3.96,1.67,alta,baja
296,233,Av. 28 de Julio,1.0939,3.71,1.65,media,baja
296,1303,Av. Angamos,1.1106,4.28,2.0,media,baja
297,1173,Av. Brasil,0.3505,1.35,1.63,media,baja
297,21,Av. La Encalada,0.3963,1.63,1.19,alta,baja
297,61,Av. Larco,0.5857,2.5,1.92,baja,baja
297,1053,Av. Larco,0.6156,2.33,1.78,media,baja
297,787,Av. Angamos,0.7121,2.57,1.29,baja,baja
297,321,Av. Brasil,1.1825,3.96,2.57,baja,baja
298,532,Av. Benavides,0.3306,2.63,1.89,media,baja
298,478,Via Expresa,0.6367,3.29,1.42,alta,baja
298,770,Av. Petit Thouars,0.6682,2.29,1.79,baja,baja
298,1452,Av. Brasil,0.6757,2.32,1.82,baja,baja
298,1256,Av. Tomas Marsano,0.7303,2.79,1.48,alta,baja
298,1357,Av. Arequipa,0.7883,2.96,2.4,baja,baja
299,105,Av. El Derby,0.7481,5.6,1.34,alta,muy_alta
299,1172,Av. Tomas Marsano,0.8012,5.19,1.34,alta,muy_alta
299,448,Av. Angamos,0.8019,4.86,1.97,baja,muy_alta
299,111,Av. Universitaria,0.8093,5.82,2.19,alta,muy_alta
299,1057,Av. Angamos,0.9099,6.91,2.33,baja,muy_alta
299,310,Av. Angamos,0.9153,6.51,2.06,alta,muy_alta
300,1180,Av. Brasil,0.3133,2.24,0.94,alta,baja
300,1397,Av. Brasil,0.5012,1.58,1.96,baja,baja
300,1297,Av. El Derby,0.5855,2.53,1.15,alta,baja
300,1407,Av. La Encalada,0.6282,2.2,1.3,media,baja
300,597,Av. Javier Prado,0.6316,1.84,1.63,media,baja
300,1229,Av. Universitaria,0.658,2.91,1.35,baja,baja
301,883,Av. Universitaria,0.0911,1.85,1.41,media,baja
301,66,Av. Aviacion,0.209,1.89,0.84,media,baja
301,155,Av. Javier Prado,0.3024,2.02,0.87,alta,baja
301,1309,Av. Petit Thouars,0.399,1.48,1.18,baja,baja
301,258,Av. El Derby,0.4167,2.68,1.15,baja,baja
301,1156,Av. Colonial,0.4636,2.06,1.61,media,baja
302,1325,Av. El Derby,0.7383,2.55,2.32,baja,baja
302,1290,Av. Aviacion,0.7593,2.9,2.28,media,baja
302,1063,Av. Colonial,0.8444,3.68,1.44,media,baja
302,382,Av. Larco,0.9646,2.97,1.92,alta,baja
302,1409,Av. Larco,1.0524,3.9,1.68,media,baja
302,433,Av. Universitaria,1.0736,3.26,2.38,baja,baja
303,1352,Av. 28 de Julio,0.3918,1.6,1.85,alta,baja
303,1288,Av. Santa Cruz,0.5023,2.13,1.24,baja,baja
303,254,Av. La Marina,0.8525,2.99,1.8,baja,baja
303,489,Av. Caminos del Inca,0.9931,3.57,2.45,baja,baja
303,655,Av. Santa Cruz,1.0403,4.07,2.74,baja,baja
303,796,Av. Benavides,1.0502,3.56,2.08,baja,baja
304,605,Av. Santa Cruz,0.1878,1.28,1.45,media,media
304,127,Av. La Marina,0.2124,1.35,1.5,alta,media
304,1044,Av. Aviacion,0.3128,2.68,1.68,baja,media
304,501,Av. Primavera,0.3324,2.0,1.18,baja,media
304,871,Av. Caminos del Inca,0.4842,2.75,1.04,media,media
304,950,Av. Universitaria,0.7172,2.99,2.05,alta,media
305,241,Av. Angamos,0.2676,1.46,0.8,alta,baja
305,614,Av. Angamos,0.2855,1.74,1.15,alta,baja
305,813,Av. Caminos del Inca,0.3094,2.0,1.63,media,baja
305,1269,Av. Salaverry,0.3837,1.65,1.14,media,baja
305,423,Av. Santa Cruz,0.4234,2.33,1.69,media,baja
305,1313,Av. Caminos del Inca,0.4646,1.95,1.43,baja,baja
306,145,Av. Petit Thouars,0.1018,1.62,1.36,baja,media
306,459,Av. Caminos del Inca,0.2334,1.7,1.45,alta,media
306,1324,Av. Universitaria,0.2573,1.76,1.65,baja,media
306,971,Av. Petit Thouars,0.2589,2.33,1.08,media,media
306,396,Av. Angamos,0.3125,2.11,1.79,media,media
306,663,Av. Petit Thouars,0.3346,1.8,1.78,alta,media
307,1285,Av. Javier Prado,0.5659,3.21,1.87,media,baja
307,749,Av. Arequipa,0.5934,2.87,1.69,media,baja
307,1103,Av. La Encalada,0.6289,2.99,1.31,alta,baja
307,1409,Av. Javier Prado,0.7023,2.43,2.12,alta,baja
307,1468,Av. Tomas Marsano,0.9289,4.05,1.64,alta,baja
307,953,Av. Javier Prado,0.9355,3.76,2.11,baja,baja
308,604,Av. Brasil,0.349,1.94,1.09,media,baja
308,36,Av. Brasil,0.4063,2.9,0.89,media,baja
308,1018,Av. La Marina,0.6093,2.43,1.94,media,baja
308,474,Av. Aviacion,0.6234,2.13,1.63,media,baja
308,353,Av. Brasil,0.7217,2.43,2.3,alta,baja
308,1493,Av. Petit Thouars,0.7236,1.93,2.02,baja,baja
309,672,Av. Brasil,0.071,1.86,1.37,baja,media
309,267,Av. La Encalada,0.1407,0.94,0.99,baja,media
309,70,Av. Colonial,0.2668,2.16,1.03,alta,media
309,889,Av. Benavides,0.6306,2.39,1.63,media,media
309,1426,Av. Universitaria,0.6384,2.74,1.86,alta,media
309,0,Av. Primavera,0.7532,4.02,2.02,media,media
310,1462,Av. Benavides,0.3858,2.79,1.44,alta,muy_alta
310,158,Av. Larco,0.4526,3.22,0.99,alta,muy_alta
310,0,Av. Santa Cruz,0.6679,5.2,2.1,alta,muy_alta
310,410,Av. Arequipa,0.6912,5.2,2.26,alta,muy_alta
310,908,Av. Angamos,0.7735,4.8,1.64,alta,muy_alta
310,299,Av. Larco,0.9153,5.69,2.02,media,muy_alta
311,842,Av. Angamos,0.4279,2.41,1.23,media,baja
311,1237,Av. Arequipa,0.4583,2.42,1.95,media,baja
311,684,Av. 28 de Julio,0.6104,2.93,2.03,alta,baja
311,1027,Av. Angamos,0.7326,2.9,2.31,baja,baja
311,1220,Av. Tomas Marsano,1.0311,3.48,1.74,baja,baja
311,206,Av. Caminos del Inca,1.1545,4.22,1.95,media,baja
312,866,Av. 28 de Julio,0.2048,2.46,1.65,media,media
312,1169,Av. Universitaria,0.2646,2.24,1.44,baja,media
312,686,Av. El Derby,0.4206,1.88,1.91,baja,media
312,131,Av. Petit Thouars,0.5918,2.43,1.53,media,media
312,156,Av. Brasil,0.6814,2.59,1.46,baja,media
312,600,Av. Javier Prado,0.6916,2.64,1.78,baja,media
313,1482,Av. Brasil,0.3729,1.34,1.67,alta,baja
313,598,Av. Angamos,0.5728,1.83,1.62,alta,baja
313,940,Av. Petit Thouars,0.6397,3.03,1.13,alta,baja
313,107,Av. Colonial,0.7422,1.93,1.57,media,baja
313,1417,Av. Primavera,0.7429,2.3,2.08,alta,baja
313,469,Av. Aviacion,0.7666,2.92,1.51,alta,baja
314,520,Av. Aviacion,0.0182,0.96,0.99,media,media
314,945,Av. Caminos del Inca,0.293,2.33,1.34,media,media
314,1007,Av. Javier Prado,0.3195,1.51,1.35,media,media
314,623,Av. Primavera,0.3799,1.52,1.95,baja,media
314,392,Av. Caminos del Inca,0.6095,2.61,2.19,alta,media
314,1377,Av. La Encalada,0.6239,2.96,1.79,alta,media
315,891,Av. Colonial,0.207,1.23,1.57,baja,media
315,81,Av. Petit Thouars,0.2521,2.22,1.06,alta,media
315,408,Av. El Derby,0.3219,1.89,1.72,alta,media
315,1491,Av. Benavides,0.3743,2.71,0.81,media,media
315,978,Av. Arequipa,0.3897,2.88,1.7,media,media
315,460,Av. Petit Thouars,0.413,2.79,1.52,baja,media
316,893,Via Expresa,0.2594,2.64,1.44,baja,muy_alta
316,71,Av. Salaverry,0.3236,3.01,1.63,alta,muy_alta
316,898,Av. Salaverry,0.4957,4.53,1.78,alta,muy_alta
316,1057,Av. Santa Cruz,0.5575,3.71,1.31,alta,muy_alta
316,1172,Av. Santa Cruz,0.6395,4.5,2.13,alta,muy_alta
316,657,Av. Benavides,0.6473,5.31,2.11,media,muy_alta
317,618,Av. 28 de Julio,0.305,1.89,1.79,baja,media
317,1442,Av. Benavides,0.3058,1.66,1.0,baja,media
317,578,Av. Santa Cruz,0.4441,2.16,0.84,media,media
317,573,Av. 28 de Julio,0.4686,2.81,1.44,alta,media
317,1040,Av. La Marina,0.5955,2.06,1.48,baja,media
317,635,Av. Primavera,0.6653,3.89,1.34,alta,media
318,585,Av. 28 de Julio,0.1186,1.95,0.64,media,baja
318,1120,Av. 28 de Julio,0.2777,2.49,0.85,baja,baja
318,660,Via Expresa,0.3333,1.58,0.97,alta,baja
318,743,Av. Salaverry,0.4265,2.56,0.96,media,baja
318,1202,Av. Petit Thouars,0.4613,2.89,1.17,alta,baja
318,32,Av. Primavera,0.9002,3.77,2.09,alta,baja
319,774,Av. Larco,0.3558,2.86,0.81,alta,media
319,767,Av. Colonial,0.4753,2.73,1.39,alta,media
319,491,Av. Aviacion,0.7417,2.62,1.77,alta,media
319,504,Av. Javier Prado,0.758,2.37,2.11,baja,media
319,239,Av. Tomas Marsano,0.7854,3.26,2.05,baja,media
319,1310,Av. Benavides,0.8108,4.23,1.6,media,media
320,421,Av. La Encalada,0.5982,1.84,1.33,media,baja
320,886,Av. Santa Cruz,0.8322,3.67,1.67,media,baja
320,1405,Av. Primavera,0.8944,2.82,2.19,media,baja
320,17,Av. Petit Thouars,0.9208,3.0,1.61,media,baja
320,943,Av. Tomas Marsano,0.9689,4.24,1.66,baja,baja
320,1368,Av. Caminos del Inca,1.0716,3.63,2.37,alta,baja
321,233,Av. Universitaria,0.2381,2.2,0.73,alta,baja
321,282,Av. Javier Prado,0.5544,2.51,2.02,media,baja
321,1271,Av. Salaverry,0.6832,2.86,1.19,media,baja
321,1173,Av. Javier Prado,0.8763,2.46,1.79,baja,baja
321,787,Av. Aviacion,1.0518,3.75,2.36,alta,baja
321,1303,Av. Petit Thouars,1.1693,3.52,1.75,alta,baja
322,80,Av. El Derby,0.2584,1.87,0.81,baja,media
322,511,Av. La Encalada,0.5266,2.0,1.79,alta,media
322,1423,Av. Primavera,0.5433,2.87,1.92,media,media
322,525,Av. Universitaria,0.578,3.63,1.39,baja,media
322,676,Av. Caminos del Inca,0.6263,2.74,1.39,media,media
322,251,Av. El Derby,0.644,2.5,1.99,baja,media
323,1338,Av. Larco,0.2223,1.7,0.8,media,baja
323,84,Av. Tomas Marsano,0.3959,1.5,1.47,baja,baja
323,1100,Av. Aviacion,0.6423,3.15,2.0,alta,baja
323,1407,Av. El Derby,0.7813,2.81,1.62,media,baja
323,597,Av. 28 de Julio,0.8004,3.42,1.87,baja,baja
323,1229,Av. Santa Cruz,0.8384,3.06,1.77,baja,baja
324,594,Av. Javier Prado,0.1591,1.69,1.28,baja,baja
324,1299,Av. Arequipa,0.411,2.04,1.02,media,baja
324,649,Av. La Marina,0.4997,2.96,1.58,media,baja
324,662,Av. Brasil,0.5362,2.94,1.47,baja,baja
324,247,Av. Colonial,0.714,2.9,2.08,baja,baja
324,64,Av. Angamos,0.8651,2.98,1.97,alta,baja
325,824,Av. Javier Prado,0.308,2.28,1.42,media,baja
325,250,Av. Primavera,0.4264,2.68,1.15,baja,baja
325,1,Av. Caminos del Inca,0.5796,2.81,1.77,alta,baja
325,716,Av. El Derby,0.7584,2.5,1.55,alta,baja
325,7,Av. Larco,0.7999,3.13,1.28,alta,baja
325,235,Av. Colonial,0.8245,3.15,1.64,alta,baja
326,212,Av. Tomas Marsano,0.2924,1.24,0.98,media,media
326,755,Av. Tomas Marsano,0.3872,3.02,0.99,media,media
326,217,Av. Petit Thouars,0.4357,3.13,1.07,baja,media
326,1096,Av. Angamos,0.4459,2.43,1.48,alta,media
326,781,Av. Benavides,0.532,2.31,1.84,baja,media
326,1124,Av. Arequipa,0.7988,3.66,1.41,alta,media
327,248,Av. 28 de Julio,0.4668,2.71,1.29,media,baja
327,513,Av. Tomas Marsano,0.5689,2.84,1.72,baja,baja
327,1246,Av. Salaverry,0.7364,3.41,1.96,alta,baja
327,1082,Av. Salaverry,0.9152,3.61,2.17,baja,baja
327,467,Av. Javier Prado,1.0817,3.02,2.1,baja,baja
327,74,Av. Petit Thouars,1.1192,3.79,2.3,baja,baja
328,676,Av. Primavera,0.2172,1.42,1.53,alta,baja
328,1499,Av. Caminos del Inca,0.4176,1.63,1.24,baja,baja
328,80,Av. 28 de Julio,0.4942,2.13,1.65,media,baja
328,1260,Av. Petit Thouars,0.4965,2.09,1.98,baja,baja
328,349,Av. Colonial,0.5058,2.71,1.65,alta,baja
328,1161,Av. Benavides,0.5505,1.86,1.88,media,baja
329,288,Av. Salaverry,0.0719,0.94,0.49,baja,baja
329,83,Av. La Encalada,0.1974,1.42,1.4,alta,baja
329,73,Av. Angamos,0.1978,1.95,1.35,baja,baja
329,44,Av. 28 de Julio,0.5063,2.94,1.78,media,baja
329,1079,Av. Benavides,0.588,2.27,2.13,baja,baja
329,1365,Av. Universitaria,0.6066,1.91,1.15,baja,baja
330,51,Av. Angamos,0.3194,1.59,1.1,media,baja
330,164,Av. Angamos,0.4657,1.7,1.08,alta,baja
330,1388,Av. Universitaria,0.5164,1.84,1.77,media,baja
330,57,Av. Javier Prado,0.567,2.02,2.1,alta,baja
330,341,Av. Larco,0.7308,3.09,2.34,media,baja
330,90,Av. 28 de Julio,0.8552,3.69,1.94,media,baja
331,1074,Av. Aviacion,0.1376,1.24,0.8,media,baja
331,981,Av. Universitaria,0.4538,2.1,1.97,alta,baja
331,934,Av. Tomas Marsano,0.6969,2.77,2.07,baja,baja
331,515,Av. Petit Thouars,0.8076,3.35,1.51,media,baja
331,1052,Av. Petit Thouars,0.9315,3.15,2.36,alta,baja
331,332,Av. 28 de Julio,1.2739,4.38,1.88,alta,baja
332,856,Av. Aviacion,0.4683,2.04,1.95,media,baja
332,1454,Av. Larco,0.8694,2.87,1.51,media,baja
332,438,Av. Javier Prado,0.9151,3.33,2.52,alta,baja
332,941,Av. Santa Cruz,0.9166,3.65,2.36,media,baja
332,117,Av. Santa Cruz,1.0616,3.99,2.05,alta,baja
332,331,Av. La Encalada,1.2739,4.24,2.64,baja,baja
333,1192,Av. Tomas Marsano,0.1037,1.56,1.28,media,alta
333,1472,Av. Aviacion,0.2224,2.73,1.61,media,alta
333,483,Av. Brasil,0.2593,2.8,1.48,baja,alta
333,1402,Av. 28 de Julio,0.485,3.5,1.02,alta,alta
333,1494,Av. Tomas Marsano,0.5249,3.69,1.72,baja,alta
333,764,Av. Brasil,0.5319,3.23,0.95,media,alta
334,6,Av. Colonial,0.3123,1.83,0.79,baja,baja
334,245,Av. Petit Thouars,0.3348,1.53,0.8,alta,baja
334,472,Av. Salaverry,0.3718,2.32,1.05,alta,baja
334,429,Av. Arequipa,0.5507,1.97,1.45,alta,baja
334,1024,Via Expresa,1.0009,4.17,1.78,alta,baja
334,1387,Av. Arequipa,1.0816,3.66,2.72,baja,baja
335,1142,Av. La Encalada,0.0201,1.95,1.42,alta,baja
335,1222,Av. Angamos,0.1581,1.34,0.77,baja,baja
335,18,Av. Larco,0.2265,1.74,1.37,baja,baja
335,1009,Av. Petit Thouars,0.3229,1.55,1.44,baja,baja
335,1487,Av. Javier Prado,0.3511,1.56,1.44,alta,baja
335,700,Av. Angamos,0.3898,1.45,1.48,alta,baja
336,394,Av. El Derby,0.5145,2.54,1.24,baja,media
336,215,Av. Universitaria,0.6302,2.61,1.12,alta,media
336,797,Av. La Marina,0.987,3.62,2.55,baja,media
336,1359,Av. Universitaria,1.1217,3.93,2.44,baja,media
336,1320,Av. Santa Cruz,1.541,6.14,2.36,media,media
336,1133,Av. Primavera,1.6202,5.53,2.96,alta,media
337,1390,Av. Caminos del Inca,0.1582,1.56,0.66,media,baja
337,1327,Av. El Derby,0.4212,2.0,1.35,alta,baja
337,906,Av. Universitaria,0.5156,2.08,1.68,media,baja
337,1468,Av. Benavides,0.7042,3.33,1.57,alta,baja
337,1331,Av. Larco,0.7798,2.23,2.43,baja,baja
337,433,Av. Tomas Marsano,0.8203,3.35,1.68,baja,baja
338,134,Av. Angamos,0.1676,1.7,1.34,baja,media
338,491,Av. El Derby,0.594,3.31,1.8,media,media
338,420,Av. Brasil,0.6526,3.63,1.3,media,media
338,239,Av. Colonial,0.6997,3.5,1.37,baja,media
338,10,Av. Arequipa,0.7067,2.67,1.62,baja,media
338,595,Av. Salaverry,0.7881,4.05,1.6,media,media
339,996,Av. Salaverry,0.356,1.32,1.62,baja,baja
339,1439,Av. Aviacion,0.7309,2.8,1.65,media,baja
339,1137,Av. Benavides,1.2999,4.43,2.62,baja,baja
339,1163,Av. La Marina,1.3354,3.54,3.06,baja,baja
339,1451,Av. Aviacion,1.3444,4.39,2.3,baja,baja
339,911,Av. Aviacion,1.3869,3.89,2.11,media,baja
340,1060,Av. Javier Prado,0.3066,1.51,1.83,baja,media
340,376,Av. Santa Cruz,0.5929,3.58,1.69,baja,media
340,1108,Av. El Derby,0.7154,3.14,1.22,baja,media
340,49,Av. Aviacion,0.809,3.92,1.57,baja,media
340,1430,Av. Caminos del Inca,0.8214,2.95,1.3,alta,media
340,643,Av. Santa Cruz,0.9375,3.44,1.78,media,media
341,90,Av. Larco,0.3021,1.56,1.36,baja,baja
341,174,Av. La Encalada,0.3502,2.18,0.82,baja,baja
341,51,Av. La Marina,0.4159,2.22,1.69,media,baja
341,330,Av. La Encalada,0.7308,2.24,2.35,media,baja
341,1388,Av. 28 de Julio,0.7956,2.85,2.0,media,baja
341,97,Av. La Marina,0.8065,3.64,2.37,baja,baja
342,757,Av. Javier Prado,0.4627,1.76,1.72,media,baja
342,218,Av. Angamos,0.4746,2.05,2.02,baja,baja
342,692,Av. Javier Prado,0.513,2.16,1.47,baja,baja
342,959,Av. Angamos,0.575,3.09,2.01,media,baja
342,473,Av. Primavera,0.782,3.41,1.87,baja,baja
342,596,Av. Larco,0.7864,2.51,2.08,baja,baja
343,1233,Av. La Encalada,0.2556,2.22,1.44,media,baja
343,348,Av. La Marina,0.4504,2.26,1.79,alta,baja
343,671,Av. Primavera,0.5065,1.9,2.05,media,baja
343,1469,Av. Santa Cruz,0.6472,3.02,1.5,alta,baja
343,186,Av. La Encalada,0.8212,3.24,2.21,media,baja
343,1062,Av. Santa Cruz,0.936,3.98,1.98,baja,baja
344,1131,Av. Arequipa,0.3581,2.66,0.9,alta,baja
344,1496,Av. La Encalada,0.3759,2.26,1.62,media,baja
344,534,Av. Salaverry,0.4626,1.9,1.92,alta,baja
344,655,Av. Aviacion,0.617,2.13,2.14,alta,baja
344,995,Av. Angamos,0.6524,2.7,1.11,media,baja
344,172,Av. Angamos,0.7262,2.39,1.93,alta,baja
345,713,Av. Salaverry,0.226,2.21,1.24,baja,media
345,1475,Av. Angamos,0.2384,1.31,0.73,media,media
345,92,Av. Primavera,0.4781,2.87,0.93,media,media
345,880,Av. Caminos del Inca,0.5203,2.47,2.02,alta,media
345,386,Av. Angamos,0.5238,2.99,1.87,baja,media
345,42,Av. Angamos,0.6943,2.71,1.4,baja,media
346,1163,Av. Angamos,0.4923,2.94,1.78,alta,baja
346,752,Av. Tomas Marsano,0.5252,2.19,2.06,media,baja
346,486,Av. Angamos,0.6171,1.84,1.72,baja,baja
346,758,Av. Larco,0.6409,2.25,2.08,alta,baja
346,1451,Via Expresa,0.6677,2.94,2.22,baja,baja
346,911,Av. La Encalada,0.7511,2.6,2.38,baja,baja
347,1037,Av. Arequipa,0.312,2.33,1.03,alta,media
347,794,Av. Caminos del Inca,0.3742,2.01,1.69,alta,media
347,1161,Av. Tomas Marsano,0.4292,1.7,1.73,media,media
347,1004,Av. Caminos del Inca,0.4471,2.2,1.98,media,media
347,235,Av. Brasil,0.5393,2.2,1.02,alta,media
347,349,Av. La Encalada,0.5476,3.02,1.22,baja,media
348,671,Av. La Marina,0.1158,2.15,1.32,baja,baja
348,1233,Av. Santa Cruz,0.2226,1.89,1.01,media,baja
348,343,Av. Caminos del Inca,0.4504,2.79,1.8,alta,baja
348,965,Av. Tomas Marsano,0.8451,2.61,2.42,alta,baja
348,1304,Av. Tomas Marsano,0.8652,3.43,1.97,alta,baja
348,361,Av. La Encalada,0.8874,3.02,2.46,baja,baja
349,196,Av. Primavera,0.1504,1.08,0.92,alta,baja
349,1260,Av. 28 de Julio,0.3167,2.42,1.05,alta,baja
349,1161,Av. Aviacion,0.3261,1.9,1.77,media,baja
349,821,Av. Primavera,0.363,2.54,1.01,baja,baja
349,1499,Av. El Derby,0.3953,1.42,1.37,media,baja
349,676,Av. Petit Thouars,0.4801,2.52,0.96,baja,baja
350,927,Via Expresa,1.0144,3.58,2.38,media,baja
350,37,Av. El Derby,1.0597,3.39,2.71,alta,baja
350,146,Av. La Encalada,1.5763,4.05,2.22,media,baja
350,815,Av. Aviacion,1.6726,4.05,2.62,media,baja
350,1221,Av. Caminos del Inca,1.685,5.32,3.51,alta,baja
350,629,Av. El Derby,1.7287,5.08,3.4,alta,baja
351,1223,Av. Aviacion,0.693,2.96,1.85,media,baja
351,708,Av. Aviacion,0.934,3.6,1.72,baja,baja
351,1455,Av. Tomas Marsano,1.0056,3.31,2.26,alta,baja
351,50,Av. Colonial,1.1267,4.47,2.35,baja,baja
351,617,Av. Benavides,1.2802,3.96,1.84,media,baja
351,171,Av. La Marina,1.2835,4.98,2.68,media,baja
352,407,Av. Santa Cruz,0.1351,1.86,1.24,alta,alta
352,895,Av. Petit Thouars,0.5087,3.42,1.03,alta,alta
352,1410,Av. Larco,0.5799,3.48,1.97,baja,alta
352,798,Av. Larco,0.6465,3.05,1.64,baja,alta
352,1139,Av. Primavera,0.7022,3.48,1.56,alta,alta
352,2,Av. Larco,0.9116,4.72,2.37,alta,alta
353,1018,Av. Larco,0.2488,1.36,1.73,media,baja
353,1079,Av. Colonial,0.2805,1.89,1.62,baja,baja
353,1497,Av. Benavides,0.3051,1.29,0.77,baja,baja
353,1365,Av. Angamos,0.4477,2.31,1.8,alta,baja
353,1493,Via Expresa,0.4637,1.75,1.89,baja,baja
353,1129,Av. Salaverry,0.573,2.53,1.37,alta,baja
354,1239,Via Expresa,0.3843,2.75,0.97,alta,baja
354,1333,Av. Colonial,0.6858,3.23,2.26,alta,baja
354,73,Av. Angamos,0.7208,2.76,2.18,baja,baja
354,288,Av. Aviacion,0.8753,3.42,1.94,baja,baja
354,83,Av. Primavera,0.8864,2.76,2.03,baja,baja
354,851,Av. Caminos del Inca,0.8886,3.24,1.88,alta,baja
355,1441,Av. Larco,0.2746,1.3,0.84,media,media
355,231,Av. Primavera,0.3534,2.87,0.79,alta,media
355,26,Av. Salaverry,0.4088,2.18,1.33,media,media
355,733,Av. Petit Thouars,0.4673,2.88,1.79,media,media
355,381,Av. 28 de Julio,0.4799,2.28,1.66,baja,media
355,563,Av. Caminos del Inca,0.4804,2.31,1.18,alta,media
356,406,Av. Angamos,0.1375,1.62,1.07,baja,baja
356,719,Av. El Derby,0.2281,2.43,1.69,media,baja
356,76,Av. Larco,0.3556,1.8,1.7,media,baja
356,3,Av. Aviacion,0.4639,1.89,1.2,media,baja
356,1017,Via Expresa,0.607,2.35,1.69,media,baja
356,701,Av. Primavera,0.6699,1.94,1.95,baja,baja
357,1107,Av. Arequipa,0.2562,2.09,0.73,media,media
357,834,Av. Aviacion,0.4367,3.08,1.86,media,media
357,794,Av. Tomas Marsano,0.4762,2.57,0.88,alta,media
357,1004,Via Expresa,0.6258,3.12,2.24,alta,media
357,447,Av. Javier Prado,0.6325,2.85,1.29,baja,media
357,716,Av. 28 de Julio,0.6714,3.21,1.46,baja,media
358,1165,Av. Javier Prado,0.3136,2.29,1.35,alta,baja
358,1382,Av. Universitaria,0.369,2.76,1.24,alta,baja
358,1330,Av. Tomas Marsano,0.5181,2.94,2.1,alta,baja
358,1247,Av. Primavera,0.9064,3.82,1.49,baja,baja
358,503,Av. Benavides,1.077,3.52,2.5,baja,baja
358,903,Via Expresa,1.1088,4.41,2.32,media,baja
359,721,Via Expresa,0.0981,2.24,0.93,baja,media
359,1196,Av. Tomas Marsano,0.1764,1.7,0.79,media,media
359,572,Via Expresa,0.2628,1.85,1.43,media,media
359,546,Av. Benavides,0.3655,2.43,0.78,baja,media
359,1371,Av. Petit Thouars,0.3666,2.42,1.49,media,media
359,902,Av. Brasil,0.5982,3.45,1.57,baja,media
360,832,Av. Primavera,0.2017,2.85,0.64,baja,alta
360,227,Av. Tomas Marsano,0.4812,2.66,1.12,alta,alta
360,1078,Av. Primavera,0.4824,2.73,1.6,media,alta
360,705,Av. Caminos del Inca,0.5866,3.06,1.36,media,alta
360,636,Av. Santa Cruz,0.6141,3.21,1.67,alta,alta
360,199,Av. Benavides,0.6159,3.47,1.7,baja,alta
361,965,Av. Benavides,0.0694,1.85,1.5,media,baja
361,1304,Av. Salaverry,0.4499,1.41,0.93,media,baja
361,1264,Av. La Encalada,0.4765,2.37,2.04,media,baja
361,1077,Av. Universitaria,0.5192,2.05,1.32,alta,baja
361,39,Av. Larco,0.5907,2.16,1.47,alta,baja
361,890,Av. Larco,0.6482,1.97,1.36,baja,baja
362,1048,Av. Benavides,0.5143,2.88,1.12,baja,baja
362,419,Av. Tomas Marsano,0.5997,1.81,1.56,media,baja
362,1343,Via Expresa,0.614,2.26,2.05,alta,baja
362,1309,Av. Universitaria,0.967,2.89,2.17,alta,baja
362,706,Av. Universitaria,0.9927,3.02,2.36,alta,baja
362,66,Av. Larco,0.9937,3.61,2.65,media,baja
363,1098,Av. 28 de Julio,0.1303,1.55,1.58,alta,baja
363,1446,Av. Petit Thouars,0.3741,1.72,1.02,baja,baja
363,894,Av. Aviacion,0.3905,2.18,1.91,baja,baja
363,514,Av. Santa Cruz,0.8732,3.95,2.21,alta,baja
363,913,Av. Colonial,0.9261,2.99,2.12,media,baja
363,72,Av. Primavera,0.9723,3.39,2.08,alta,baja
364,481,Av. El Derby,0.0542,1.99,1.2,baja,media
364,674,Av. Primavera,0.1057,1.32,0.94,baja,media
364,24,Av. Angamos,0.1531,1.58,1.27,media,media
364,412,Av. Caminos del Inca,0.1812,2.22,0.85,media,media
364,644,Av. La Encalada,0.1919,1.23,0.74,media,media
364,1061,Av. Caminos del Inca,0.2001,2.01,0.95,media,media
365,538,Av. Javier Prado,0.3826,2.58,1.88,media,baja
365,384,Av. Primavera,0.4043,1.44,1.68,baja,baja
365,739,Av. Petit Thouars,0.4139,2.05,0.98,media,baja
365,1109,Via Expresa,0.5077,2.34,1.84,baja,baja
365,1479,Av. Colonial,0.6475,2.33,1.39,baja,baja
365,128,Via Expresa,0.6854,2.68,1.93,alta,baja
366,409,Av. Primavera,0.5343,2.69,1.84,media,baja
366,913,Av. La Encalada,0.6395,2.25,1.96,alta,baja
366,175,Av. Primavera,0.7185,2.51,1.67,alta,baja
366,1263,Av. Caminos del Inca,0.8676,2.24,2.11,alta,baja
366,72,Av. Aviacion,1.0051,2.63,2.62,baja,baja
366,1446,Av. Colonial,1.0324,2.98,1.7,alta,baja
367,197,Av. Benavides,0.1595,1.86,0.72,media,baja
367,1328,Av. Caminos del Inca,0.2158,1.41,1.34,alta,baja
367,909,Av. El Derby,0.4241,2.12,1.28,media,baja
367,665,Av. Caminos del Inca,1.2367,4.18,2.16,alta,baja
367,296,Av. 28 de Julio,1.2671,3.43,2.25,media,baja
367,282,Av. Primavera,1.4434,5.05,3.0,media,baja
368,697,Av. Tomas Marsano,0.0931,1.17,0.59,alta,media
368,151,Av. Arequipa,0.1411,2.26,1.36,baja,media
368,205,Av. Benavides,0.2303,1.19,0.77,alta,media
368,1002,Av. Aviacion,0.2653,1.23,1.29,alta,media
368,1323,Av. El Derby,0.4129,1.89,1.64,media,media
368,1370,Av. Caminos del Inca,0.5181,2.58,1.3,media,media
369,1358,Av. Petit Thouars,0.7103,2.89,1.72,baja,baja
369,678,Av. Brasil,1.0784,3.56,1.64,baja,baja
369,1042,Av. El Derby,1.3517,4.65,2.84,alta,baja
369,556,Av. Primavera,1.4032,4.38,2.94,media,baja
369,1187,Av. Santa Cruz,1.5663,4.45,3.16,media,baja
369,870,Av. Arequipa,1.9974,4.86,3.35,alta,baja
370,392,Av. Primavera,0.1044,0.96,1.34,alta,media
370,1088,Av. Javier Prado,0.3319,1.7,1.81,media,media
370,1076,Av. Aviacion,0.4094,2.02,1.97,baja,media
370,1084,Via Expresa,0.4532,2.21,1.09,baja,media
370,589,Via Expresa,0.4549,3.11,1.95,alta,media
370,1153,Via Expresa,0.5375,2.05,1.71,alta,media
371,1460,Av. Universitaria,0.4133,1.98,1.56,baja,baja
371,699,Av. La Encalada,0.4891,1.84,1.32,alta,baja
371,1043,Av. Aviacion,0.551,1.76,1.54,media,baja
371,990,Av. Salaverry,0.6537,2.81,1.8,media,baja
371,1236,Av. Petit Thouars,0.7031,3.05,1.29,baja,baja
371,147,Av. La Encalada,0.7108,3.25,2.29,baja,baja
372,48,Av. Benavides,0.0724,2.1,1.54,media,baja
372,942,Av. Benavides,0.2679,2.2,0.79,alta,baja
372,241,Av. La Encalada,0.2696,2.15,0.99,baja,baja
372,225,Av. La Encalada,0.2867,1.63,1.41,media,baja
372,628,Av. Benavides,0.3924,1.68,1.23,media,baja
372,1411,Av. Salaverry,0.4235,1.77,1.44,media,baja
373,237,Via Expresa,0.2885,1.55,1.38,media,baja
373,545,Av. Petit Thouars,0.2945,1.11,1.42,alta,baja
373,922,Av. Universitaria,0.381,2.79,1.71,media,baja
373,614,Av. La Encalada,0.4165,2.18,1.02,baja,baja
373,1313,Av. Caminos del Inca,0.4266,1.56,0.89,media,baja
373,1036,Av. Angamos,0.4323,2.47,1.2,alta,baja
374,679,Av. Caminos del Inca,0.1131,0.89,0.78,alta,media
374,966,Via Expresa,0.1982,1.75,0.8,baja,media
374,228,Av. El Derby,0.2653,1.67,1.22,alta,media
374,1122,Av. La Encalada,0.2875,1.94,0.7,baja,media
374,439,Av. Universitaria,0.3196,2.72,0.83,baja,media
374,1322,Av. El Derby,0.4166,2.59,1.82,baja,media
375,194,Av. Benavides,0.2763,1.28,0.65,baja,baja
375,1306,Av. Universitaria,0.2852,2.34,1.45,media,baja
375,1179,Av. Brasil,0.4787,1.57,1.69,baja,baja
375,1423,Av. Tomas Marsano,0.5724,2.32,1.45,alta,baja
375,540,Av. Tomas Marsano,0.5788,3.05,1.88,media,baja
375,251,Av. Benavides,0.6032,1.78,2.16,alta,baja
376,49,Av. Benavides,0.2953,1.93,1.55,baja,media
376,1060,Av. Javier Prado,0.3037,1.91,1.34,media,media
376,1118,Av. Benavides,0.367,1.9,1.51,media,media
376,295,Av. Arequipa,0.4098,2.31,0.94,alta,media
376,340,Av. Larco,0.5929,2.56,1.44,alta,media
376,1430,Av. Benavides,0.635,3.38,1.19,baja,media
377,846,Av. Colonial,0.1721,0.94,1.3,media,baja
377,1487,Av. Santa Cruz,0.301,2.16,1.36,media,baja
377,18,Av. Larco,0.4134,2.76,1.41,alta,baja
377,1222,Av. Salaverry,0.4763,1.99,1.99,baja,baja
377,67,Via Expresa,0.5349,2.86,1.52,alta,baja
377,110,Av. Angamos,0.5684,2.41,1.93,alta,baja
378,54,Av. Aviacion,0.5896,2.52,1.1,alta,media
378,1198,Av. Caminos del Inca,0.5913,2.55,2.1,alta,media
378,680,Via Expresa,0.661,3.04,1.67,baja,media
378,651,Av. Primavera,0.6678,3.14,1.44,media,media
378,195,Av. Santa Cruz,0.6707,3.69,2.02,baja,media
378,1490,Av. La Marina,0.6792,3.05,1.13,alta,media
379,1143,Av. Colonial,0.2244,2.1,1.54,media,muy_alta
379,616,Av. Aviacion,0.2675,2.0,1.4,alta,muy_alta
379,612,Av. Universitaria,0.4538,3.8,1.46,baja,muy_alta
379,1212,Av. Tomas Marsano,0.5803,3.31,1.75,baja,muy_alta
379,152,Av. Universitaria,0.6998,4.72,1.87,alta,muy_alta
379,1337,Av. 28 de Julio,0.7007,4.71,1.17,alta,muy_alta
380,819,Via Expresa,0.2767,1.15,0.88,media,baja
380,468,Av. Santa Cruz,0.2921,1.26,0.69,alta,baja
380,648,Av. Aviacion,0.3543,1.44,1.45,alta,baja
380,246,Av. Larco,0.6294,2.52,1.17,media,baja
380,606,Av. Angamos,0.6643,3.31,1.41,media,baja
380,218,Av. Arequipa,0.7885,3.28,1.77,baja,baja
381,1450,Av. Universitaria,0.2472,1.87,1.35,alta,media
381,1441,Av. Javier Prado,0.3066,2.51,0.88,media,media
381,1127,Av. Angamos,0.3635,3.02,0.9,baja,media
381,163,Av. Colonial,0.4199,1.68,0.82,media,media
381,355,Av. Santa Cruz,0.4799,2.48,0.9,baja,media
381,1259,Av. La Encalada,0.5091,3.21,1.31,media,media
382,1290,Via Expresa,0.2139,1.79,1.36,baja,baja
382,1063,Av. El Derby,0.2914,1.81,1.7,alta,baja
382,302,Av. El Derby,0.9646,2.68,1.61,media,baja
382,1409,Via Expresa,1.0806,3.69,2.16,alta,baja
382,1477,Av. Benavides,1.5685,5.44,2.28,media,baja
382,1257,Av. Santa Cruz,1.592,4.25,2.26,media,baja
383,1069,Av. Petit Thouars,0.3865,2.58,1.16,alta,baja
383,839,Av. Petit Thouars,0.5951,2.21,1.78,baja,baja
383,1469,Av. Arequipa,0.813,2.85,1.47,media,baja
383,1062,Av. El Derby,0.8307,3.81,1.43,baja,baja
383,1261,Av. Santa Cruz,0.8474,2.42,2.02,media,baja
383,174,Av. Angamos,1.1427,4.62,1.81,baja,baja
384,739,Av. Benavides,0.1385,2.19,0.57,media,baja
384,1479,Av. Santa Cruz,0.2931,1.73,0.92,media,baja
384,365,Av. Larco,0.4043,2.19,1.04,media,baja
384,710,Av. Larco,0.6904,2.59,2.32,media,baja
384,538,Av. Javier Prado,0.7034,2.32,2.05,alta,baja
384,1109,Av. Brasil,0.7182,2.37,1.93,baja,baja
385,1326,Av. Brasil,0.2124,1.39,1.19,media,alta
385,41,Av. Javier Prado,0.2339,1.53,0.68,alta,alta
385,926,Av. Universitaria,0.2619,1.81,1.5,media,alta
385,954,Via Expresa,0.2762,2.84,1.27,baja,alta
385,1026,Via Expresa,0.4227,3.06,0.83,media,alta
385,841,Av. Primavera,0.4636,2.8,1.97,media,alta
386,42,Av. Santa Cruz,0.2248,1.5,0.84,media,alta
386,880,Av. Universitaria,0.2729,1.67,1.01,media,alta
386,1475,Via Expresa,0.2857,2.44,0.77,baja,alta
386,1429,Av. Petit Thouars,0.3286,2.06,0.89,alta,alta
386,1215,Av. Javier Prado,0.4686,2.6,1.08,alta,alta
386,345,Av. Benavides,0.5238,2.43,1.06,baja,alta
387,858,Av. El Derby,0.1519,1.95,1.03,baja,alta
387,1013,Av. Aviacion,0.2675,3.08,0.96,baja,alta
387,485,Av. La Encalada,0.2768,2.39,1.61,media,alta
387,1476,Av. Tomas Marsano,0.2883,2.49,1.18,alta,alta
387,1148,Av. Santa Cruz,0.3087,2.92,1.52,media,alta
387,783,Av. Arequipa,0.4619,2.27,1.0,baja,alta
388,1,Av. Tomas Marsano,0.277,1.96,1.24,media,baja
388,7,Av. Universitaria,0.378,1.46,1.28,media,baja
388,235,Av. Javier Prado,0.4741,2.51,1.95,media,baja
388,1317,Av. Larco,0.6568,3.51,1.8,alta,baja
388,1037,Av. El Derby,0.6799,2.54,1.59,media,baja
388,1362,Av. Angamos,0.7439,2.83,1.95,alta,baja
389,116,Av. Salaverry,0.3614,2.44,0.98,alta,baja
389,1159,Av. Colonial,0.4302,1.7,1.48,media,baja
389,1294,Av. Benavides,0.4517,1.96,1.27,media,baja
389,1189,Av. Arequipa,0.5177,1.76,0.95,baja,baja
389,999,Av. El Derby,0.5522,1.86,1.48,baja,baja
389,1201,Av. Angamos,0.63,2.92,1.55,alta,baja
390,1348,Av. Primavera,0.2276,1.71,1.23,media,baja
390,208,Av. Larco,0.7625,3.04,1.91,baja,baja
390,1361,Av. La Marina,0.769,3.23,1.77,baja,baja
390,1236,Av. Brasil,0.8863,3.06,2.06,baja,baja
390,147,Av. Caminos del Inca,0.9895,3.14,1.71,media,baja
390,567,Av. Javier Prado,1.0593,3.27,2.42,alta,baja
391,1138,Av. Aviacion,0.1825,1.45,1.38,baja,baja
391,1162,Av. Javier Prado,0.197,1.57,1.32,alta,baja
391,760,Av. Javier Prado,0.3121,2.49,1.78,media,baja
391,1286,Av. Benavides,0.345,1.56,1.59,baja,baja
391,1219,Av. Arequipa,0.3915,2.74,1.12,media,baja
391,1340,Av. Colonial,0.4076,1.56,0.84,baja,baja
392,370,Av. Angamos,0.1044,0.82,0.73,baja,media
392,1088,Av. Larco,0.3315,2.89,1.32,media,media
392,945,Av. Larco,0.4948,3.21,1.94,alta,media
392,1084,Av. Javier Prado,0.51,1.86,1.51,baja,media
392,1076,Av. Colonial,0.512,3.16,1.68,baja,media
392,589,Av. La Encalada,0.5529,2.98,2.11,media,media
393,43,Av. Aviacion,0.2013,2.4,0.74,baja,media
393,725,Av. 28 de Julio,0.2865,1.3,1.06,media,media
393,833,Av. Universitaria,0.4339,2.81,1.54,alta,media
393,591,Av. Caminos del Inca,0.5008,2.52,1.76,baja,media
393,946,Av. Aviacion,0.5598,2.29,1.43,media,media
393,759,Av. Benavides,0.5983,3.55,1.13,media,media
394,215,Av. Tomas Marsano,0.3447,2.06,1.69,alta,media
394,336,Av. El Derby,0.5145,1.88,1.56,media,media
394,797,Av. Colonial,0.832,3.77,2.28,baja,media
394,1133,Av. La Marina,1.4776,5.36,2.1,alta,media
394,1359,Av. Arequipa,1.5879,5.18,3.07,alta,media
394,1089,Av. La Encalada,1.7277,6.63,3.39,baja,media
395,426,Av. Santa Cruz,0.2593,1.95,0.85,alta,alta
395,1245,Av. 28 de Julio,0.3239,3.14,1.45,alta,alta
395,199,Av. La Marina,0.3559,3.31,1.77,media,alta
395,1087,Av. Primavera,0.4102,3.21,1.61,baja,alta
395,669,Av. Larco,0.4621,2.9,1.3,alta,alta
395,276,Av. Primavera,0.5116,3.05,1.66,alta,alta
396,1171,Av. Arequipa,0.0362,1.45,0.74,media,media
396,1324,Av. La Marina,0.1413,2.31,1.39,alta,media
396,262,Av. 28 de Julio,0.2439,1.42,0.62,alta,media
396,459,Av. Arequipa,0.2742,2.63,1.33,baja,media
396,1275,Av. Primavera,0.3058,1.43,1.37,baja,media
396,306,Av. Tomas Marsano,0.3125,1.7,1.85,alta,media
397,1130,Av. Larco,0.3993,3.29,1.33,baja,muy_alta
397,769,Av. Larco,0.4152,2.95,1.37,media,muy_alta
397,275,Av. Salaverry,0.4251,3.26,1.49,media,muy_alta
397,989,Av. Tomas Marsano,0.4281,3.09,1.42,baja,muy_alta
397,901,Av. La Marina,0.4493,4.46,1.98,baja,muy_alta
397,970,Av. Primavera,0.4811,3.32,1.14,alta,muy_alta
398,1335,Av. El Derby,0.249,2.43,1.14,media,media
398,1430,Av. Arequipa,0.3667,3.0,1.74,media,media
398,58,Av. Tomas Marsano,0.396,2.46,1.6,alta,media
398,748,Av. Universitaria,0.5747,2.79,1.75,baja,media
398,94,Av. Petit Thouars,0.7296,3.36,1.3,alta,media
398,643,Av. Santa Cruz,0.7633,3.68,1.45,baja,media
399,790,Av. Primavera,0.3323,2.81,1.81,alta,media
399,13,Av. Petit Thouars,0.4165,2.09,1.43,baja,media
399,621,Av. Angamos,0.7461,3.33,1.24,media,media
399,575,Av. El Derby,0.9005,3.75,1.81,alta,media
399,1289,Av. Angamos,0.9328,3.84,2.05,alta,media
399,852,Av. La Encalada,1.0532,5.06,2.03,baja,media
400,1157,Av. Colonial,0.0591,1.13,0.8,media,alta
400,1428,Av. Benavides,0.1692,2.57,0.67,baja,alta
400,1494,Av. Petit Thouars,0.2386,1.82,1.62,media,alta
400,910,Av. Javier Prado,0.2727,2.75,1.83,media,alta
400,1374,Av. Angamos,0.3118,3.07,1.76,alta,alta
400,1013,Av. Universitaria,0.4157,3.32,1.95,media,alta
401,69,Av. La Encalada,0.0852,2.17,1.58,media,media
401,62,Av. La Encalada,0.3118,2.26,1.15,alta,media
401,1277,Av. La Encalada,0.8046,2.72,2.04,baja,media
401,92,Av. Caminos del Inca,0.9243,3.55,1.52,media,media
401,1282,Av. Colonial,1.1044,3.46,1.91,media,media
401,1188,Av. Tomas Marsano,1.112,5.17,2.16,baja,media
402,727,Av. Arequipa,0.1965,2.38,0.89,media,media
402,99,Av. Universitaria,0.218,1.71,1.33,baja,media
402,82,Av. Aviacion,0.3644,1.93,1.71,baja,media
402,1047,Av. Santa Cruz,0.3877,2.85,1.75,baja,media
402,238,Av. Javier Prado,0.417,2.12,1.56,baja,media
402,932,Av. Universitaria,0.4553,2.16,1.17,media,media
403,810,Av. Benavides,0.4765,1.94,1.91,alta,baja
403,458,Av. Caminos del Inca,0.6126,2.36,2.0,baja,baja
403,1265,Av. Benavides,0.695,2.89,2.06,media,baja
403,1424,Av. Brasil,0.7529,2.54,1.71,baja,baja
403,200,Av. Arequipa,0.881,3.33,1.68,media,baja
403,1032,Av. Tomas Marsano,0.8901,2.99,1.57,media,baja
404,1219,Av. Universitaria,0.134,1.04,0.97,baja,media
404,1046,Av. Arequipa,0.1677,1.43,0.75,media,media
404,1231,Av. La Encalada,0.2968,1.94,1.62,baja,media
404,1138,Av. Angamos,0.3347,2.42,1.88,baja,media
404,523,Av. Santa Cruz,0.4129,2.35,1.26,media,media
404,1408,Av. Petit Thouars,0.4342,1.89,1.48,baja,media
405,1206,Av. Santa Cruz,0.1338,1.25,0.97,alta,media
405,1040,Av. Aviacion,0.1561,1.25,0.73,alta,media
405,635,Av. 28 de Julio,0.2468,1.34,1.36,alta,media
405,578,Av. La Marina,0.3279,2.93,1.15,media,media
405,641,Av. Tomas Marsano,0.4803,2.34,1.34,baja,media
405,573,Av. La Encalada,0.5147,3.22,2.11,alta,media
406,356,Av. La Encalada,0.1375,1.17,1.46,alta,baja
406,76,Av. Santa Cruz,0.2361,2.41,1.34,alta,baja
406,719,Av. La Encalada,0.2678,2.11,1.01,baja,baja
406,3,Av. Salaverry,0.499,1.92,1.05,baja,baja
406,1017,Av. Brasil,0.5008,2.9,2.06,alta,baja
406,701,Av. Universitaria,0.5718,2.25,1.08,alta,baja
407,352,Via Expresa,0.1351,1.11,1.13,media,alta
407,895,Av. Brasil,0.3737,1.85,1.37,media,alta
407,1410,Av. Angamos,0.5962,2.9,1.17,baja,alta
407,1139,Av. La Encalada,0.6035,3.65,1.36,alta,alta
407,798,Av. Tomas Marsano,0.7484,3.83,2.38,media,alta
407,2,Av. Petit Thouars,0.8793,4.99,2.53,media,alta
408,1491,Av. Aviacion,0.1053,1.52,0.58,alta,media
408,891,Av. Benavides,0.1393,2.08,1.17,baja,media
408,455,Av. Tomas Marsano,0.2978,2.73,1.06,media,media
408,460,Av. Arequipa,0.3088,1.48,1.82,media,media
408,315,Av. Arequipa,0.3219,1.96,1.12,alta,media
408,574,Av. Salaverry,0.3426,1.69,0.98,media,media
409,366,Av. El Derby,0.5343,1.95,1.33,baja,baja
409,213,Av. Arequipa,0.6649,2.85,1.77,alta,baja
409,913,Av. Angamos,0.874,2.91,1.51,baja,baja
409,1432,Av. Angamos,0.9965,3.95,1.92,baja,baja
409,175,Av. Universitaria,1.0445,3.96,2.24,baja,baja
409,1149,Av. Universitaria,1.1722,3.79,2.02,baja,baja
410,0,Av. Colonial,0.3466,3.33,0.82,media,muy_alta
410,1462,Av. Aviacion,0.573,4.11,1.15,media,muy_alta
410,310,Av. La Marina,0.6912,5.02,1.96,baja,muy_alta
410,153,Av. Tomas Marsano,0.734,4.52,1.2,media,muy_alta
410,672,Av. Tomas Marsano,0.8588,6.37,2.12,baja,muy_alta
410,267,Av. La Marina,0.863,5.36,2.11,alta,muy_alta
411,1209,Av. Caminos del Inca,0.0677,0.95,0.74,media,media
411,849,Av. Larco,0.1418,1.93,1.18,baja,media
411,516,Av. Salaverry,0.294,2.36,1.69,media,media
411,479,Av. Primavera,0.4101,2.92,1.56,baja,media
411,502,Av. Santa Cruz,0.5389,2.75,2.0,baja,media
411,328,Av. Brasil,0.6422,2.68,1.4,media,media
412,481,Av. Petit Thouars,0.1418,1.14,0.75,media,media
412,674,Av. Santa Cruz,0.1432,1.78,1.19,baja,media
412,364,Av. Caminos del Inca,0.1812,1.43,0.69,media,media
412,1061,Av. Salaverry,0.1953,2.16,1.35,alta,media
412,40,Av. Universitaria,0.2004,1.45,1.46,baja,media
412,1114,Av. Larco,0.2026,1.88,1.54,baja,media
413,696,Av. La Encalada,0.0745,1.07,1.22,media,media
413,821,Av. La Marina,0.2471,2.13,0.87,alta,media
413,1362,Av. Universitaria,0.2892,2.38,1.14,media,media
413,177,Av. Salaverry,0.3606,1.8,1.24,baja,media
413,196,Av. El Derby,0.3873,2.46,1.09,baja,media
413,1140,Av. Aviacion,0.4017,2.24,1.92,alta,media
414,1123,Via Expresa,0.2903,1.28,1.36,baja,baja
414,963,Av. Arequipa,0.4063,2.36,1.87,baja,baja
414,1435,Av. Angamos,0.9398,3.98,1.93,media,baja
414,848,Av. Salaverry,1.2128,3.71,2.92,alta,baja
414,1103,Av. Petit Thouars,1.318,5.1,2.41,media,baja
414,1080,Av. Colonial,1.4675,4.22,3.07,media,baja
415,1392,Av. La Marina,0.0887,1.52,0.74,media,media
415,1136,Av. Aviacion,0.1563,1.88,1.64,alta,media
415,607,Via Expresa,0.2492,1.55,1.28,media,media
415,45,Av. Aviacion,0.374,2.61,1.16,baja,media
415,162,Av. La Marina,0.4346,2.74,1.39,media,media
415,1287,Av. Salaverry,0.4369,1.85,0.99,alta,media
416,1183,Via Expresa,0.5425,2.62,1.18,baja,baja
416,1191,Av. Benavides,1.0471,3.02,2.07,media,baja
416,703,Av. La Marina,1.3662,4.65,2.14,media,baja
416,791,Via Expresa,1.485,3.87,2.92,media,baja
416,47,Av. La Encalada,1.5225,4.02,2.73,baja,baja
416,603,Av. Salaverry,1.7939,5.82,3.05,baja,baja
417,1444,Av. El Derby,0.4912,1.9,1.55,media,baja
417,25,Av. El Derby,0.6411,3.13,1.43,alta,baja
417,1253,Av. El Derby,1.0016,3.56,2.13,media,baja
417,521,Av. Santa Cruz,1.0221,3.15,1.65,media,baja
417,176,Av. La Marina,1.0431,3.65,1.84,baja,baja
417,806,Av. Colonial,1.0733,3.52,2.51,baja,baja
418,792,Av. Aviacion,0.1544,2.08,1.45,alta,media
418,621,Av. Tomas Marsano,0.5009,2.26,1.06,media,media
418,1160,Av. La Encalada,0.511,3.05,1.45,alta,media
418,126,Av. Larco,0.7217,4.15,1.74,alta,media
418,509,Av. Benavides,0.8165,2.85,2.28,baja,media
418,431,Av. Petit Thouars,0.8346,3.77,2.44,media,media
419,1128,Av. Benavides,0.4883,1.9,1.73,baja,baja
419,362,Av. La Encalada,0.5997,1.9,1.27,alta,baja
419,66,Av. Angamos,0.6337,2.78,1.33,alta,baja
419,997,Av. Tomas Marsano,0.6699,2.16,1.36,alta,baja
419,435,Av. La Marina,0.6922,2.45,1.16,alta,baja
419,883,Av. Caminos del Inca,0.722,2.77,1.47,alta,baja
420,10,Via Expresa,0.2159,2.34,1.1,alta,media
420,132,Av. Aviacion,0.2703,1.52,0.88,media,media
420,239,Av. Javier Prado,0.3508,2.75,1.26,media,media
420,595,Av. Aviacion,0.4215,2.49,1.56,alta,media
420,1310,Av. Colonial,0.483,2.99,1.63,baja,media
420,338,Av. 28 de Julio,0.6526,3.48,1.25,alta,media
421,320,Av. Larco,0.5982,3.22,2.16,alta,baja
421,453,Av. Universitaria,0.6053,2.95,1.88,baja,baja
421,1422,Av. 28 de Julio,0.8133,2.52,1.66,alta,baja
421,1354,Av. La Encalada,0.8672,3.11,1.67,alta,baja
421,1418,Via Expresa,0.9522,3.7,2.15,baja,baja
421,1405,Av. Aviacion,1.0079,3.64,1.68,media,baja
422,1319,Av. Tomas Marsano,0.2561,2.07,0.7,baja,baja
422,1408,Av. Colonial,0.2721,1.22,1.06,media,baja
422,1286,Av. Universitaria,0.334,2.18,1.9,alta,baja
422,1291,Av. Aviacion,0.3938,2.21,1.13,baja,baja
422,1162,Av. Tomas Marsano,0.4823,2.57,0.99,media,baja
422,38,Av. Arequipa,0.5119,2.21,2.04,alta,baja
423,1316,Av. Santa Cruz,0.1865,1.19,0.98,media,baja
423,914,Av. Angamos,0.2737,2.05,1.08,baja,baja
423,241,Via Expresa,0.3047,2.54,1.37,alta,baja
423,813,Av. Angamos,0.3461,2.14,0.99,baja,baja
423,305,Av. La Marina,0.4234,1.57,1.23,baja,baja
423,1411,Av. Arequipa,0.4566,1.67,0.86,baja,baja
424,837,Av. Angamos,0.4153,1.54,1.9,baja,baja
424,27,Av. Tomas Marsano,0.5632,2.14,1.64,media,baja
424,64,Av. Angamos,0.7979,2.59,1.56,baja,baja
424,488,Av. 28 de Julio,0.8624,3.55,2.39,baja,baja
424,59,Av. Universitaria,0.9339,2.73,2.03,baja,baja
424,1049,Av. Javier Prado,0.9611,3.8,2.2,media,baja
425,1367,Av. Benavides,0.198,1.96,1.66,baja,baja
425,808,Av. Universitaria,0.4321,2.89,1.13,media,baja
425,19,Av. Colonial,0.7248,2.5,1.69,alta,baja
425,921,Av. El Derby,0.9726,4.02,1.61,baja,baja
425,736,Av. Tomas Marsano,1.2472,4.68,2.34,media,baja
425,1232,Av. Santa Cruz,1.3536,3.95,2.39,alta,baja
426,395,Av. Benavides,0.2593,1.94,0.87,alta,alta
426,477,Av. La Marina,0.3784,1.91,1.01,baja,alta
426,1178,Av. La Encalada,0.386,2.59,1.12,alta,alta
426,199,Av. La Marina,0.4252,3.26,1.91,baja,alta
426,1245,Av. Santa Cruz,0.496,2.9,1.17,alta,alta
426,738,Av. Petit Thouars,0.5348,3.07,1.17,media,alta
427,1466,Av. Benavides,0.1825,1.42,0.73,media,baja
427,875,Av. Petit Thouars,0.4527,2.39,1.22,baja,baja
427,210,Av. 28 de Julio,0.5215,2.96,1.99,media,baja
427,1467,Av. Angamos,0.6649,3.05,1.23,baja,baja
427,609,Av. Petit Thouars,0.6778,2.61,2.15,media,baja
427,1272,Av. Arequipa,0.7373,2.51,1.43,baja,baja
428,191,Av. Angamos,0.4988,2.73,1.75,baja,baja
428,264,Av. El Derby,0.5069,1.73,1.21,media,baja
428,225,Av. Petit Thouars,0.5465,2.12,1.65,baja,baja
428,1293,Av. Tomas Marsano,0.5627,2.86,1.24,alta,baja
428,1411,Av. Santa Cruz,0.5823,3.07,1.76,baja,baja
428,628,Av. Petit Thouars,0.5868,1.72,1.69,alta,baja
429,245,Av. Brasil,0.3679,2.12,0.83,alta,baja
429,334,Av. Santa Cruz,0.5507,3.09,1.4,media,baja
429,1387,Av. Caminos del Inca,0.5753,2.36,1.02,alta,baja
429,6,Av. Petit Thouars,0.7825,3.38,1.45,media,baja
429,472,Av. La Marina,0.9092,3.33,1.59,alta,baja
429,1214,Av. Santa Cruz,0.9799,4.15,1.63,media,baja
430,1381,Av. Petit Thouars,0.2381,1.88,1.07,media,baja
430,599,Av. Tomas Marsano,0.2895,1.6,1.32,baja,baja
430,1156,Av. Angamos,0.3589,2.42,1.18,alta,baja
430,272,Av. 28 de Julio,0.4846,1.73,1.67,media,baja
430,294,Av. La Encalada,0.555,3.01,1.37,baja,baja
430,541,Av. Caminos del Inca,0.5569,2.85,1.42,baja,baja
431,126,Av. Larco,0.1897,2.03,0.79,alta,alta
431,1160,Av. La Marina,0.4248,3.16,1.53,alta,alta
431,935,Av. Petit Thouars,0.4524,2.59,2.03,alta,alta
431,881,Av. Primavera,0.5462,3.98,2.07,media,alta
431,8,Av. Benavides,0.6305,3.4,1.95,alta,alta
431,509,Av. Santa Cruz,0.7904,3.98,1.69,baja,alta
432,761,Av. Primavera,0.2411,1.29,1.53,alta,media
432,1224,Av. Benavides,0.7852,3.82,1.85,alta,media
432,31,Av. 28 de Julio,0.8116,4.0,1.5,baja,media
432,454,Av. Caminos del Inca,0.8487,3.98,1.68,baja,media
432,1028,Av. Angamos,0.8668,4.01,2.53,baja,media
432,991,Av. Colonial,1.1118,3.89,1.66,alta,media
433,1331,Av. La Encalada,0.2561,2.11,1.53,baja,baja
433,1468,Av. Brasil,0.4551,2.37,1.41,media,baja
433,906,Av. Benavides,0.4687,1.42,0.94,media,baja
433,140,Av. Caminos del Inca,0.5586,2.96,1.29,alta,baja
433,1284,Av. Universitaria,0.727,2.62,1.97,baja,baja
433,1325,Av. Primavera,0.7452,2.19,1.8,alta,baja
434,1101,Av. Tomas Marsano,0.0537,1.73,0.82,baja,media
434,1413,Av. Santa Cruz,0.2162,2.26,1.72,alta,media
434,623,Av. La Marina,0.3049,2.36,0.92,alta,media
434,1071,Av. Primavera,0.5352,2.52,1.85,media,media
434,945,Av. Tomas Marsano,0.6108,2.21,2.07,media,media
434,314,Av. Tomas Marsano,0.6398,2.89,1.22,alta,media
435,997,Av. Angamos,0.0229,0.91,1.14,media,baja
435,1164,Av. Brasil,0.4524,1.69,1.96,baja,baja
435,919,Av. Primavera,0.4535,1.59,1.2,baja,baja
435,706,Av. La Encalada,0.5519,2.57,1.03,baja,baja
435,1128,Av. Colonial,0.6899,3.55,1.61,media,baja
435,419,Av. Larco,0.6922,2.24,1.57,baja,baja
436,155,Av. El Derby,0.2725,1.7,1.6,baja,baja
436,1309,Av. Petit Thouars,0.3177,1.95,0.98,media,baja
436,294,Av. 28 de Julio,0.3921,1.55,1.69,baja,baja
436,66,Av. El Derby,0.5481,2.89,1.79,alta,baja
436,301,Av. Angamos,0.573,2.94,1.78,media,baja
436,226,Av. Angamos,0.6298,2.82,1.11,alta,baja
437,106,Av. 28 de Julio,0.3422,2.14,1.0,baja,baja
437,451,Av. 28 de Julio,0.4653,2.93,0.87,baja,baja
437,173,Av. Javier Prado,0.4753,2.66,1.2,media,baja
437,1168,Av. El Derby,0.5186,2.19,1.35,media,baja
437,1090,Av. La Marina,0.5475,2.98,1.07,media,baja
437,549,Av. Arequipa,0.628,3.19,1.92,baja,baja
438,332,Av. Benavides,0.9151,3.67,2.16,alta,baja
438,941,Av. La Marina,0.9278,2.44,2.07,alta,baja
438,101,Av. Larco,0.9612,3.28,2.0,media,baja
438,856,Via Expresa,1.0596,4.11,2.08,alta,baja
438,1454,Av. Caminos del Inca,1.0997,4.27,1.67,baja,baja
438,117,Av. 28 de Julio,1.2412,4.34,2.55,media,baja
439,966,Av. La Marina,0.1738,1.27,1.16,media,media
439,1218,Av. El Derby,0.2894,2.03,1.36,media,media
439,374,Av. 28 de Julio,0.3196,2.18,0.79,media,media
439,987,Av. Angamos,0.323,2.26,1.75,baja,media
439,679,Av. Brasil,0.4217,1.84,1.07,media,media
439,1228,Av. Arequipa,0.4389,2.64,1.56,baja,media
440,988,Av. Primavera,0.3996,1.88,1.72,baja,media
440,884,Av. Brasil,0.4334,3.18,1.64,alta,media
440,508,Av. Javier Prado,0.6756,2.83,1.17,baja,media
440,160,Av. Salaverry,0.6837,2.29,1.52,alta,media
440,133,Av. Primavera,0.7098,2.73,1.99,alta,media
440,631,Av. Primavera,0.7209,2.82,1.97,media,media
441,1273,Av. Salaverry,0.5365,3.26,2.14,alta,alta
441,783,Av. Larco,0.7123,3.34,2.07,media,alta
441,975,Av. Brasil,0.7264,4.66,1.84,media,alta
441,1307,Av. Petit Thouars,0.7584,3.29,1.89,baja,alta
441,224,Av. Aviacion,0.772,4.57,1.46,media,alta
441,501,Av. Colonial,0.787,3.45,1.49,media,alta
442,1404,Av. 28 de Julio,0.3456,2.17,1.45,baja,baja
442,892,Av. 28 de Julio,0.4036,1.41,1.65,alta,baja
442,528,Av. Larco,0.4433,1.89,1.57,alta,baja
442,666,Av. Larco,0.563,2.04,1.74,media,baja
442,588,Av. Larco,0.6041,3.14,2.1,media,baja
442,56,Av. Benavides,0.6797,3.07,2.2,baja,baja
443,625,Av. Santa Cruz,0.1996,1.1,0.83,baja,baja
443,493,Av. Petit Thouars,0.6797,3.27,1.65,alta,baja
443,998,Av. Arequipa,0.7009,3.07,1.18,baja,baja
443,1263,Av. Angamos,0.7858,2.31,2.06,baja,baja
443,72,Av. La Encalada,0.8681,3.61,2.2,media,baja
443,175,Av. Caminos del Inca,0.9609,2.96,1.64,alta,baja
444,740,Av. 28 de Julio,0.3203,2.2,1.7,media,media
444,24,Av. El Derby,0.3227,1.99,1.73,baja,media
444,582,Av. Salaverry,0.397,2.42,1.44,media,media
444,120,Av. Larco,0.4079,1.75,1.58,alta,media
444,1061,Av. Brasil,0.4207,2.21,1.46,alta,media
444,1015,Av. La Marina,0.436,2.86,1.87,media,media
445,77,Av. Santa Cruz,0.1806,2.31,0.6,baja,alta
445,232,Av. Angamos,0.228,1.62,1.58,alta,alta
445,952,Av. 28 de Julio,0.3626,2.74,1.76,media,alta
445,161,Av. Salaverry,0.6359,3.61,1.11,media,alta
445,527,Av. 28 de Julio,0.6485,3.67,2.16,baja,alta
445,281,Av. Brasil,0.8412,5.18,1.91,media,alta
446,564,Av. El Derby,0.0822,2.01,0.45,media,muy_alta
446,165,Av. 28 de Julio,0.1171,2.48,1.35,alta,muy_alta
446,709,Av. Brasil,0.3061,3.47,1.82,baja,muy_alta
446,670,Av. Santa Cruz,0.3658,3.61,1.37,media,muy_alta
446,123,Av. Universitaria,0.428,3.45,0.93,baja,muy_alta
446,932,Av. Javier Prado,0.4426,3.56,1.79,baja,muy_alta
447,834,Av. Santa Cruz,0.2008,1.26,1.48,media,media
447,1004,Av. El Derby,0.3387,2.74,1.2,media,media
447,1371,Av. Brasil,0.4249,2.49,1.51,alta,media
447,794,Av. Petit Thouars,0.5214,3.25,1.77,baja,media
447,902,Av. Benavides,0.5448,3.42,0.97,alta,media
447,234,Av. Arequipa,0.6259,3.24,2.0,baja,media
448,111,Av. Larco,0.3137,2.95,1.36,alta,muy_alta
448,255,Av. Primavera,0.3175,2.55,1.77,media,muy_alta
448,753,Av. Javier Prado,0.5476,3.82,1.5,baja,muy_alta
448,275,Av. La Encalada,0.5553,3.48,1.82,baja,muy_alta
448,105,Av. Benavides,0.5643,4.18,1.05,alta,muy_alta
448,112,Av. Larco,0.6126,4.74,2.09,alta,muy_alta
449,962,Av. Aviacion,0.3341,1.68,0.72,media,baja
449,776,Av. Colonial,0.4511,1.9,1.79,baja,baja
449,689,Av. Brasil,0.6458,2.95,1.8,media,baja
449,1151,Av. 28 de Julio,0.7991,2.33,2.29,alta,baja
449,538,Av. Caminos del Inca,1.1732,3.42,2.4,media,baja
449,857,Av. La Encalada,1.2388,4.21,2.76,baja,baja
450,900,Av. Angamos,0.2328,1.64,1.14,baja,baja
450,20,Av. La Encalada,0.3101,1.93,0.99,baja,baja
450,35,Av. El Derby,0.5763,1.98,1.06,alta,baja
450,284,Via Expresa,0.6348,2.92,1.24,baja,baja
450,730,Av. Larco,0.6973,3.3,1.37,media,baja
450,462,Av. 28 de Julio,0.7512,2.98,1.55,baja,baja
451,173,Av. Colonial,0.1029,2.02,1.11,alta,baja
451,1168,Av. Arequipa,0.1137,0.84,1.06,alta,baja
451,437,Av. Arequipa,0.4653,1.79,1.27,baja,baja
451,730,Av. Aviacion,0.6362,2.89,1.12,media,baja
451,106,Av. Universitaria,0.7736,3.67,1.5,baja,baja
451,549,Av. Santa Cruz,0.8231,3.01,2.48,baja,baja
452,631,Av. El Derby,0.2223,1.58,1.28,media,baja
452,133,Av. Arequipa,0.234,1.44,0.77,baja,baja
452,540,Av. La Encalada,0.2463,1.31,0.95,alta,baja
452,160,Av. Angamos,0.2922,1.84,1.73,baja,baja
452,1465,Av. Caminos del Inca,0.2974,2.07,1.78,media,baja
452,508,Av. Tomas Marsano,0.3032,1.91,1.56,media,baja
453,1354,Av. Brasil,0.3817,1.95,1.81,baja,baja
453,1422,Av. Angamos,0.3852,1.59,1.88,alta,baja
453,1418,Av. Primavera,0.5534,3.16,1.01,alta,baja
453,421,Av. Caminos del Inca,0.6053,2.26,1.2,media,baja
453,1279,Av. Primavera,0.6731,3.05,1.12,baja,baja
453,647,Av. Javier Prado,0.8147,2.37,1.84,baja,baja
454,761,Av. Brasil,0.6171,2.0,1.11,alta,media
454,1254,Av. Petit Thouars,0.7076,2.63,1.22,media,media
454,432,Av. Salaverry,0.8487,2.98,1.93,media,media
454,1224,Av. Aviacion,0.9658,3.37,1.8,alta,media
454,1028,Av. La Encalada,1.5474,4.75,3.14,media,media
454,31,Av. Petit Thouars,1.6594,5.62,2.94,alta,media
455,1366,Av. Salaverry,0.2356,2.48,1.02,baja,media
455,1491,Av. Brasil,0.2529,1.83,1.08,baja,media
455,574,Av. Petit Thouars,0.2763,2.59,0.78,media,media
455,864,Av. La Encalada,0.2906,1.47,1.74,alta,media
455,408,Av. Aviacion,0.2978,2.05,1.71,media,media
455,637,Av. El Derby,0.3167,2.37,0.8,media,media
456,645,Av. Universitaria,0.2539,1.58,1.8,media,alta
456,668,Av. Caminos del Inca,0.528,3.77,1.75,media,alta
456,87,Av. Larco,0.5614,4.37,1.72,alta,alta
456,1336,Av. Universitaria,0.584,3.28,2.09,baja,alta
456,271,Av. El Derby,0.6861,4.28,1.98,alta,alta
456,960,Via Expresa,0.6948,2.97,2.07,media,alta
457,1129,Av. Aviacion,0.1992,2.12,1.7,baja,baja
457,1493,Av. Universitaria,0.2945,1.63,1.28,alta,baja
457,1018,Av. Tomas Marsano,0.5331,3.11,1.54,alta,baja
457,537,Av. La Marina,0.6138,2.66,2.02,media,baja
457,1365,Av. Arequipa,0.731,3.55,2.04,baja,baja
457,579,Av. La Marina,0.743,2.96,1.88,alta,baja
458,1265,Av. Petit Thouars,0.1824,2.14,0.78,baja,baja
458,403,Av. Brasil,0.6126,3.19,1.55,baja,baja
458,1032,Av. Brasil,0.7022,2.79,1.68,alta,baja
458,810,Av. Aviacion,0.7291,3.14,1.52,media,baja
458,1146,Av. La Encalada,0.8277,3.36,2.02,baja,baja
458,681,Av. Benavides,1.0619,3.7,2.25,alta,baja
459,1324,Av. La Encalada,0.1358,1.26,1.55,baja,media
459,306,Av. Benavides,0.2334,1.33,0.95,media,media
459,145,Via Expresa,0.2598,1.84,0.83,alta,media
459,1171,Av. Tomas Marsano,0.2714,2.38,1.55,baja,media
459,396,Av. La Marina,0.2742,1.6,1.6,media,media
459,971,Av. Larco,0.3984,1.56,1.02,media,media
460,1491,Av. Brasil,0.2242,1.34,0.75,baja,media
460,891,Av. Colonial,0.2562,2.11,1.3,media,media
460,408,Av. Larco,0.3088,2.14,0.95,alta,media
460,865,Av. Salaverry,0.3513,1.57,1.05,baja,media
460,978,Av. Benavides,0.3687,2.74,0.88,alta,media
460,1366,Av. Tomas Marsano,0.3691,2.07,0.97,media,media
461,286,Av. La Encalada,0.1039,2.36,1.02,alta,alta
461,1332,Av. Benavides,0.4074,2.51,1.96,media,alta
461,1486,Av. La Encalada,0.4525,2.56,1.09,alta,alta
461,847,Av. 28 de Julio,0.5195,2.91,1.59,alta,alta
461,1039,Av. Caminos del Inca,0.9001,4.91,1.46,alta,alta
461,1463,Av. Salaverry,0.919,5.37,1.84,alta,alta
462,35,Av. 28 de Julio,0.3353,1.75,1.23,media,baja
462,20,Av. Benavides,0.473,2.9,1.14,alta,baja
462,943,Av. Benavides,0.4869,2.53,1.76,media,baja
462,900,Av. 28 de Julio,0.5708,2.1,1.94,alta,baja
462,450,Av. Caminos del Inca,0.7512,3.11,1.34,media,baja
462,730,Av. Universitaria,0.8348,2.74,1.95,baja,baja
463,994,Av. 28 de Julio,0.0723,1.4,0.71,media,baja
463,1383,Av. La Marina,0.2727,2.2,0.67,media,baja
463,588,Av. Angamos,0.3163,2.26,0.82,baja,baja
463,181,Av. Brasil,0.3443,1.73,1.54,alta,baja
463,666,Av. Brasil,0.3536,2.13,1.87,media,baja
463,56,Av. Benavides,0.3965,1.39,0.98,alta,baja
464,973,Av. El Derby,0.23,1.59,1.1,alta,baja
464,1075,Av. Caminos del Inca,0.4561,2.06,1.53,baja,baja
464,608,Av. Petit Thouars,0.5687,2.49,1.27,media,baja
464,1384,Av. La Marina,1.2255,4.53,2.59,baja,baja
464,1350,Av. Salaverry,1.2606,4.22,2.94,baja,baja
464,1330,Av. Benavides,1.4075,3.34,2.25,alta,baja
465,1342,Av. Petit Thouars,0.2032,1.65,0.96,alta,media
465,122,Av. Aviacion,0.2648,2.04,0.87,alta,media
465,833,Av. Petit Thouars,0.269,2.44,0.74,alta,media
465,632,Av. La Marina,0.3163,1.59,1.35,baja,media
465,180,Av. Colonial,0.4312,2.36,1.66,baja,media
465,152,Av. Brasil,0.4594,1.94,1.58,media,media
466,1188,Av. Javier Prado,0.3284,2.37,1.28,baja,baja
466,159,Av. Universitaria,0.4306,2.64,1.31,baja,baja
466,4,Av. 28 de Julio,0.4723,1.57,1.68,media,baja
466,1011,Av. La Marina,0.5323,1.81,1.66,media,baja
466,713,Av. 28 de Julio,0.6682,2.47,1.97,baja,baja
466,92,Av. Arequipa,0.7686,2.82,1.77,alta,baja
467,74,Av. Colonial,0.1415,2.18,1.59,media,baja
467,1246,Av. 28 de Julio,0.4685,2.51,1.95,baja,baja
467,513,Av. Javier Prado,0.5451,2.2,1.96,alta,baja
467,869,Av. Javier Prado,0.7292,2.19,1.23,media,baja
467,108,Av. Brasil,1.0042,3.17,2.35,media,baja
467,248,Av. Primavera,1.0327,2.73,2.13,alta,baja
468,380,Av. Larco,0.2921,1.13,1.27,alta,baja
468,648,Av. Angamos,0.2935,2.39,0.95,alta,baja
468,819,Av. Benavides,0.5624,2.55,1.29,alta,baja
468,606,Av. Universitaria,0.802,2.4,1.95,baja,baja
468,246,Av. Brasil,0.8897,3.81,2.38,media,baja
468,1440,Av. La Marina,0.9231,2.82,1.55,baja,baja
469,840,Av. Arequipa,0.5411,2.78,1.12,baja,baja
469,313,Av. Caminos del Inca,0.7666,3.29,1.29,baja,baja
469,598,Av. 28 de Julio,0.7848,2.52,2.37,alta,baja
469,183,Av. Universitaria,0.8424,3.35,2.14,alta,baja
469,1482,Via Expresa,0.9868,2.93,2.47,media,baja
469,33,Av. Larco,1.1043,3.78,2.06,baja,baja
470,536,Av. Colonial,0.1342,1.05,0.77,alta,media
470,1185,Via Expresa,0.3601,2.05,0.99,media,media
470,885,Av. Caminos del Inca,0.4374,3.28,1.76,media,media
470,507,Av. Angamos,0.439,1.86,0.97,baja,media
470,1250,Via Expresa,0.4822,2.85,1.7,alta,media
470,873,Av. Tomas Marsano,0.5134,2.01,1.18,baja,media
471,868,Av. Benavides,0.522,2.85,1.21,alta,baja
471,1202,Av. Angamos,1.0336,3.56,2.59,media,baja
471,660,Av. Petit Thouars,1.1935,3.7,1.92,media,baja
471,1449,Av. Petit Thouars,1.2521,4.68,2.98,alta,baja
471,743,Av. La Marina,1.3064,4.45,2.32,baja,baja
471,32,Av. Tomas Marsano,1.3811,4.96,2.59,media,baja
472,334,Av. Caminos del Inca,0.3718,2.05,1.79,baja,baja
472,6,Av. Benavides,0.4047,1.94,1.36,alta,baja
472,245,Av. La Encalada,0.6951,2.78,1.48,alta,baja
472,1024,Av. Caminos del Inca,0.9018,2.32,1.47,baja,baja
472,429,Av. Caminos del Inca,0.9092,3.76,1.7,baja,baja
472,1433,Av. Santa Cruz,0.9133,2.73,1.67,alta,baja
473,596,Av. Petit Thouars,0.4104,2.54,1.03,alta,media
473,887,Av. Brasil,0.46,2.62,2.0,alta,media
473,850,Av. El Derby,0.528,3.08,1.02,media,media
473,757,Av. Benavides,0.6468,2.24,2.23,media,media
473,1119,Av. Brasil,0.7055,2.75,1.85,baja,media
473,342,Av. La Marina,0.782,3.84,1.69,media,media
474,272,Av. Javier Prado,0.3487,1.74,1.4,alta,baja
474,604,Av. El Derby,0.4212,2.76,1.34,baja,baja
474,114,Av. La Marina,0.5644,2.27,1.89,baja,baja
474,242,Av. Colonial,0.6024,3.22,1.29,alta,baja
474,308,Av. 28 de Julio,0.6234,1.79,1.19,media,baja
474,944,Av. Larco,0.6283,2.06,1.8,alta,baja
475,916,Av. Colonial,0.1642,0.88,1.08,alta,baja
475,1006,Av. Petit Thouars,0.1999,1.84,0.6,baja,baja
475,1150,Av. Santa Cruz,0.4397,2.44,2.02,alta,baja
475,1177,Av. La Encalada,0.8394,2.82,1.78,media,baja
475,1147,Av. Benavides,0.8601,2.35,1.45,alta,baja
475,1391,Av. Colonial,1.093,3.3,2.44,baja,baja
476,1114,Av. Salaverry,0.1129,1.17,1.53,alta,media
476,1474,Av. Caminos del Inca,0.1553,1.8,1.04,alta,media
476,40,Av. La Marina,0.1893,2.43,0.79,alta,media
476,412,Av. La Encalada,0.2052,1.32,1.26,alta,media
476,964,Av. Salaverry,0.3071,1.7,1.56,baja,media
476,481,Av. Petit Thouars,0.3257,2.87,0.84,media,media
477,738,Av. Arequipa,0.2458,2.73,1.18,baja,muy_alta
477,1178,Av. El Derby,0.3653,3.66,1.43,media,muy_alta
477,426,Av. La Encalada,0.3784,3.93,0.78,alta,muy_alta
477,640,Av. Brasil,0.4203,4.16,1.76,alta,muy_alta
477,1334,Av. Aviacion,0.4953,3.07,1.74,media,muy_alta
477,395,Av. Primavera,0.5395,3.75,1.03,alta,muy_alta
478,532,Av. Angamos,0.3081,1.96,1.36,media,baja
478,298,Av. Benavides,0.6367,1.78,1.86,alta,baja
478,694,Av. Colonial,1.0526,4.13,2.67,baja,baja
478,1256,Av. Caminos del Inca,1.0628,2.97,2.16,alta,baja
478,770,Av. Primavera,1.0973,3.25,2.7,alta,baja
478,1452,Av. La Encalada,1.3064,3.55,2.44,baja,baja
479,849,Av. Santa Cruz,0.3185,2.32,1.58,alta,media
479,411,Av. Tomas Marsano,0.4101,2.09,0.91,baja,media
479,968,Av. La Encalada,0.4146,2.85,1.62,baja,media
479,1209,Via Expresa,0.4555,3.2,1.81,media,media
479,80,Av. Larco,0.4763,2.0,0.93,media,media
479,1259,Via Expresa,0.4898,2.92,1.63,media,media
480,720,Av. Santa Cruz,0.1819,1.35,1.5,media,baja
480,1058,Av. Universitaria,0.2619,2.43,1.8,baja,baja
480,994,Av. El Derby,0.3489,2.12,1.43,baja,baja
480,181,Av. La Marina,0.3598,2.59,1.9,baja,baja
480,1238,Av. Tomas Marsano,0.3693,1.32,1.48,media,baja
480,590,Av. Aviacion,0.4161,1.55,1.69,baja,baja
481,364,Via Expresa,0.0542,1.8,0.76,baja,media
481,674,Av. La Marina,0.1181,1.17,1.49,baja,media
481,412,Av. Arequipa,0.1418,1.79,0.58,alta,media
481,644,Av. Benavides,0.1993,1.43,1.25,alta,media
481,24,Av. Javier Prado,0.207,1.63,1.07,alta,media
481,1061,Av. Arequipa,0.2148,2.43,1.36,baja,media
482,249,Av. El Derby,0.1999,1.05,0.7,baja,baja
482,75,Av. Salaverry,0.3853,2.28,1.23,media,baja
482,958,Av. Javier Prado,0.4791,1.84,1.81,media,baja
482,519,Av. Caminos del Inca,0.5674,2.79,1.7,media,baja
482,1484,Av. Salaverry,0.6494,1.92,1.85,baja,baja
482,522,Av. 28 de Julio,0.7671,2.15,2.29,media,baja
483,1472,Av. Petit Thouars,0.0854,1.35,1.31,baja,baja
483,1192,Av. Aviacion,0.1746,1.21,0.93,alta,baja
483,333,Av. Petit Thouars,0.2593,1.96,1.59,baja,baja
483,1402,Av. 28 de Julio,0.2964,1.62,1.66,baja,baja
483,764,Av. El Derby,0.3416,1.22,1.31,alta,baja
483,253,Av. Aviacion,0.5566,3.25,1.96,alta,baja
484,1108,Av. Brasil,0.4439,1.78,0.85,alta,baja
484,1389,Av. La Marina,0.5811,2.73,2.14,baja,baja
484,278,Av. La Encalada,0.6805,2.99,1.32,baja,baja
484,1131,Av. Javier Prado,0.8099,3.37,2.23,baja,baja
484,643,Av. Petit Thouars,0.8398,3.38,2.28,baja,baja
484,440,Av. 28 de Julio,0.9647,4.14,1.65,media,baja
485,1476,Av. Larco,0.1908,2.37,1.56,baja,alta
485,387,Av. Angamos,0.2768,2.09,0.69,alta,alta
485,1429,Av. El Derby,0.3416,2.25,0.85,alta,alta
485,858,Av. Santa Cruz,0.3743,2.12,1.41,baja,alta
485,1148,Av. Petit Thouars,0.4589,2.62,0.97,baja,alta
485,1021,Via Expresa,0.4714,3.69,1.5,alta,alta
486,758,Av. Colonial,0.4859,2.22,2.06,media,baja
486,752,Av. Caminos del Inca,0.5119,2.05,1.01,media,baja
486,346,Av. Larco,0.6171,2.93,2.13,media,baja
486,1456,Av. Arequipa,0.7152,3.22,1.34,baja,baja
486,779,Av. Benavides,0.8364,2.44,1.75,alta,baja
486,1451,Av. Colonial,0.8894,3.73,1.45,baja,baja
487,1373,Av. Angamos,0.46,1.56,1.82,media,baja
487,812,Av. Santa Cruz,0.5275,3.14,1.72,baja,baja
487,524,Av. Caminos del Inca,0.5562,2.71,1.07,baja,baja
487,1064,Av. Salaverry,0.6749,2.48,1.29,baja,baja
487,1054,Av. Colonial,0.675,2.88,1.44,baja,baja
487,1255,Av. Arequipa,0.8306,2.43,1.59,alta,baja
488,59,Av. Caminos del Inca,0.4545,2.83,1.56,media,baja
488,1104,Av. Aviacion,0.7817,3.29,1.71,media,baja
488,1471,Av. Arequipa,0.8623,3.85,2.45,media,baja
488,424,Av. Primavera,0.8624,2.54,2.34,media,baja
488,1257,Av. Petit Thouars,0.9676,2.93,1.74,baja,baja
488,1357,Av. 28 de Julio,1.1251,3.19,2.06,baja,baja
489,1302,Av. Petit Thouars,0.3862,2.27,1.01,alta,baja
489,1008,Av. La Marina,0.3882,1.81,0.91,media,baja
489,254,Av. Santa Cruz,0.5797,2.3,1.66,alta,baja
489,796,Av. Petit Thouars,0.6271,3.15,1.84,alta,baja
489,744,Av. Santa Cruz,0.6767,2.76,1.28,media,baja
489,675,Av. Brasil,0.7088,2.54,2.07,alta,baja
490,1225,Av. Angamos,0.0718,1.14,0.96,media,baja
490,1424,Av. Salaverry,0.1979,1.65,1.24,alta,baja
490,810,Av. Larco,0.639,1.93,1.82,alta,baja
490,403,Av. Brasil,0.9429,2.85,2.25,baja,baja
490,1265,Av. Angamos,1.3229,4.73,2.92,baja,baja
490,458,Av. Tomas Marsano,1.364,4.65,2.08,baja,baja
491,338,Av. Arequipa,0.594,3.07,1.07,baja,media
491,239,Av. Caminos del Inca,0.6089,3.33,1.57,media,media
491,774,Av. Angamos,0.7356,3.71,2.06,alta,media
491,319,Av. Santa Cruz,0.7417,3.45,2.29,baja,media
491,134,Av. Salaverry,0.7609,3.93,1.41,baja,media
491,420,Av. La Marina,0.8452,4.46,1.5,baja,media
492,287,Av. La Marina,0.3773,2.5,1.57,alta,alta
492,765,Av. Santa Cruz,0.4214,2.99,1.18,alta,alta
492,1021,Av. El Derby,0.4428,3.36,1.75,media,alta
492,552,Av. Universitaria,0.5514,2.68,1.8,alta,alta
492,788,Av. Primavera,0.5686,3.64,1.99,media,alta
492,950,Av. La Encalada,0.5729,2.71,1.58,baja,alta
493,625,Via Expresa,0.4804,2.26,1.67,alta,baja
493,443,Av. Primavera,0.6797,2.49,1.55,media,baja
493,1412,Av. Santa Cruz,0.7037,3.2,1.29,alta,baja
493,244,Av. Colonial,0.7695,2.86,1.9,media,baja
493,998,Av. Colonial,0.8467,3.26,1.37,alta,baja
493,982,Av. Javier Prado,1.0376,3.58,2.67,media,baja
494,1481,Av. Larco,0.0895,1.3,1.17,media,media
494,905,Av. Salaverry,0.2104,1.33,0.61,baja,media
494,568,Av. Santa Cruz,0.2305,1.81,0.95,alta,media
494,222,Av. Angamos,0.2835,1.89,1.36,alta,media
494,518,Av. Primavera,0.3179,1.39,1.56,baja,media
494,661,Av. 28 de Julio,0.4196,2.82,1.82,alta,media
495,1182,Av. Arequipa,0.7081,2.71,1.76,alta,baja
495,1112,Av. Universitaria,0.8001,2.34,1.46,baja,baja
495,1003,Av. La Marina,0.8604,3.37,2.01,baja,baja
495,1396,Av. Santa Cruz,0.966,3.94,2.23,baja,baja
495,867,Av. Colonial,0.9715,3.04,1.92,media,baja
495,236,Av. Aviacion,1.0618,3.33,2.21,baja,baja
496,500,Av. Brasil,0.3033,1.74,1.11,media,baja
496,1023,Av. Primavera,0.632,2.62,1.35,alta,baja
496,698,Av. Larco,0.6769,2.61,2.08,media,baja
496,91,Av. El Derby,0.7492,3.2,1.6,media,baja
496,192,Av. Angamos,0.8132,2.53,1.83,baja,baja
496,547,Av. Tomas Marsano,0.8192,2.45,2.29,media,baja
497,731,Av. Brasil,0.0841,0.81,1.18,baja,media
497,732,Av. Primavera,0.2674,1.87,1.71,media,media
497,1116,Av. Brasil,0.5747,3.45,1.28,media,media
497,1400,Av. Larco,0.6149,3.44,1.7,media,media
497,1031,Av. El Derby,0.6577,3.29,1.78,baja,media
497,863,Av. Caminos del Inca,0.7938,3.31,1.74,alta,media
498,773,Av. La Encalada,0.2453,1.04,1.76,media,baja
498,243,Av. Benavides,0.3062,1.58,0.82,media,baja
498,1068,Av. Primavera,0.6495,3.16,1.24,alta,baja
498,172,Av. Colonial,0.8589,2.9,1.78,media,baja
498,995,Av. Salaverry,0.8896,3.8,2.35,baja,baja
498,655,Av. 28 de Julio,1.0125,4.33,2.25,alta,baja
499,542,Av. El Derby,0.4347,2.71,1.77,alta,baja
499,838,Av. Universitaria,0.5126,1.84,2.05,alta,baja
499,778,Av. Salaverry,0.5583,2.46,1.61,baja,baja
499,648,Av. El Derby,0.6533,2.55,1.52,alta,baja
499,1312,Av. 28 de Julio,0.8075,2.62,1.31,alta,baja
499,246,Av. Brasil,0.827,3.39,2.06,media,baja
500,496,Av. La Encalada,0.3033,1.54,1.34,baja,baja
500,547,Av. Universitaria,0.5899,2.43,1.43,baja,baja
500,1356,Av. La Encalada,0.6563,2.55,1.64,media,baja
500,1270,Av. La Encalada,0.8337,2.2,2.34,baja,baja
500,1023,Av. Caminos del Inca,0.861,3.14,1.83,media,baja
500,698,Av. Larco,0.9783,3.22,2.0,baja,baja
501,127,Av. Colonial,0.2166,1.81,1.29,media,alta
501,605,Av. Javier Prado,0.2555,1.79,0.62,baja,alta
501,304,Av. Javier Prado,0.3324,2.47,1.02,media,alta
501,871,Via Expresa,0.4024,3.28,1.1,baja,alta
501,1044,Av. Javier Prado,0.6329,2.81,2.02,alta,alta
501,1021,Av. Larco,0.6457,4.19,1.1,alta,alta
502,1226,Av. Aviacion,0.3495,1.68,1.61,baja,media
502,516,Av. Benavides,0.3728,1.99,1.4,alta,media
502,968,Av. Caminos del Inca,0.4075,1.59,1.05,media,media
502,849,Av. Benavides,0.4295,2.6,1.33,media,media
502,563,Av. Angamos,0.4415,2.29,0.96,media,media
502,1259,Av. Larco,0.5258,3.21,0.98,media,media
503,1247,Via Expresa,0.7158,3.41,2.14,baja,baja
503,358,Av. Universitaria,1.077,3.92,2.17,baja,baja
503,877,Av. La Marina,1.1193,2.98,2.73,media,baja
503,1330,Av. Santa Cruz,1.1596,3.53,2.44,alta,baja
503,1165,Av. La Encalada,1.3188,4.1,2.73,media,baja
503,1105,Av. Colonial,1.4003,4.41,2.63,alta,baja
504,1311,Av. Arequipa,0.1992,2.33,1.05,media,media
504,178,Av. Javier Prado,0.4589,3.0,1.83,baja,media
504,1310,Av. Angamos,0.651,2.8,1.3,baja,media
504,319,Av. Primavera,0.758,3.6,1.97,baja,media
504,658,Av. Colonial,0.7902,3.7,2.19,media,media
504,742,Av. Larco,0.7902,4.03,1.4,media,media
505,1378,Av. Petit Thouars,0.1404,1.06,0.7,alta,baja
505,1266,Av. La Marina,0.3969,1.65,1.74,baja,baja
505,1258,Av. Benavides,0.4225,2.75,1.96,alta,baja
505,977,Av. Tomas Marsano,0.5611,3.01,0.98,baja,baja
505,229,Av. Salaverry,0.6136,2.56,1.37,media,baja
505,1425,Av. Caminos del Inca,0.7641,2.39,1.87,alta,baja
506,537,Av. Aviacion,0.1489,1.71,0.56,baja,baja
506,1365,Av. Aviacion,0.2491,2.32,1.61,media,baja
506,100,Av. La Encalada,0.4009,2.24,1.97,baja,baja
506,1079,Av. Universitaria,0.4745,1.91,1.56,alta,baja
506,288,Av. Javier Prado,0.6083,2.63,1.44,baja,baja
506,329,Av. Larco,0.6645,2.15,2.02,baja,baja
507,1295,Av. Tomas Marsano,0.2367,2.47,1.61,media,media
507,918,Av. Salaverry,0.3012,2.49,1.11,media,media
507,1250,Av. Petit Thouars,0.3236,2.44,0.7,baja,media
507,704,Av. Brasil,0.4111,3.01,1.42,alta,media
507,81,Via Expresa,0.4295,1.67,1.06,media,media
507,470,Av. Primavera,0.439,2.64,1.87,baja,media
508,160,Av. Larco,0.011,0.91,1.29,baja,baja
508,540,Av. Tomas Marsano,0.096,0.88,0.63,alta,baja
508,631,Av. Benavides,0.2495,2.19,1.7,alta,baja
508,133,Av. La Marina,0.2498,1.55,0.63,alta,baja
508,452,Av. Caminos del Inca,0.3032,1.59,1.47,baja,baja
508,194,Av. Caminos del Inca,0.4424,1.86,1.29,media,baja
509,575,Av. Javier Prado,0.282,1.58,1.07,baja,media
509,1113,Av. Salaverry,0.3574,2.33,1.05,alta,media
509,852,Av. Angamos,0.3894,2.52,1.15,baja,media
509,1070,Av. La Encalada,0.4255,2.02,1.37,media,media
509,126,Av. El Derby,0.6063,3.51,1.24,alta,media
509,1445,Av. Aviacion,0.6144,2.97,1.75,alta,media
510,734,Via Expresa,0.2667,1.36,0.72,media,baja
510,723,Av. La Encalada,0.28,1.35,1.15,alta,baja
510,28,Av. Aviacion,0.33,1.43,1.27,media,baja
510,624,Av. Salaverry,0.3712,1.56,1.8,baja,baja
510,990,Av. Petit Thouars,0.5349,2.78,1.49,baja,baja
510,828,Av. El Derby,0.5653,2.1,1.43,baja,baja
511,1423,Av. Arequipa,0.0984,0.82,1.12,alta,media
511,251,Av. La Encalada,0.1292,1.24,1.63,alta,media
511,1099,Av. Universitaria,0.1405,1.21,1.48,media,media
511,525,Av. Brasil,0.4955,3.5,1.11,alta,media
511,322,Via Expresa,0.5266,1.96,1.33,alta,media
511,1179,Av. Colonial,0.6117,3.59,1.41,baja,media
512,1458,Av. Larco,0.2996,2.06,1.54,baja,baja
512,1194,Av. Salaverry,0.3743,2.4,1.51,baja,baja
512,85,Av. Santa Cruz,0.4926,1.53,1.86,baja,baja
512,818,Av. Caminos del Inca,0.5668,2.82,1.13,alta,baja
512,1094,Av. Angamos,0.5852,3.13,1.25,media,baja
512,177,Av. Caminos del Inca,0.5882,2.92,1.09,alta,baja
513,1246,Av. El Derby,0.4137,2.86,1.67,alta,baja
513,467,Av. 28 de Julio,0.5451,3.06,1.33,media,baja
513,327,Av. Javier Prado,0.5689,2.54,1.68,baja,baja
513,74,Av. Primavera,0.6201,2.48,1.92,baja,baja
513,248,Av. Salaverry,0.7036,2.87,2.02,baja,baja
513,869,Av. Brasil,0.9316,3.72,2.4,alta,baja
514,72,Av. Javier Prado,0.1928,2.35,0.62,media,baja
514,998,Av. Salaverry,0.4169,2.61,1.85,baja,baja
514,1446,Av. Tomas Marsano,0.8686,3.54,1.88,media,baja
514,363,Av. Benavides,0.8732,3.36,2.13,media,baja
514,894,Av. Larco,0.9267,4.0,1.5,baja,baja
514,1098,Av. Aviacion,0.927,3.0,2.33,baja,baja
515,934,Av. Angamos,0.1107,1.61,1.62,alta,baja
515,1074,Av. El Derby,0.6767,2.74,1.46,alta,baja
515,331,Av. 28 de Julio,0.8076,3.21,2.27,baja,baja
515,981,Av. Benavides,1.0812,3.47,1.74,alta,baja
515,1052,Av. La Encalada,1.125,4.31,2.31,baja,baja
515,938,Av. Tomas Marsano,1.7546,5.04,2.97,alta,baja
516,849,Av. Larco,0.2932,1.72,1.14,baja,media
516,411,Av. Petit Thouars,0.294,2.71,1.16,media,media
516,1209,Av. La Marina,0.3273,2.42,0.7,media,media
516,502,Av. Brasil,0.3728,1.9,0.77,baja,media
516,721,Av. La Marina,0.5421,2.43,1.62,alta,media
516,479,Av. Arequipa,0.6046,3.25,1.3,baja,media
517,1448,Av. La Encalada,0.2478,1.99,1.39,media,baja
517,717,Av. Benavides,0.4054,2.28,1.92,media,baja
517,1436,Av. Arequipa,0.5693,2.3,1.08,baja,baja
517,210,Av. Tomas Marsano,0.5942,2.66,2.12,media,baja
517,609,Av. Tomas Marsano,0.7304,3.2,2.22,baja,baja
517,9,Av. Brasil,0.9287,3.2,2.01,baja,baja
518,661,Av. La Encalada,0.2618,2.27,0.68,alta,media
518,905,Av. El Derby,0.2686,1.33,1.1,media,media
518,1481,Av. Brasil,0.2826,1.72,0.79,alta,media
518,222,Av. Santa Cruz,0.2984,1.87,1.65,baja,media
518,494,Av. La Encalada,0.3179,1.36,0.82,alta,media
518,26,Av. Arequipa,0.3859,2.01,0.86,alta,media
519,522,Av. Petit Thouars,0.2856,2.19,1.64,alta,baja
519,249,Av. Brasil,0.3682,1.55,1.59,media,baja
519,1484,Av. Universitaria,0.476,2.58,1.62,alta,baja
519,88,Av. Primavera,0.5067,3.02,1.19,baja,baja
519,75,Av. Benavides,0.5293,2.48,1.14,baja,baja
519,1025,Av. Angamos,0.5306,2.53,1.04,alta,baja
520,314,Av. Arequipa,0.0182,0.94,1.15,baja,media
520,945,Av. Caminos del Inca,0.2872,1.46,1.2,alta,media
520,1007,Via Expresa,0.3111,1.74,1.12,baja,media
520,623,Av. Aviacion,0.397,2.88,1.41,alta,media
520,392,Av. Primavera,0.592,3.34,1.79,media,media
520,1377,Av. Colonial,0.6107,3.69,1.3,alta,media
521,176,Av. Aviacion,0.3176,2.48,0.9,baja,baja
521,25,Av. El Derby,0.4124,2.25,1.98,baja,baja
521,1459,Av. Tomas Marsano,0.6186,2.27,1.92,alta,baja
521,1253,Av. La Encalada,0.6543,2.16,2.25,media,baja
521,384,Av. El Derby,0.9736,3.44,2.35,baja,baja
521,1444,Av. Tomas Marsano,1.0218,3.98,1.58,media,baja
522,519,Av. El Derby,0.2856,2.22,1.35,alta,baja
522,1484,Av. Javier Prado,0.3571,1.46,1.11,media,baja
522,825,Av. El Derby,0.4058,1.83,1.01,baja,baja
522,88,Av. Salaverry,0.5071,1.8,1.63,media,baja
522,1025,Via Expresa,0.5356,1.82,1.24,media,baja
522,958,Av. Brasil,0.5543,2.06,2.1,media,baja
523,1231,Av. La Encalada,0.127,1.06,1.09,media,baja
523,844,Av. Petit Thouars,0.1681,2.19,1.7,alta,baja
523,1363,Av. Caminos del Inca,0.2245,1.24,0.59,media,baja
523,1238,Via Expresa,0.3963,2.68,1.42,baja,baja
523,1058,Av. Santa Cruz,0.4065,2.75,1.75,alta,baja
523,404,Av. Angamos,0.4129,2.03,1.04,baja,baja
524,1054,Av. Primavera,0.2726,1.47,1.74,baja,baja
524,1255,Av. Angamos,0.2769,1.38,0.63,media,baja
524,1373,Av. La Marina,0.3457,2.33,0.96,media,baja
524,812,Av. Brasil,0.382,2.57,0.78,media,baja
524,487,Av. Santa Cruz,0.5562,1.77,1.92,baja,baja
524,1064,Av. Benavides,0.5574,1.85,1.26,alta,baja
525,58,Av. Santa Cruz,0.3874,2.15,0.91,media,media
525,1423,Av. La Marina,0.4091,1.8,1.82,media,media
525,511,Via Expresa,0.4955,2.76,1.54,alta,media
525,322,Av. Primavera,0.578,2.71,1.28,baja,media
525,251,Via Expresa,0.5986,3.21,1.88,media,media
525,1099,Av. Aviacion,0.6115,3.21,1.87,baja,media
526,1030,Av. Petit Thouars,0.1122,1.65,0.52,alta,media
526,687,Av. Caminos del Inca,0.1918,2.29,0.89,alta,media
526,1398,Av. Tomas Marsano,0.3896,2.65,0.92,alta,media
526,805,Av. Tomas Marsano,0.3926,1.71,1.97,media,media
526,967,Av. Santa Cruz,0.4688,2.46,1.84,media,media
526,622,Av. Angamos,0.5108,2.99,1.62,alta,media
527,1035,Av. Arequipa,0.2959,1.92,1.43,baja,media
527,281,Av. Benavides,0.31,2.88,1.4,media,media
527,952,Av. Angamos,0.365,1.6,0.87,media,media
527,1292,Av. Benavides,0.401,2.08,1.88,media,media
527,232,Av. Colonial,0.5936,3.16,2.13,baja,media
527,445,Via Expresa,0.6485,2.24,1.56,baja,media
528,666,Av. Brasil,0.406,1.54,1.77,media,baja
528,442,Av. Arequipa,0.4433,2.82,0.84,media,baja
528,181,Av. La Encalada,0.5053,2.01,1.25,baja,baja
528,590,Av. La Marina,0.5143,2.34,0.94,alta,baja
528,892,Av. Tomas Marsano,0.657,2.59,1.29,baja,baja
528,588,Av. La Encalada,0.6667,3.27,1.17,baja,baja
529,1027,Av. Aviacion,0.6753,3.12,1.36,media,baja
529,1150,Av. Brasil,0.8964,2.62,1.89,baja,baja
529,1237,Av. Javier Prado,0.9067,3.71,1.56,alta,baja
529,1006,Av. Benavides,1.126,2.87,2.04,media,baja
529,475,Av. Javier Prado,1.2391,3.32,2.04,baja,baja
529,916,Av. El Derby,1.3139,3.74,2.94,baja,baja
530,1141,Av. El Derby,0.2073,2.42,1.05,alta,baja
530,16,Av. Angamos,0.8515,3.05,1.57,baja,baja
530,125,Av. Brasil,1.065,4.06,1.84,baja,baja
530,292,Av. 28 de Julio,1.0671,4.28,2.11,baja,baja
530,208,Av. Benavides,1.078,3.3,2.02,media,baja
530,1361,Av. Angamos,1.1137,3.43,2.6,baja,baja
531,1164,Via Expresa,0.5856,3.17,2.12,alta,baja
531,799,Av. Angamos,0.6047,2.16,1.56,alta,baja
531,907,Av. La Marina,0.6713,2.44,1.81,media,baja
531,577,Av. Primavera,0.8598,3.97,1.47,media,baja
531,1128,Av. Benavides,0.8711,3.66,1.6,baja,baja
531,190,Av. Javier Prado,0.9235,3.82,1.6,media,baja
532,478,Av. Aviacion,0.3081,2.12,0.68,baja,baja
532,298,Av. Caminos del Inca,0.3306,2.65,1.33,media,baja
532,1256,Av. Javier Prado,0.8398,2.54,1.84,alta,baja
532,770,Av. La Encalada,0.8768,2.65,2.33,media,baja
532,694,Via Expresa,0.8985,3.33,2.27,alta,baja
532,1452,Av. Javier Prado,1.0049,3.2,2.34,baja,baja
533,587,Av. El Derby,0.6638,2.6,1.48,alta,baja
533,113,Av. Larco,0.8532,2.81,2.04,baja,baja
533,157,Av. Arequipa,1.1724,3.42,2.29,baja,baja
533,665,Av. Salaverry,1.3664,5.14,2.39,media,baja
533,830,Av. La Marina,1.5142,4.12,3.06,alta,baja
533,1328,Av. Brasil,1.5533,4.84,2.61,alta,baja
534,655,Av. La Marina,0.255,1.8,1.68,media,baja
534,995,Av. Arequipa,0.3672,2.27,1.45,alta,baja
534,1068,Av. El Derby,0.3692,2.27,1.19,media,baja
534,1496,Av. Arequipa,0.42,1.9,1.14,baja,baja
534,172,Av. Aviacion,0.4481,2.04,1.61,baja,baja
534,344,Av. Salaverry,0.4626,1.63,1.13,media,baja
535,1341,Av. Primavera,0.1548,1.52,0.86,media,media
535,143,Via Expresa,0.1647,1.97,0.96,baja,media
535,124,Av. Universitaria,0.1977,2.06,1.42,alta,media
535,238,Av. Tomas Marsano,0.2497,1.85,1.28,media,media
535,932,Via Expresa,0.3162,1.68,0.9,baja,media
535,99,Av. Larco,0.3652,2.68,1.69,alta,media
536,470,Av. Angamos,0.1342,1.55,1.32,media,muy_alta
536,1185,Av. La Encalada,0.23,2.77,0.78,baja,muy_alta
536,873,Av. El Derby,0.4071,2.82,1.68,alta,muy_alta
536,507,Av. Colonial,0.4487,3.46,1.18,alta,muy_alta
536,1295,Av. Caminos del Inca,0.5638,3.34,1.42,baja,muy_alta
536,885,Av. El Derby,0.5657,4.28,1.48,alta,muy_alta
537,506,Av. Javier Prado,0.1489,2.04,0.93,baja,baja
537,1365,Av. Arequipa,0.2809,2.16,0.67,media,baja
537,100,Av. Universitaria,0.3622,1.38,1.83,media,baja
537,1079,Av. Angamos,0.5029,1.6,1.89,alta,baja
537,1493,Av. Javier Prado,0.5684,2.51,0.99,alta,baja
537,1129,Av. Benavides,0.6122,2.31,2.1,alta,baja
538,1109,Via Expresa,0.2182,1.97,1.76,media,baja
538,1151,Av. Caminos del Inca,0.3748,1.83,1.64,baja,baja
538,365,Av. 28 de Julio,0.3826,2.22,1.74,baja,baja
538,384,Av. Colonial,0.7034,2.32,1.8,media,baja
538,739,Via Expresa,0.7621,2.56,2.04,baja,baja
538,776,Av. Petit Thouars,0.7735,3.36,1.67,baja,baja
539,292,Av. Tomas Marsano,0.396,1.56,1.38,baja,baja
539,1447,Av. Aviacion,0.4235,2.55,1.75,baja,baja
539,1361,Av. Salaverry,1.0524,3.82,2.16,media,baja
539,530,Av. Salaverry,1.3961,3.58,2.13,media,baja
539,999,Av. Caminos del Inca,1.5036,4.61,2.89,media,baja
539,1141,Av. 28 de Julio,1.5147,4.96,2.21,alta,baja
540,160,Av. Javier Prado,0.0886,0.73,0.44,alta,media
540,508,Av. Tomas Marsano,0.096,1.15,0.87,alta,media
540,452,Av. El Derby,0.2463,2.41,0.94,media,media
540,631,Av. Aviacion,0.2707,2.49,0.92,baja,media
540,133,Av. Tomas Marsano,0.2752,1.52,1.12,baja,media
540,194,Via Expresa,0.4033,2.13,1.8,alta,media
541,599,Av. Arequipa,0.3602,1.53,1.82,baja,baja
541,1083,Av. Petit Thouars,0.4707,1.71,1.39,media,baja
541,944,Av. Brasil,0.482,1.89,1.55,baja,baja
541,242,Av. Javier Prado,0.4992,1.62,0.93,alta,baja
541,430,Av. Brasil,0.5569,2.56,1.83,media,baja
541,226,Av. Caminos del Inca,0.6299,3.12,1.84,alta,baja
542,838,Av. El Derby,0.2822,2.04,1.75,baja,baja
542,1312,Av. Brasil,0.3913,1.66,1.07,baja,baja
542,499,Av. Larco,0.4347,2.88,1.08,baja,baja
542,778,Av. Caminos del Inca,0.5374,2.62,1.3,baja,baja
542,1390,Av. La Marina,0.838,3.14,2.14,media,baja
542,337,Av. Benavides,0.8892,2.53,2.39,alta,baja
543,644,Av. Caminos del Inca,0.0337,1.04,0.53,alta,media
543,364,Av. Tomas Marsano,0.2229,2.44,1.65,alta,media
543,481,Av. Larco,0.2257,2.4,1.4,alta,media
543,1308,Av. Petit Thouars,0.289,1.97,1.82,media,media
543,24,Av. Aviacion,0.2941,2.39,0.87,baja,media
543,40,Av. Angamos,0.3262,1.72,1.34,media,media
544,149,Av. Petit Thouars,0.2151,2.04,1.05,media,muy_alta
544,257,Av. La Marina,0.2373,3.11,1.01,alta,muy_alta
544,569,Via Expresa,0.446,3.44,1.94,media,muy_alta
544,843,Av. La Encalada,0.4725,3.27,1.33,media,muy_alta
544,1092,Av. La Encalada,0.5032,3.5,1.38,alta,muy_alta
544,954,Av. Salaverry,0.5066,3.75,1.51,media,muy_alta
545,1036,Av. Caminos del Inca,0.1762,1.13,1.56,media,baja
545,373,Av. 28 de Julio,0.2945,2.4,0.7,media,baja
545,614,Av. Tomas Marsano,0.4567,2.87,1.55,baja,baja
545,237,Av. Colonial,0.4819,2.6,1.31,baja,baja
545,813,Av. Javier Prado,0.4911,2.89,1.04,media,baja
545,922,Av. Angamos,0.6382,2.65,1.47,media,baja
546,572,Av. 28 de Julio,0.2572,2.6,1.57,alta,media
546,600,Av. Brasil,0.3335,2.17,0.81,alta,media
546,359,Av. 28 de Julio,0.3655,2.69,0.83,alta,media
546,721,Av. Tomas Marsano,0.4383,2.11,1.94,baja,media
546,1196,Av. Brasil,0.5399,3.42,1.88,media,media
546,1371,Av. 28 de Julio,0.6186,3.33,2.24,baja,media
547,1356,Av. Colonial,0.1527,1.72,1.15,alta,baja
547,1270,Av. Petit Thouars,0.533,2.74,1.0,alta,baja
547,500,Av. Angamos,0.5899,1.96,1.38,alta,baja
547,496,Av. Primavera,0.8192,3.46,1.37,media,baja
547,1343,Av. 28 de Julio,0.992,3.51,2.6,media,baja
547,116,Av. Tomas Marsano,1.0305,2.89,2.41,baja,baja
548,1085,Av. Santa Cruz,0.252,2.19,1.22,baja,baja
548,89,Av. Primavera,0.3654,2.25,1.02,baja,baja
548,1452,Av. Arequipa,0.5431,2.54,1.81,baja,baja
548,1104,Av. Aviacion,0.7181,2.21,1.67,alta,baja
548,1471,Av. Javier Prado,0.812,3.7,1.59,alta,baja
548,1014,Av. Javier Prado,0.8197,3.65,1.33,baja,baja
549,1090,Av. Larco,0.3356,2.58,0.78,media,baja
549,106,Av. Tomas Marsano,0.4832,2.82,1.74,media,baja
549,437,Av. Petit Thouars,0.628,2.99,1.16,baja,baja
549,173,Av. Universitaria,0.7472,2.43,1.78,baja,baja
549,451,Av. Angamos,0.8231,3.91,1.46,alta,baja
549,1168,Via Expresa,0.9315,3.21,1.62,baja,baja
550,1016,Av. Tomas Marsano,0.13,1.37,0.85,media,alta
550,580,Av. Benavides,0.3524,2.61,1.21,media,alta
550,2,Av. Aviacion,0.4053,2.28,1.1,media,alta
550,60,Av. Aviacion,0.4416,3.58,1.17,alta,alta
550,1203,Av. Javier Prado,0.6586,3.87,2.1,alta,alta
550,895,Av. El Derby,0.8363,4.12,1.71,baja,alta
551,664,Av. Arequipa,0.2088,2.47,1.55,media,muy_alta
551,863,Av. Caminos del Inca,0.3144,2.37,0.75,alta,muy_alta
551,889,Av. La Encalada,0.6429,5.41,1.8,media,muy_alta
551,153,Av. Universitaria,0.8123,4.79,2.46,alta,muy_alta
551,410,Av. Larco,0.9099,6.42,1.88,alta,muy_alta
551,672,Av. Tomas Marsano,1.0359,5.35,2.5,alta,muy_alta
552,788,Av. Benavides,0.2601,2.39,1.51,media,alta
552,950,Av. Angamos,0.352,3.27,1.39,media,alta
552,492,Av. La Encalada,0.5514,3.42,1.46,baja,alta
552,682,Av. Angamos,0.6092,2.72,2.02,alta,alta
552,8,Av. 28 de Julio,0.6429,3.87,1.99,baja,alta
552,871,Av. Angamos,0.8081,5.01,2.25,media,alta
553,991,Av. Colonial,0.4723,3.3,1.88,alta,media
553,1028,Av. Aviacion,0.5171,3.39,1.86,baja,media
553,986,Av. Universitaria,0.5611,2.87,1.62,media,media
553,31,Av. Colonial,0.6221,3.49,1.15,media,media
553,786,Av. El Derby,0.7523,2.95,1.35,baja,media
553,1329,Av. Javier Prado,0.9809,3.84,2.52,alta,media
554,1349,Via Expresa,0.0779,1.68,0.74,media,media
554,985,Av. 28 de Julio,0.4419,2.72,0.98,alta,media
554,53,Av. 28 de Julio,0.4566,2.77,0.99,baja,media
554,98,Via Expresa,0.5943,3.1,2.02,media,media
554,156,Av. Angamos,0.7332,3.15,1.88,media,media
554,205,Av. La Marina,0.9427,3.89,1.69,media,media
555,634,Av. 28 de Julio,0.0735,1.65,1.4,baja,alta
555,1034,Av. Larco,0.0868,0.92,1.27,baja,alta
555,559,Av. Brasil,0.0949,1.86,1.43,baja,alta
555,1208,Av. Angamos,0.2871,3.05,1.8,alta,alta
555,737,Av. Brasil,0.3159,2.92,1.59,baja,alta
555,1181,Av. Javier Prado,0.3287,1.91,1.44,baja,alta
556,1042,Av. Larco,0.0597,1.21,0.44,media,baja
556,870,Av. Angamos,0.6085,2.29,1.58,media,baja
556,1358,Av. 28 de Julio,0.7004,3.3,2.07,media,baja
556,899,Av. Tomas Marsano,0.8221,3.83,1.7,alta,baja
556,55,Av. Tomas Marsano,0.8607,3.43,2.47,alta,baja
556,266,Av. Salaverry,0.8607,2.57,1.36,baja,baja
557,912,Av. Universitaria,0.1145,2.14,1.22,alta,alta
557,751,Av. Universitaria,0.3493,3.04,0.95,alta,alta
557,615,Av. La Marina,0.4815,3.39,1.62,media,alta
557,199,Av. Aviacion,0.5302,2.33,1.82,alta,alta
557,224,Via Expresa,0.5482,4.22,1.84,alta,alta
557,227,Via Expresa,0.551,3.02,2.09,baja,alta
558,1014,Av. Larco,0.1705,1.19,0.59,baja,baja
558,1049,Av. El Derby,0.8925,3.81,1.42,media,baja
558,1104,Av. Javier Prado,0.9436,3.99,1.79,media,baja
558,89,Av. 28 de Julio,0.9497,3.75,2.49,baja,baja
558,548,Av. Tomas Marsano,0.9564,3.22,1.54,baja,baja
558,59,Av. Larco,1.0389,3.3,2.51,baja,baja
559,1034,Av. Petit Thouars,0.0653,2.15,0.42,baja,alta
559,555,Av. Javier Prado,0.0949,2.12,1.51,media,alta
559,634,Av. Petit Thouars,0.1246,1.78,0.45,baja,alta
559,1208,Av. Tomas Marsano,0.1957,1.9,0.61,media,alta
559,737,Av. La Marina,0.2272,2.16,1.57,baja,alta
559,1181,Av. Angamos,0.271,1.87,1.07,media,alta
560,1376,Av. Larco,0.4954,1.95,1.25,alta,baja
560,1431,Av. Tomas Marsano,0.6518,3.05,1.64,media,baja
560,654,Av. 28 de Julio,0.7776,3.55,2.09,alta,baja
560,1102,Av. La Marina,1.3913,4.94,3.14,baja,baja
560,638,Av. 28 de Julio,1.6983,5.09,2.76,media,baja
560,822,Av. 28 de Julio,1.7901,5.61,2.71,alta,baja
561,1126,Av. Benavides,0.1062,2.22,0.58,baja,alta
561,78,Av. Santa Cruz,0.2666,1.6,1.29,baja,alta
561,1486,Av. Santa Cruz,0.834,3.72,2.01,media,alta
561,1473,Av. Petit Thouars,0.8721,5.08,1.46,baja,alta
561,793,Av. Santa Cruz,0.9772,4.73,1.62,alta,alta
561,847,Av. Santa Cruz,1.1834,5.82,1.99,alta,alta
562,823,Av. Javier Prado,0.2768,1.72,0.7,baja,baja
562,1121,Via Expresa,0.6644,2.4,1.24,alta,baja
562,209,Av. La Marina,0.7469,3.43,2.14,media,baja
562,1385,Av. La Encalada,0.8605,2.9,2.29,media,baja
562,795,Av. Universitaria,0.9211,3.32,1.67,media,baja
562,815,Av. Brasil,1.0011,3.61,2.32,media,baja
563,1226,Av. Aviacion,0.1381,1.05,0.51,media,media
563,26,Av. Santa Cruz,0.1937,1.15,1.61,alta,media
563,518,Av. La Encalada,0.4169,2.95,1.96,media,media
563,502,Av. Angamos,0.4415,1.72,1.88,media,media
563,355,Av. Salaverry,0.4804,3.1,1.07,media,media
563,1441,Av. Caminos del Inca,0.4819,3.12,0.89,media,media
564,446,Av. Larco,0.0822,2.02,1.5,alta,media
564,165,Av. La Encalada,0.1914,1.26,1.67,media,media
564,670,Av. Aviacion,0.3392,2.73,0.87,alta,media
564,123,Av. Brasil,0.3697,2.05,1.09,baja,media
564,709,Av. Larco,0.3879,1.88,1.1,alta,media
564,979,Av. Colonial,0.3884,2.17,1.3,media,media
565,1097,Av. Arequipa,0.8791,2.72,1.45,alta,baja
565,1415,Av. La Encalada,1.024,3.48,1.57,alta,baja
565,229,Av. Brasil,1.0989,3.71,1.7,alta,baja
565,977,Av. Tomas Marsano,1.6393,4.76,3.16,media,baja
565,505,Av. Aviacion,1.6783,4.14,3.29,media,baja
565,1378,Av. Salaverry,1.7555,5.65,3.6,baja,baja
566,1321,Av. Arequipa,0.4511,2.53,1.98,alta,baja
566,867,Av. El Derby,0.523,2.4,1.53,media,baja
566,980,Av. Aviacion,0.5585,3.03,1.86,alta,baja
566,1262,Av. La Encalada,0.7307,3.2,2.16,baja,baja
566,1119,Via Expresa,0.8724,2.27,2.37,baja,baja
566,887,Av. Angamos,0.8992,2.71,2.38,baja,baja
567,208,Av. Primavera,0.389,1.66,1.07,baja,baja
567,1204,Av. Arequipa,0.4224,1.5,1.97,alta,baja
567,125,Av. Aviacion,0.5367,2.57,1.55,alta,baja
567,1043,Av. La Marina,0.5398,2.53,1.93,media,baja
567,1236,Av. Primavera,0.6539,3.05,1.38,alta,baja
567,202,Av. Arequipa,0.7552,2.98,1.5,baja,baja
568,1481,Av. Javier Prado,0.2091,2.06,0.93,alta,media
568,494,Via Expresa,0.2305,1.22,0.93,alta,media
568,905,Av. Caminos del Inca,0.2448,2.51,1.55,baja,media
568,222,Av. Salaverry,0.2795,1.96,0.85,alta,media
568,661,Av. Santa Cruz,0.4627,2.44,1.78,alta,media
568,600,Av. Universitaria,0.464,2.14,2.04,media,media
569,257,Av. Colonial,0.3585,2.72,1.85,alta,alta
569,926,Via Expresa,0.3674,2.7,1.6,baja,alta
569,544,Av. Colonial,0.446,2.2,1.35,media,alta
569,954,Av. Benavides,0.4746,2.99,1.67,baja,alta
569,149,Av. Brasil,0.4818,3.43,1.51,alta,alta
569,385,Av. Angamos,0.6268,3.91,2.11,baja,alta
570,960,Via Expresa,0.1966,1.0,0.74,alta,baja
570,801,Av. Colonial,0.3513,2.42,1.62,media,baja
570,253,Av. Aviacion,0.5866,3.29,1.25,media,baja
570,115,Av. Brasil,0.6217,1.74,1.5,baja,baja
570,67,Av. Petit Thouars,0.7131,2.22,1.22,baja,baja
570,87,Av. Caminos del Inca,0.7282,3.08,2.25,alta,baja
571,293,Av. 28 de Julio,0.2112,1.43,1.06,baja,alta
571,1296,Av. El Derby,0.2538,1.7,1.57,alta,alta
571,121,Av. Salaverry,0.3232,1.89,1.27,media,alta
571,1001,Av. Aviacion,0.325,2.27,1.21,alta,alta
571,276,Via Expresa,0.3719,3.42,1.88,baja,alta
571,747,Av. Colonial,0.3886,3.43,1.1,media,alta
572,546,Av. Brasil,0.2572,2.09,1.15,alta,media
572,359,Av. Petit Thouars,0.2628,2.19,1.44,media,media
572,721,Av. Tomas Marsano,0.3608,2.49,1.2,baja,media
572,1371,Av. Colonial,0.3736,2.84,1.61,alta,media
572,1196,Av. Caminos del Inca,0.3914,2.03,1.37,media,media
572,600,Av. Brasil,0.5894,3.09,1.61,baja,media
573,578,Av. Caminos del Inca,0.2415,2.07,1.2,baja,media
573,641,Av. Angamos,0.3382,2.52,1.53,baja,media
573,1040,Av. La Encalada,0.3824,2.6,1.94,baja,media
573,317,Av. Universitaria,0.4686,3.09,1.74,media,media
573,405,Av. Salaverry,0.5147,3.09,1.59,alta,media
573,635,Av. Aviacion,0.6064,2.48,1.08,baja,media
574,1029,Av. 28 de Julio,0.0501,0.98,1.51,baja,media
574,677,Av. El Derby,0.1466,1.64,1.35,baja,media
574,993,Av. Arequipa,0.1466,1.09,1.51,alta,media
574,637,Av. La Encalada,0.1933,2.24,1.47,alta,media
574,702,Av. Caminos del Inca,0.2023,2.26,1.0,alta,media
574,1073,Av. Tomas Marsano,0.209,2.63,1.67,alta,media
575,852,Av. Benavides,0.2345,1.36,0.91,media,media
575,509,Av. Brasil,0.282,2.17,1.71,media,media
575,1113,Av. Arequipa,0.487,3.05,1.84,media,media
575,1070,Av. Javier Prado,0.5159,2.61,1.77,media,media
575,931,Av. Javier Prado,0.5532,3.49,1.78,media,media
575,1445,Av. Angamos,0.7032,3.87,2.34,alta,media
576,930,Av. Caminos del Inca,0.0413,2.04,0.87,baja,baja
576,903,Via Expresa,0.1303,2.16,1.57,alta,baja
576,1382,Av. Aviacion,0.8752,3.0,2.49,baja,baja
576,204,Av. 28 de Julio,0.8841,3.82,1.88,baja,baja
576,1165,Av. 28 de Julio,0.9605,2.47,2.32,baja,baja
576,189,Av. Primavera,1.0498,3.97,2.67,alta,baja
577,142,Av. La Marina,0.1749,1.16,1.03,alta,baja
577,907,Av. Petit Thouars,0.2752,1.82,1.0,alta,baja
577,190,Av. Arequipa,0.3362,2.2,0.78,media,baja
577,630,Av. Santa Cruz,0.3601,2.68,0.99,baja,baja
577,1403,Av. Colonial,0.4495,2.41,2.01,media,baja
577,95,Av. Angamos,0.5919,2.0,1.91,media,baja
578,1040,Av. La Encalada,0.1733,2.39,1.17,baja,media
578,573,Av. Colonial,0.2415,1.69,1.78,media,media
578,405,Av. 28 de Julio,0.3279,1.86,0.95,baja,media
578,635,Av. Benavides,0.3672,2.45,1.39,media,media
578,641,Av. Angamos,0.431,1.77,1.76,baja,media
578,317,Av. Javier Prado,0.4441,1.97,1.69,baja,media
579,911,Av. Arequipa,0.5385,1.92,1.86,alta,baja
579,221,Av. Larco,0.622,2.27,1.89,alta,baja
579,1451,Av. Brasil,0.6251,2.01,1.74,alta,baja
579,752,Av. Angamos,0.7057,2.95,2.18,alta,baja
579,457,Av. Javier Prado,0.743,3.26,1.58,alta,baja
579,1456,Av. La Marina,0.8628,3.69,2.18,baja,baja
580,60,Av. Santa Cruz,0.0896,2.06,0.91,baja,alta
580,2,Av. Angamos,0.2582,2.34,1.75,baja,alta
580,1016,Av. Petit Thouars,0.3493,2.07,1.91,alta,alta
580,550,Av. Salaverry,0.3524,2.75,1.34,media,alta
580,645,Av. Benavides,0.5515,2.73,1.42,baja,alta
580,1336,Av. Tomas Marsano,0.5716,3.67,2.15,alta,alta
581,1106,Av. Santa Cruz,0.4986,2.34,1.9,baja,baja
581,1167,Av. Arequipa,0.7034,2.43,1.63,media,baja
581,1252,Av. Benavides,0.775,2.53,1.97,baja,baja
581,1207,Av. Angamos,0.8128,2.81,2.24,baja,baja
581,601,Av. La Encalada,0.884,3.48,1.95,media,baja
581,804,Av. La Encalada,0.9134,2.82,2.39,baja,baja
582,167,Av. La Encalada,0.1257,2.08,0.91,media,media
582,120,Av. Arequipa,0.2069,1.85,1.5,baja,media
582,740,Av. Santa Cruz,0.2164,2.4,0.66,alta,media
582,1041,Av. Salaverry,0.3075,1.76,1.83,alta,media
582,888,Av. Tomas Marsano,0.3865,2.42,1.8,baja,media
582,444,Av. Arequipa,0.397,3.17,1.02,alta,media
583,44,Av. Arequipa,0.2003,1.5,0.87,baja,baja
583,1497,Av. Caminos del Inca,0.4618,2.87,1.45,alta,baja
583,148,Av. La Marina,0.4948,2.68,1.63,baja,baja
583,329,Av. Caminos del Inca,0.6541,2.45,2.21,baja,baja
583,83,Av. Petit Thouars,0.6745,2.51,1.89,media,baja
583,1079,Av. Arequipa,0.6814,1.98,1.67,media,baja
584,169,Av. Angamos,0.1631,1.14,0.89,alta,baja
584,683,Via Expresa,0.4072,1.43,1.19,baja,baja
584,947,Via Expresa,0.4438,2.73,0.95,alta,baja
584,1227,Av. Petit Thouars,0.4711,2.42,1.01,baja,baja
584,642,Av. Petit Thouars,0.4806,2.28,1.67,baja,baja
584,1194,Av. Primavera,0.5194,2.74,1.02,baja,baja
585,318,Via Expresa,0.1186,1.07,1.14,baja,baja
585,1120,Av. Larco,0.1617,1.86,0.93,media,baja
585,743,Av. Petit Thouars,0.3507,2.31,1.42,alta,baja
585,660,Av. Larco,0.421,1.55,1.19,alta,baja
585,1202,Av. Santa Cruz,0.5253,2.25,1.31,baja,baja
585,32,Av. La Marina,0.8082,2.25,1.79,media,baja
586,1064,Av. Benavides,0.1912,0.94,1.09,baja,baja
586,524,Av. Brasil,0.7052,3.26,1.38,baja,baja
586,1255,Via Expresa,0.7343,2.45,2.14,baja,baja
586,487,Av. Javier Prado,0.8649,3.52,2.53,baja,baja
586,1165,Av. Aviacion,0.8782,2.57,2.53,alta,baja
586,204,Av. Benavides,0.8822,3.34,1.75,alta,baja
587,157,Av. 28 de Julio,0.5123,2.62,1.4,alta,baja
587,533,Av. Primavera,0.6638,1.91,1.43,media,baja
587,113,Av. Aviacion,0.9823,3.04,2.0,baja,baja
587,1399,Av. Angamos,1.1731,3.41,2.38,baja,baja
587,261,Av. Tomas Marsano,1.3897,3.77,2.27,alta,baja
587,840,Av. Javier Prado,1.6765,5.25,2.43,media,baja
588,56,Av. Arequipa,0.1503,1.89,0.74,baja,baja
588,463,Via Expresa,0.3163,2.09,1.86,media,baja
588,666,Av. Brasil,0.3211,1.87,0.76,baja,baja
588,994,Via Expresa,0.3775,2.77,1.13,baja,baja
588,1383,Av. El Derby,0.4182,1.44,1.69,baja,baja
588,1404,Av. Brasil,0.4191,1.46,1.71,media,baja
589,1076,Av. 28 de Julio,0.2561,1.96,1.65,media,media
589,1153,Av. Angamos,0.289,1.29,1.09,media,media
589,1084,Av. 28 de Julio,0.3119,2.9,1.65,baja,media
589,1461,Av. Brasil,0.3937,2.02,0.99,media,media
589,370,Av. Petit Thouars,0.4549,2.6,1.06,baja,media
589,1088,Av. Petit Thouars,0.4994,2.92,1.99,media,media
590,720,Av. El Derby,0.2379,1.83,1.52,baja,baja
590,181,Av. Larco,0.2514,1.64,0.79,media,baja
590,480,Av. Javier Prado,0.4161,1.57,1.42,media,baja
590,666,Av. Angamos,0.4303,1.87,1.77,media,baja
590,1058,Av. La Encalada,0.4457,1.5,1.42,media,baja
590,1238,Av. 28 de Julio,0.4595,2.13,1.79,baja,baja
591,946,Av. Larco,0.3188,3.15,0.81,media,muy_alta
591,766,Av. La Encalada,0.4368,3.32,1.6,baja,muy_alta
591,393,Av. Tomas Marsano,0.5008,3.69,1.72,media,muy_alta
591,618,Av. Petit Thouars,0.5993,4.87,1.72,media,muy_alta
591,43,Av. 28 de Julio,0.682,5.04,1.25,media,muy_alta
591,725,Av. El Derby,0.7281,4.57,1.55,media,muy_alta
592,1012,Av. Salaverry,0.3137,2.78,0.88,media,media
592,811,Av. Arequipa,0.366,2.18,1.15,baja,media
592,1031,Av. Aviacion,0.4291,2.57,1.82,alta,media
592,1116,Av. La Encalada,0.4484,2.12,1.84,alta,media
592,613,Av. La Encalada,0.4594,2.59,1.07,baja,media
592,728,Av. La Marina,0.4926,3.31,1.43,media,media
593,1434,Av. Tomas Marsano,0.1201,1.38,0.74,baja,muy_alta
593,11,Av. Angamos,0.6558,4.7,2.15,baja,muy_alta
593,1442,Av. Angamos,0.673,4.45,1.64,alta,muy_alta
593,68,Av. Primavera,0.8179,5.01,1.74,media,muy_alta
593,317,Av. 28 de Julio,0.9784,6.18,2.57,baja,muy_alta
593,618,Av. Petit Thouars,1.0515,7.78,1.67,baja,muy_alta
594,324,Av. Santa Cruz,0.1591,2.03,0.74,media,baja
594,1299,Av. Arequipa,0.446,1.84,1.12,media,baja
594,662,Av. La Marina,0.4759,2.04,1.23,baja,baja
594,649,Av. Universitaria,0.53,3.04,1.53,baja,baja
594,247,Av. Santa Cruz,0.619,3.01,1.82,media,baja
594,64,Av. La Marina,0.7099,2.42,1.75,media,baja
595,10,Av. Aviacion,0.2065,1.41,0.95,alta,media
595,132,Av. Brasil,0.2203,1.5,0.95,alta,media
595,201,Av. El Derby,0.4161,2.66,0.97,alta,media
595,420,Av. Salaverry,0.4215,2.15,1.5,alta,media
595,653,Av. Javier Prado,0.5334,3.32,1.11,baja,media
595,1071,Av. Tomas Marsano,0.6938,2.68,1.49,media,media
596,850,Av. Tomas Marsano,0.1179,0.95,1.41,baja,baja
596,473,Av. El Derby,0.4104,2.59,1.63,alta,baja
596,757,Av. Colonial,0.4186,2.76,1.71,alta,baja
596,778,Av. Santa Cruz,0.6272,3.27,2.01,media,baja
596,959,Av. La Encalada,0.6376,2.8,1.89,alta,baja
596,246,Av. La Encalada,0.7426,2.67,1.78,baja,baja
597,1180,Av. Tomas Marsano,0.3187,1.87,1.02,baja,baja
597,1407,Av. 28 de Julio,0.3765,1.39,1.92,media,baja
597,1229,Via Expresa,0.5089,1.77,2.1,media,baja
597,84,Av. Primavera,0.5658,2.58,1.81,alta,baja
597,300,Av. 28 de Julio,0.6316,2.05,1.15,media,baja
597,323,Av. Angamos,0.8004,3.64,1.97,baja,baja
598,1482,Av. Brasil,0.4099,2.49,1.25,baja,baja
598,313,Av. La Marina,0.5728,2.03,1.52,baja,baja
598,1346,Av. Brasil,0.582,2.11,1.17,alta,baja
598,107,Av. Caminos del Inca,0.7389,3.16,2.38,alta,baja
598,469,Av. Santa Cruz,0.7848,3.08,2.39,alta,baja
598,940,Av. 28 de Julio,0.8674,2.99,2.12,alta,baja
599,430,Av. Salaverry,0.2895,1.88,1.14,baja,baja
599,541,Av. Arequipa,0.3602,2.83,1.3,alta,baja
599,1083,Via Expresa,0.3862,2.44,1.34,baja,baja
599,1156,Av. Santa Cruz,0.4543,2.45,1.65,baja,baja
599,294,Av. La Encalada,0.4862,2.39,0.9,alta,baja
599,226,Av. Caminos del Inca,0.5211,2.49,1.58,media,baja
600,546,Av. Universitaria,0.3335,2.24,1.05,baja,media
600,568,Av. Salaverry,0.464,2.36,1.95,media,media
600,866,Av. Aviacion,0.5234,2.73,1.36,media,media
600,494,Av. El Derby,0.5464,3.04,1.56,alta,media
600,572,Via Expresa,0.5894,2.22,1.77,media,media
600,1481,Av. La Marina,0.5989,2.74,1.46,alta,media
601,804,Av. La Marina,0.2477,2.45,1.7,alta,baja
601,1252,Av. Benavides,0.5263,3.02,1.72,alta,baja
601,1106,Av. Petit Thouars,0.7566,3.07,1.58,alta,baja
601,1293,Av. Javier Prado,0.8632,3.86,2.05,media,baja
601,581,Av. Caminos del Inca,0.884,2.71,2.17,baja,baja
601,428,Av. Santa Cruz,0.9424,3.88,1.85,baja,baja
602,1174,Av. Javier Prado,0.0397,1.46,0.6,alta,media
602,979,Av. 28 de Julio,0.19,1.06,1.1,media,media
602,704,Av. Salaverry,0.3684,1.6,1.69,baja,media
602,918,Av. El Derby,0.3807,1.85,1.8,alta,media
602,143,Av. Brasil,0.3884,2.09,1.95,alta,media
602,81,Av. El Derby,0.4507,3.15,1.17,baja,media
603,650,Av. Angamos,0.2993,1.68,1.13,alta,baja
603,265,Av. Benavides,0.6816,2.72,1.7,baja,baja
603,206,Av. Angamos,0.7017,3.32,2.03,alta,baja
603,47,Av. Angamos,0.8181,3.26,1.42,media,baja
603,1220,Av. 28 de Julio,0.9172,3.93,2.53,media,baja
603,1177,Av. Aviacion,0.9938,3.86,2.51,media,baja
604,308,Av. Primavera,0.349,1.24,1.11,media,baja
604,272,Av. Colonial,0.3978,2.15,1.49,baja,baja
604,474,Av. Aviacion,0.4212,1.68,1.99,media,baja
604,1403,Av. Universitaria,0.481,2.41,1.1,baja,baja
604,36,Av. Arequipa,0.5565,1.85,1.18,alta,baja
604,190,Av. Universitaria,0.6347,2.48,1.06,alta,baja
605,127,Av. Angamos,0.0432,1.13,0.49,baja,alta
605,304,Av. Primavera,0.1878,1.3,0.92,baja,alta
605,501,Av. Aviacion,0.2555,2.71,1.18,media,alta
605,871,Av. Benavides,0.2979,3.06,0.92,media,alta
605,1044,Av. Arequipa,0.4871,3.61,1.8,alta,alta
605,950,Av. El Derby,0.622,3.66,1.06,baja,alta
606,819,Av. Santa Cruz,0.5559,3.27,1.86,alta,baja
606,380,Av. Larco,0.6643,3.3,1.93,media,baja
606,468,Av. Benavides,0.802,2.18,1.53,alta,baja
606,218,Av. Universitaria,0.8899,2.79,1.5,alta,baja
606,648,Av. Larco,1.0052,4.04,2.54,baja,baja
606,246,Av. Caminos del Inca,1.0271,3.06,1.82,alta,baja
607,1136,Via Expresa,0.1543,1.03,0.78,alta,media
607,415,Av. El Derby,0.2492,1.77,0.79,alta,media
607,1392,Av. La Encalada,0.2623,1.71,0.67,alta,media
607,1287,Av. La Encalada,0.37,3.08,1.54,media,media
607,15,Av. Tomas Marsano,0.417,2.07,1.69,baja,media
607,45,Av. Larco,0.5873,3.06,1.16,baja,media
608,1075,Av. La Marina,0.1165,1.26,1.26,alta,baja
608,973,Av. Javier Prado,0.5228,2.9,1.49,baja,baja
608,464,Av. Tomas Marsano,0.5687,2.74,1.53,media,baja
608,938,Av. 28 de Julio,0.8549,2.88,1.99,media,baja
608,920,Av. Salaverry,0.8806,3.71,2.14,media,baja
608,726,Av. Colonial,0.9965,3.85,2.2,baja,baja
609,1353,Av. Larco,0.2794,1.12,1.33,media,baja
609,210,Av. La Encalada,0.3793,1.96,1.77,alta,baja
609,1466,Av. La Marina,0.5555,2.06,1.11,baja,baja
609,427,Av. Universitaria,0.6778,2.6,1.98,media,baja
609,517,Av. Larco,0.7304,3.51,2.34,baja,baja
609,118,Av. Colonial,0.745,2.95,1.26,media,baja
610,809,Av. Salaverry,0.2278,2.34,1.69,media,baja
610,626,Av. Salaverry,0.2919,1.85,1.0,alta,baja
610,118,Av. Larco,0.927,3.64,1.85,media,baja
610,1353,Av. La Encalada,1.0047,4.2,2.59,media,baja
610,1272,Via Expresa,1.2512,4.43,2.47,alta,baja
610,609,Av. Angamos,1.264,3.59,2.3,alta,baja
611,693,Av. Benavides,0.6081,2.34,1.46,media,baja
611,52,Av. Salaverry,0.8475,3.45,1.58,baja,baja
611,270,Av. La Marina,0.9807,3.29,1.77,media,baja
611,923,Av. Salaverry,1.0263,3.93,1.57,baja,baja
611,290,Av. Angamos,1.0315,3.76,2.25,media,baja
611,1190,Av. Colonial,1.0756,4.19,1.65,media,baja
612,379,Av. Primavera,0.4538,3.45,1.17,baja,muy_alta
612,1337,Av. Universitaria,0.4805,3.34,1.01,media,muy_alta
612,616,Av. La Marina,0.6061,4.44,1.66,alta,muy_alta
612,1066,Av. Benavides,0.6214,3.76,1.56,baja,muy_alta
612,274,Av. Benavides,0.6585,4.89,1.93,alta,muy_alta
612,1143,Av. Larco,0.666,5.05,1.28,alta,muy_alta
613,1012,Av. Petit Thouars,0.1807,1.89,1.16,media,media
613,728,Av. Salaverry,0.1912,1.4,0.54,media,media
613,211,Av. Santa Cruz,0.424,1.59,1.64,baja,media
613,592,Av. Aviacion,0.4594,1.89,1.51,alta,media
613,754,Av. Javier Prado,0.506,3.34,1.43,baja,media
613,1116,Av. Salaverry,0.5148,2.46,2.02,alta,media
614,813,Av. Colonial,0.2313,1.14,0.74,baja,baja
614,305,Av. Petit Thouars,0.2855,1.85,1.52,media,baja
614,1313,Av. Brasil,0.3381,2.51,1.08,baja,baja
614,373,Av. 28 de Julio,0.4165,2.86,1.3,baja,baja
614,545,Av. Larco,0.4567,1.88,1.49,alta,baja
614,241,Av. Caminos del Inca,0.5275,2.95,1.93,alta,baja
615,121,Av. Petit Thouars,0.2224,1.66,1.54,alta,alta
615,276,Av. El Derby,0.2558,2.01,1.26,alta,alta
615,1087,Av. Benavides,0.3688,3.27,1.58,alta,alta
615,751,Av. Benavides,0.4058,3.34,1.05,alta,alta
615,571,Av. Universitaria,0.451,3.01,1.75,baja,alta
615,557,Av. Aviacion,0.4815,2.73,1.37,alta,alta
616,1143,Av. Colonial,0.193,1.34,0.94,media,media
616,379,Av. Larco,0.2675,1.83,1.71,media,media
616,1212,Av. Petit Thouars,0.3232,1.32,0.7,alta,media
616,152,Av. Benavides,0.4443,2.84,1.51,media,media
616,180,Av. Arequipa,0.4768,2.6,1.29,media,media
616,1110,Av. La Marina,0.5278,2.14,1.74,alta,media
617,745,Av. El Derby,0.1489,1.78,1.55,baja,baja
617,171,Av. Universitaria,0.4174,1.73,1.78,baja,baja
617,1223,Av. La Marina,0.5879,2.71,1.22,baja,baja
617,1455,Av. Javier Prado,0.5902,1.83,1.68,media,baja
617,777,Av. Angamos,0.6022,3.13,1.44,media,baja
617,708,Av. Larco,0.7081,3.38,1.59,media,baja
618,317,Av. Primavera,0.305,2.43,1.45,baja,muy_alta
618,1442,Av. Primavera,0.4433,3.02,1.13,alta,muy_alta
618,578,Av. El Derby,0.5224,3.95,1.28,baja,muy_alta
618,946,Av. Javier Prado,0.532,3.07,1.7,media,muy_alta
618,635,Av. Primavera,0.5506,4.05,1.44,media,muy_alta
618,591,Av. Larco,0.5993,4.44,1.3,alta,muy_alta
619,1181,Av. Caminos del Inca,0.1797,2.6,0.68,baja,alta
619,1034,Av. Santa Cruz,0.4181,3.06,1.26,media,alta
619,559,Av. La Encalada,0.4506,2.28,1.78,alta,alta
619,1208,Av. Angamos,0.4586,2.77,1.79,media,alta
619,737,Av. La Marina,0.4893,2.67,0.94,alta,alta
619,771,Av. Santa Cruz,0.5022,2.71,1.95,media,alta
620,269,Av. Caminos del Inca,0.1246,1.57,1.39,alta,alta
620,948,Av. Caminos del Inca,0.3423,2.08,1.37,media,alta
620,168,Av. Caminos del Inca,0.4666,3.22,1.88,baja,alta
620,30,Av. Angamos,0.6581,3.87,2.12,media,alta
620,1419,Av. Colonial,0.7425,4.71,1.89,baja,alta
620,937,Av. La Encalada,0.9723,4.63,2.66,baja,alta
621,418,Av. El Derby,0.5009,2.24,1.52,alta,media
621,792,Av. Benavides,0.5612,3.47,1.86,alta,media
621,575,Av. Tomas Marsano,0.7061,3.59,2.29,baja,media
621,509,Av. Larco,0.7311,3.49,1.77,baja,media
621,399,Av. Brasil,0.7461,3.47,1.52,alta,media
621,13,Av. Colonial,0.9251,4.04,1.62,baja,media
622,659,Av. Angamos,0.3115,2.54,1.77,media,media
622,1117,Av. La Marina,0.4502,2.19,1.29,baja,media
622,1030,Av. Salaverry,0.4522,2.78,1.01,baja,media
622,1370,Av. Brasil,0.4963,2.55,1.16,alta,media
622,526,Av. La Encalada,0.5108,2.35,1.59,baja,media
622,193,Av. El Derby,0.5142,2.15,1.55,alta,media
623,1101,Av. Larco,0.272,2.53,0.81,media,media
623,434,Av. Salaverry,0.3049,2.24,1.14,alta,media
623,1413,Av. Petit Thouars,0.3456,1.69,1.37,alta,media
623,314,Av. La Encalada,0.3799,3.02,1.26,media,media
623,520,Av. Universitaria,0.397,2.63,1.64,alta,media
623,945,Av. Colonial,0.4782,3.23,0.97,media,media
624,734,Av. Petit Thouars,0.2529,1.51,1.73,baja,baja
624,990,Av. Larco,0.3422,1.33,1.74,alta,baja
624,510,Av. Caminos del Inca,0.3712,1.7,0.99,media,baja
624,1204,Via Expresa,0.4141,1.5,1.16,media,baja
624,1043,Av. Benavides,0.5768,2.2,1.33,baja,baja
624,723,Via Expresa,0.6168,2.42,2.2,alta,baja
625,443,Av. La Encalada,0.1996,1.12,0.55,baja,baja
625,493,Av. Aviacion,0.4804,3.05,1.74,media,baja
625,998,Av. El Derby,0.6879,2.33,1.67,baja,baja
625,72,Av. Tomas Marsano,0.9561,3.27,1.88,baja,baja
625,1263,Av. Santa Cruz,0.9849,3.55,1.69,baja,baja
625,514,Av. Santa Cruz,1.0258,3.16,1.62,baja,baja
626,610,Av. 28 de Julio,0.2919,2.47,1.68,media,baja
626,809,Av. Caminos del Inca,0.5179,2.97,1.31,alta,baja
626,118,Av. Santa Cruz,1.2163,3.65,2.85,alta,baja
626,1353,Av. Petit Thouars,1.261,3.67,2.82,baja,baja
626,1244,Av. Primavera,1.333,3.94,2.33,alta,baja
626,1272,Av. Primavera,1.3803,4.29,2.66,alta,baja
627,865,Av. Tomas Marsano,0.1705,2.94,1.52,alta,muy_alta
627,1375,Av. Larco,0.1807,1.58,1.61,baja,muy_alta
627,924,Av. Brasil,0.2784,3.63,1.11,alta,muy_alta
627,185,Av. La Encalada,0.2806,1.92,0.75,media,muy_alta
627,1322,Av. Colonial,0.3425,2.73,1.0,baja,muy_alta
627,1366,Av. Brasil,0.3792,3.45,0.98,baja,muy_alta
628,1411,Av. Caminos del Inca,0.0322,0.96,1.26,baja,baja
628,225,Av. La Marina,0.2233,1.48,0.81,media,baja
628,914,Av. Primavera,0.2255,2.28,0.9,alta,baja
628,1316,Av. Larco,0.2983,2.49,0.85,media,baja
628,48,Av. Petit Thouars,0.3232,1.35,1.46,baja,baja
628,372,Av. Caminos del Inca,0.3924,2.0,1.46,baja,baja
629,927,Av. Aviacion,0.7145,2.43,1.31,baja,baja
629,37,Av. Brasil,0.8133,3.26,1.92,baja,baja
629,976,Av. Caminos del Inca,0.8356,3.43,1.9,baja,baja
629,815,Av. Arequipa,0.9004,3.54,1.8,baja,baja
629,562,Av. Benavides,1.1066,3.51,2.53,baja,baja
629,209,Av. Tomas Marsano,1.1337,3.09,1.77,baja,baja
630,142,Av. Colonial,0.2486,1.15,0.85,media,baja
630,577,Av. Tomas Marsano,0.3601,2.58,0.79,baja,baja
630,36,Av. Petit Thouars,0.4422,2.81,1.83,media,baja
630,95,Av. Colonial,0.4932,1.87,1.67,alta,baja
630,148,Av. Primavera,0.544,1.8,1.21,media,baja
630,190,Av. Universitaria,0.622,3.12,1.23,baja,baja
631,133,Av. Angamos,0.0119,1.05,0.49,baja,baja
631,452,Av. El Derby,0.2223,1.31,1.66,media,baja
631,160,Av. Santa Cruz,0.2421,2.45,1.21,media,baja
631,508,Av. 28 de Julio,0.2495,2.07,0.73,media,baja
631,540,Av. Santa Cruz,0.2707,1.99,1.56,baja,baja
631,1465,Av. La Encalada,0.3673,2.29,1.14,baja,baja
632,180,Av. Larco,0.1285,0.86,1.25,baja,media
632,152,Av. Colonial,0.1443,1.61,1.36,media,media
632,1212,Av. Arequipa,0.2651,2.31,1.76,alta,media
632,122,Av. Aviacion,0.2661,1.33,0.75,media,media
632,465,Av. Arequipa,0.3163,1.59,1.81,media,media
632,1110,Av. Benavides,0.3426,1.95,1.82,alta,media
633,230,Av. Tomas Marsano,0.4008,3.06,1.33,media,alta
633,184,Av. Arequipa,0.6469,4.68,1.93,baja,alta
633,1248,Av. Universitaria,0.8069,4.9,1.71,baja,alta
633,957,Av. Tomas Marsano,0.9182,4.19,2.54,media,alta
633,793,Av. Javier Prado,0.9719,4.37,2.24,alta,alta
633,1498,Av. El Derby,1.0142,5.29,2.5,baja,alta
634,555,Av. Brasil,0.0735,1.14,1.32,alta,alta
634,559,Av. Colonial,0.1246,1.16,0.64,alta,alta
634,1034,Av. Aviacion,0.1489,2.06,1.34,media,alta
634,1208,Av. Primavera,0.2861,2.31,1.27,alta,alta
634,737,Av. Javier Prado,0.3079,2.97,1.61,alta,alta
634,1181,Av. Primavera,0.3881,2.58,1.28,baja,alta
635,405,Av. Salaverry,0.2468,2.62,1.15,media,media
635,1040,Av. Arequipa,0.2489,1.94,0.63,alta,media
635,1206,Av. La Marina,0.2724,2.58,1.22,baja,media
635,578,Av. Caminos del Inca,0.3672,2.05,1.13,alta,media
635,946,Av. Caminos del Inca,0.4478,2.1,1.94,media,media
635,618,Av. El Derby,0.5506,2.01,1.15,baja,media
636,1437,Av. Tomas Marsano,0.2915,1.7,1.27,baja,alta
636,1078,Av. Arequipa,0.3977,3.13,1.69,baja,alta
636,227,Av. La Encalada,0.484,3.35,1.87,media,alta
636,360,Av. Caminos del Inca,0.6141,4.05,1.75,baja,alta
636,705,Av. La Marina,0.6601,4.14,1.26,alta,alta
636,829,Av. Aviacion,0.6723,2.92,1.52,alta,alta
637,993,Via Expresa,0.076,1.89,0.51,media,media
637,677,Av. Larco,0.19,1.33,1.31,alta,media
637,574,Av. Arequipa,0.1933,2.18,1.65,baja,media
637,1029,Av. Benavides,0.2088,1.77,1.24,alta,media
637,455,Av. Larco,0.3167,1.69,0.75,media,media
637,1073,Av. Benavides,0.3741,1.76,1.24,alta,media
638,822,Av. Larco,0.2161,2.17,0.57,media,baja
638,1300,Av. Universitaria,0.429,2.34,0.88,alta,baja
638,1431,Av. Javier Prado,1.0907,3.63,1.83,media,baja
638,214,Av. Javier Prado,1.2494,3.92,2.32,media,baja
638,280,Via Expresa,1.3399,3.82,2.99,media,baja
638,1102,Via Expresa,1.4917,4.96,2.81,alta,baja
639,1414,Av. Javier Prado,0.6112,2.24,1.21,media,baja
639,1464,Via Expresa,0.6348,2.84,2.16,alta,baja
639,117,Av. Primavera,0.6813,2.26,1.92,media,baja
639,1135,Av. Larco,0.6906,2.92,1.85,baja,baja
639,1454,Av. Arequipa,0.8367,2.38,1.43,alta,baja
639,277,Av. Arequipa,0.9435,2.98,2.36,baja,baja
640,738,Av. Javier Prado,0.2222,1.91,1.28,baja,alta
640,669,Av. Caminos del Inca,0.2306,2.37,0.85,baja,alta
640,1245,Av. Caminos del Inca,0.2968,2.63,1.12,media,alta
640,1334,Av. Aviacion,0.3193,1.75,1.52,baja,alta
640,477,Av. 28 de Julio,0.4203,1.98,1.35,alta,alta
640,395,Via Expresa,0.5292,3.65,1.16,alta,alta
641,573,Av. Primavera,0.3382,2.02,0.88,media,media
641,578,Av. Angamos,0.431,1.92,1.99,alta,media
641,256,Av. Santa Cruz,0.4415,2.26,1.01,media,media
641,1040,Av. Angamos,0.4423,3.04,0.9,baja,media
641,405,Av. Benavides,0.4803,1.77,1.53,alta,media
641,1206,Av. Petit Thouars,0.5826,3.05,1.24,alta,media
642,1317,Av. Tomas Marsano,0.3919,2.54,1.0,alta,baja
642,584,Av. El Derby,0.4806,1.51,1.59,media,baja
642,718,Av. La Encalada,0.5207,1.76,1.93,alta,baja
642,1362,Av. La Marina,0.5812,2.36,1.21,media,baja
642,1227,Av. El Derby,0.5831,2.58,2.12,alta,baja
642,1305,Av. Angamos,0.6092,1.74,1.7,alta,baja
643,278,Av. Arequipa,0.2076,2.15,1.01,alta,baja
643,748,Av. Salaverry,0.2541,1.59,1.53,media,baja
643,1389,Av. Larco,0.3368,1.43,0.91,baja,baja
643,1108,Av. Universitaria,0.4957,1.92,0.91,baja,baja
643,1306,Av. Arequipa,0.6271,2.29,1.93,alta,baja
643,194,Av. Primavera,0.6943,3.11,1.51,alta,baja
644,543,Av. El Derby,0.0337,0.97,1.12,media,media
644,364,Av. Angamos,0.1919,1.88,1.16,baja,media
644,481,Via Expresa,0.1993,2.24,1.55,alta,media
644,24,Via Expresa,0.2608,2.36,0.94,media,media
644,674,Av. Petit Thouars,0.2976,1.92,1.54,baja,media
644,1308,Av. Benavides,0.3087,1.63,1.78,baja,media
645,456,Av. Aviacion,0.2539,1.5,1.75,media,alta
645,87,Av. Angamos,0.455,3.08,1.52,alta,alta
645,60,Via Expresa,0.4853,2.75,1.63,baja,alta
645,271,Av. Aviacion,0.546,3.77,1.74,alta,alta
645,1336,Av. El Derby,0.5497,3.18,0.96,media,alta
645,580,Av. Santa Cruz,0.5515,3.46,1.94,media,alta
646,1355,Av. Larco,0.1171,2.1,0.77,media,muy_alta
646,1315,Av. El Derby,0.4231,3.65,1.8,baja,muy_alta
646,1426,Av. Salaverry,0.4375,3.2,1.67,alta,muy_alta
646,105,Av. Petit Thouars,0.4507,2.59,1.92,alta,muy_alta
646,1457,Av. Arequipa,0.7025,5.25,1.16,media,muy_alta
646,70,Av. Brasil,0.8172,4.57,1.6,baja,muy_alta
647,1422,Av. La Marina,0.4316,2.49,1.94,alta,baja
647,1354,Av. Brasil,0.4641,1.94,0.92,alta,baja
647,1279,Av. Angamos,0.6475,3.03,1.93,baja,baja
647,453,Av. Salaverry,0.8147,2.4,1.71,media,baja
647,421,Av. Arequipa,1.1269,4.17,2.34,media,baja
647,1125,Av. Caminos del Inca,1.2567,3.96,2.43,alta,baja
648,468,Av. Colonial,0.2935,1.78,1.09,media,baja
648,380,Av. Arequipa,0.3543,2.05,1.74,alta,baja
648,819,Av. La Encalada,0.6009,3.33,1.81,media,baja
648,499,Av. Larco,0.6533,2.9,1.32,alta,baja
648,246,Av. Brasil,0.7462,2.39,2.3,media,baja
648,959,Av. Benavides,0.9561,3.43,1.71,alta,baja
649,662,Av. La Marina,0.292,1.22,0.81,baja,baja
649,247,Av. Brasil,0.497,2.67,1.35,media,baja
649,324,Av. Benavides,0.4997,2.59,1.98,baja,baja
649,594,Av. Santa Cruz,0.53,2.33,2.06,media,baja
649,1299,Av. Arequipa,0.9101,2.93,2.21,media,baja
649,64,Av. 28 de Julio,1.0964,3.94,1.91,media,baja
650,603,Av. Benavides,0.2993,2.52,1.7,alta,baja
650,1220,Av. Salaverry,0.6197,3.08,1.63,baja,baja
650,265,Av. 28 de Julio,0.8547,3.15,1.99,baja,baja
650,206,Av. Colonial,0.8601,2.99,2.43,alta,baja
650,47,Av. La Encalada,1.116,3.27,1.87,baja,baja
650,684,Av. Caminos del Inca,1.1923,4.12,1.78,media,baja
651,860,Av. El Derby,0.1623,2.34,0.82,alta,media
651,1198,Av. Larco,0.1648,1.61,0.92,alta,media
651,1490,Av. La Marina,0.2045,1.81,1.29,alta,media
651,680,Av. Primavera,0.2064,2.31,0.75,media,media
651,150,Av. Colonial,0.5023,2.78,1.8,alta,media
651,820,Av. Brasil,0.5243,2.6,1.98,media,media
652,1186,Av. Salaverry,0.0679,1.52,0.86,media,baja
652,892,Av. Salaverry,0.4673,2.75,1.76,media,baja
652,1372,Av. Primavera,0.7276,3.34,1.56,alta,baja
652,442,Av. Javier Prado,0.8688,3.28,2.09,media,baja
652,528,Av. Benavides,1.0784,3.51,2.54,media,baja
652,1404,Av. Salaverry,1.1374,4.1,2.48,media,baja
653,201,Av. Aviacion,0.2821,2.59,1.65,media,media
653,1071,Av. Universitaria,0.4319,2.79,1.39,alta,media
653,220,Av. Universitaria,0.4385,2.38,1.68,alta,media
653,782,Av. Petit Thouars,0.442,2.07,0.96,alta,media
653,595,Av. Arequipa,0.5334,2.23,1.92,media,media
653,861,Av. Angamos,0.5457,3.49,1.93,media,media
654,1376,Av. El Derby,0.3002,2.06,0.79,alta,baja
654,560,Av. Javier Prado,0.7776,3.22,2.35,media,baja
654,1431,Av. Aviacion,1.0742,4.05,2.0,baja,baja
654,1102,Av. Benavides,1.1691,4.46,2.36,alta,baja
654,96,Av. Salaverry,1.3062,3.85,2.39,media,baja
654,1395,Av. Benavides,1.3864,4.56,2.82,media,baja
655,534,Av. Tomas Marsano,0.255,2.12,1.2,media,baja
655,1496,Via Expresa,0.3902,2.16,1.11,alta,baja
655,1068,Av. Aviacion,0.4003,2.2,1.95,baja,baja
655,995,Av. Petit Thouars,0.5884,2.29,2.2,alta,baja
655,344,Av. Aviacion,0.617,3.14,1.1,baja,baja
655,172,Av. Angamos,0.6615,2.8,2.26,alta,baja
656,1437,Av. Larco,0.4934,3.39,1.8,baja,alta
656,1267,Av. Primavera,0.543,2.89,1.16,alta,alta
656,705,Av. Tomas Marsano,0.5835,3.07,1.98,baja,alta
656,636,Av. Universitaria,0.7061,4.46,2.19,alta,alta
656,898,Av. Universitaria,0.7929,4.81,1.51,baja,alta
656,5,Av. Colonial,0.9457,5.75,2.06,media,alta
657,1276,Av. Brasil,0.1533,2.46,0.64,baja,muy_alta
657,1178,Av. Arequipa,0.436,3.93,1.24,baja,muy_alta
657,71,Av. Benavides,0.4629,3.91,1.64,alta,muy_alta
657,756,Av. Santa Cruz,0.5262,4.01,1.14,alta,muy_alta
657,893,Av. Santa Cruz,0.6018,4.98,1.08,baja,muy_alta
657,316,Av. Santa Cruz,0.6473,3.51,1.56,media,muy_alta
658,1275,Av. La Marina,0.407,2.51,0.9,alta,media
658,187,Av. Arequipa,0.419,2.94,1.42,alta,media
658,814,Av. Aviacion,0.4963,2.83,1.8,alta,media
658,742,Av. Caminos del Inca,0.5729,2.75,1.04,media,media
658,1171,Av. Brasil,0.6816,3.1,1.22,alta,media
658,262,Av. Santa Cruz,0.6934,3.67,1.84,alta,media
659,1117,Av. Javier Prado,0.1431,2.32,1.31,media,media
659,193,Av. La Marina,0.2165,2.25,0.9,media,media
659,262,Av. El Derby,0.2898,2.19,1.3,media,media
659,622,Av. Universitaria,0.3115,1.84,0.8,baja,media
659,663,Av. 28 de Julio,0.4052,3.05,1.56,media,media
659,1386,Av. La Encalada,0.4385,2.62,1.7,baja,media
660,1202,Av. Primavera,0.1625,2.17,1.68,baja,baja
660,318,Av. El Derby,0.3333,2.7,1.57,baja,baja
660,585,Av. Angamos,0.421,1.42,0.84,alta,baja
660,743,Av. Aviacion,0.5293,2.18,2.07,media,baja
660,1120,Av. Santa Cruz,0.5753,3.02,2.15,alta,baja
660,868,Av. Salaverry,0.6855,3.48,2.3,media,baja
661,222,Av. Salaverry,0.1836,1.91,0.69,media,media
661,905,Av. Salaverry,0.2294,2.24,1.76,media,media
661,518,Av. La Encalada,0.2618,1.63,1.13,baja,media
661,740,Av. Benavides,0.2636,2.59,0.62,baja,media
661,1481,Av. La Encalada,0.3372,1.54,1.83,alta,media
661,167,Av. Aviacion,0.34,2.22,0.74,baja,media
662,247,Av. Aviacion,0.2174,2.24,1.1,alta,baja
662,649,Av. Benavides,0.292,1.51,1.22,media,baja
662,594,Av. Tomas Marsano,0.4759,1.62,1.41,baja,baja
662,324,Av. La Marina,0.5362,1.7,1.29,media,baja
662,64,Av. Salaverry,0.8579,2.81,2.28,baja,baja
662,1299,Av. Colonial,0.9188,3.12,2.1,baja,baja
663,1386,Av. Caminos del Inca,0.0813,1.59,1.49,baja,media
663,193,Av. Salaverry,0.1888,1.07,1.06,baja,media
663,1117,Via Expresa,0.2658,2.24,1.69,alta,media
663,306,Av. La Encalada,0.3346,2.51,1.87,media,media
663,659,Av. Caminos del Inca,0.4052,2.9,1.7,alta,media
663,145,Av. 28 de Julio,0.4068,2.48,1.36,alta,media
664,863,Av. Caminos del Inca,0.1654,1.33,1.69,baja,media
664,551,Av. Larco,0.2088,1.76,1.65,media,media
664,889,Av. 28 de Julio,0.5667,2.78,1.07,baja,media
664,497,Av. Larco,0.8627,3.98,2.22,baja,media
664,731,Av. Larco,0.863,3.18,2.4,alta,media
664,732,Av. Primavera,0.9819,4.95,2.64,baja,media
665,830,Av. El Derby,0.5088,2.38,1.14,media,baja
665,113,Av. Brasil,0.8749,2.69,2.13,baja,baja
665,909,Av. Benavides,0.9019,4.13,2.19,media,baja
665,1485,Av. Tomas Marsano,0.9613,3.71,2.21,baja,baja
665,291,Av. Salaverry,1.0166,2.64,1.59,alta,baja
665,1328,Av. El Derby,1.0209,4.26,2.16,media,baja
666,181,Av. Caminos del Inca,0.2245,2.34,1.09,baja,baja
666,588,Av. Colonial,0.3211,1.29,1.18,baja,baja
666,463,Av. Larco,0.3536,1.56,0.98,media,baja
666,994,Av. Angamos,0.358,1.53,1.23,baja,baja
666,528,Av. Colonial,0.406,1.51,1.6,alta,baja
666,590,Av. Larco,0.4303,1.75,1.54,baja,baja
667,164,Av. Caminos del Inca,1.0789,3.97,2.65,media,baja
667,330,Av. La Marina,1.0816,4.16,1.85,alta,baja
667,51,Av. Aviacion,1.1901,3.23,2.15,media,baja
667,383,Av. Angamos,1.1935,3.23,2.2,media,baja
667,1069,Av. Universitaria,1.2294,4.58,2.23,alta,baja
667,174,Via Expresa,1.3284,4.25,1.93,baja,baja
668,1336,Av. Tomas Marsano,0.5265,3.16,1.4,media,alta
668,456,Av. Salaverry,0.528,3.99,1.64,alta,alta
668,855,Av. Santa Cruz,0.6157,4.49,1.58,baja,alta
668,645,Av. Santa Cruz,0.7073,3.81,2.2,alta,alta
668,1055,Av. Benavides,0.7806,4.03,1.82,alta,alta
668,60,Via Expresa,0.9457,4.56,2.25,alta,alta
669,1245,Av. Tomas Marsano,0.1411,1.1,1.45,alta,alta
669,640,Av. Brasil,0.2306,2.48,0.97,baja,alta
669,1087,Av. Santa Cruz,0.3396,2.91,1.63,alta,alta
669,738,Av. 28 de Julio,0.4432,2.74,1.21,baja,alta
669,395,Av. Angamos,0.4621,3.9,1.52,alta,alta
669,166,Av. 28 de Julio,0.4645,3.3,1.16,media,alta
670,123,Av. Brasil,0.176,1.55,1.31,baja,media
670,102,Av. 28 de Julio,0.3372,2.8,1.43,media,media
670,564,Av. Aviacion,0.3392,1.89,1.38,alta,media
670,1251,Av. 28 de Julio,0.3532,1.79,1.69,baja,media
670,446,Av. Angamos,0.3658,1.93,1.75,media,media
670,704,Av. Caminos del Inca,0.4157,2.21,1.23,alta,media
671,348,Av. Primavera,0.1158,1.73,1.13,alta,baja
671,1233,Av. Petit Thouars,0.2538,1.18,1.55,alta,baja
671,343,Av. Petit Thouars,0.5065,2.58,1.47,media,baja
671,1304,Av. Petit Thouars,0.7586,2.27,1.83,alta,baja
671,103,Av. La Encalada,0.7811,2.45,1.39,media,baja
671,965,Av. Petit Thouars,0.7841,2.58,1.64,media,baja
672,309,Av. La Marina,0.071,1.48,1.09,media,media
672,267,Av. Primavera,0.1006,2.13,1.35,baja,media
672,70,Av. Petit Thouars,0.3064,2.58,0.78,alta,media
672,1426,Av. Tomas Marsano,0.6398,3.16,1.18,alta,media
672,889,Av. Primavera,0.6526,3.19,1.61,media,media
672,0,Av. Caminos del Inca,0.6825,3.64,1.33,alta,media
673,1019,Av. Brasil,0.6,2.33,1.09,baja,baja
673,1495,Av. Caminos del Inca,0.6592,2.76,1.98,media,baja
673,969,Av. Salaverry,0.7905,2.41,1.36,media,baja
673,1211,Av. Benavides,0.8223,3.1,2.33,alta,baja
673,1098,Av. Larco,1.3745,3.78,2.95,baja,baja
673,998,Av. Angamos,1.4419,4.97,3.12,baja,baja
674,1061,Av. Universitaria,0.0972,1.78,1.19,alta,media
674,364,Av. Javier Prado,0.1057,1.81,1.39,alta,media
674,481,Av. La Marina,0.1181,1.41,1.19,baja,media
674,412,Via Expresa,0.1432,0.93,0.64,media,media
674,24,Av. Aviacion,0.1759,1.6,1.55,baja,media
674,644,Av. Universitaria,0.2976,1.91,0.71,alta,media
675,1214,Av. Larco,0.3065,1.59,0.92,media,baja
675,844,Av. Benavides,0.4455,2.39,0.95,alta,baja
675,744,Av. Caminos del Inca,0.4965,2.5,1.13,media,baja
675,1302,Av. 28 de Julio,0.5938,2.58,1.45,baja,baja
675,523,Av. Salaverry,0.5948,1.79,1.59,baja,baja
675,1363,Av. Universitaria,0.6284,1.9,1.13,media,baja
676,328,Av. Tomas Marsano,0.2172,2.28,1.0,media,media
676,1499,Av. Caminos del Inca,0.2289,1.21,1.51,baja,media
676,1260,Av. Petit Thouars,0.3387,1.82,1.6,baja,media
676,80,Av. Primavera,0.4774,2.63,1.62,alta,media
676,349,Av. La Marina,0.4801,2.18,0.96,baja,media
676,1140,Av. Tomas Marsano,0.5268,2.86,1.92,baja,media
677,1029,Av. Tomas Marsano,0.1092,0.9,1.21,baja,media
677,993,Av. Primavera,0.1141,1.62,1.64,alta,media
677,574,Av. Santa Cruz,0.1466,0.93,1.62,media,media
677,637,Av. Caminos del Inca,0.19,1.03,0.54,media,media
677,1073,Av. Tomas Marsano,0.2115,2.57,1.59,alta,media
677,702,Av. La Encalada,0.2191,2.67,0.92,media,media
678,1187,Av. La Marina,0.4904,2.8,1.94,alta,baja
678,1358,Av. Brasil,0.8326,3.22,2.0,media,baja
678,1042,Av. Larco,0.9335,2.89,2.56,baja,baja
678,556,Av. Arequipa,0.9893,3.59,1.92,baja,baja
678,369,Av. La Marina,1.0784,3.8,2.68,alta,baja
678,55,Av. 28 de Julio,1.1045,4.0,1.72,alta,baja
679,374,Av. Petit Thouars,0.1131,1.93,1.55,alta,media
679,966,Av. Javier Prado,0.2753,2.8,1.31,alta,media
679,1122,Av. Brasil,0.3049,2.78,1.11,baja,media
679,228,Av. Brasil,0.306,2.15,0.78,alta,media
679,1322,Av. El Derby,0.3145,2.76,1.43,media,media
679,185,Av. Santa Cruz,0.3369,2.59,1.34,media,media
680,1490,Av. Caminos del Inca,0.0189,1.76,0.35,media,media
680,651,Av. Tomas Marsano,0.2064,2.51,1.09,media,media
680,860,Av. La Marina,0.31,2.09,0.7,baja,media
680,820,Av. Petit Thouars,0.318,2.47,1.36,alta,media
680,1198,Av. La Marina,0.3435,1.67,1.05,baja,media
680,195,Av. Primavera,0.4444,2.55,1.34,baja,media
681,200,Via Expresa,0.3764,2.73,1.78,media,baja
681,1032,Av. El Derby,0.4742,2.91,1.85,media,baja
681,1146,Av. Primavera,0.4772,2.58,1.39,alta,baja
681,138,Av. Arequipa,0.6612,2.14,1.36,media,baja
681,403,Av. Tomas Marsano,0.969,3.04,2.32,baja,baja
681,1483,Av. Salaverry,0.9936,3.78,2.25,alta,baja
682,552,Av. La Marina,0.6092,3.57,2.08,baja,media
682,1160,Av. Javier Prado,0.6857,3.88,1.68,baja,media
682,8,Av. Brasil,0.7903,3.55,1.36,alta,media
682,788,Av. 28 de Julio,0.7975,3.19,2.3,baja,media
682,792,Av. Petit Thouars,0.8077,3.66,2.33,media,media
682,691,Av. Santa Cruz,0.8362,4.14,2.2,media,media
683,1227,Av. Primavera,0.1048,2.24,1.07,media,media
683,1194,Av. Colonial,0.2409,1.43,1.07,baja,media
683,1362,Av. Petit Thouars,0.3225,2.53,0.91,alta,media
683,177,Av. Javier Prado,0.3722,1.82,1.17,alta,media
683,584,Av. Universitaria,0.4072,2.72,1.69,alta,media
683,169,Av. Aviacion,0.4759,2.9,1.04,media,media
684,842,Av. Javier Prado,0.2156,1.7,1.64,media,baja
684,311,Av. Salaverry,0.6104,3.32,1.08,baja,baja
684,1220,Av. Javier Prado,0.7147,2.98,1.81,baja,baja
684,1237,Av. Brasil,1.046,4.45,2.27,media,baja
684,650,Av. Santa Cruz,1.1923,3.71,2.34,alta,baja
684,1027,Av. Tomas Marsano,1.3426,5.09,2.45,media,baja
685,1091,Av. El Derby,0.117,1.94,0.62,media,media
685,1089,Av. Caminos del Inca,0.2704,2.19,0.8,alta,media
685,1133,Av. La Marina,0.6612,3.02,1.98,media,media
685,972,Av. La Marina,0.8848,4.06,1.61,alta,media
685,688,Av. Caminos del Inca,0.983,4.3,2.61,media,media
685,1320,Av. El Derby,1.0194,3.64,1.76,baja,media
686,866,Av. Brasil,0.3072,2.75,1.02,alta,media
686,312,Av. Tomas Marsano,0.4206,2.77,1.63,media,media
686,805,Av. Caminos del Inca,0.5934,3.23,1.53,baja,media
686,131,Av. La Encalada,0.6593,3.03,1.65,baja,media
686,526,Av. Santa Cruz,0.6837,4.0,1.67,baja,media
686,1169,Av. Primavera,0.6852,3.38,1.95,media,media
687,1030,Av. Javier Prado,0.121,0.9,1.06,baja,media
687,526,Av. La Marina,0.1918,1.07,1.32,baja,media
687,1398,Via Expresa,0.2106,2.1,1.73,alta,media
687,967,Av. Petit Thouars,0.3203,2.25,0.93,media,media
687,805,Av. Caminos del Inca,0.3321,2.63,0.97,baja,media
687,1155,Av. Santa Cruz,0.5163,2.15,1.41,media,media
688,1320,Av. Colonial,0.5193,2.47,1.53,media,media
688,784,Av. Universitaria,0.7908,2.56,1.31,baja,media
688,1132,Av. Angamos,0.8434,4.07,1.83,media,media
688,1091,Av. Benavides,0.9803,3.76,2.61,alta,media
688,685,Av. 28 de Julio,0.983,3.24,1.8,baja,media
688,1230,Av. Tomas Marsano,1.0409,3.85,2.57,baja,media
689,1151,Av. El Derby,0.6093,3.03,1.82,baja,baja
689,776,Av. Primavera,0.642,2.04,1.78,baja,baja
689,449,Av. Colonial,0.6458,3.2,1.13,baja,baja
689,962,Av. La Marina,0.7666,3.57,1.84,baja,baja
689,1109,Av. Javier Prado,0.865,3.53,1.95,alta,baja
689,538,Av. Brasil,0.8729,3.03,1.69,media,baja
690,1200,Av. Petit Thouars,0.2227,1.22,0.81,alta,media
690,1240,Av. Aviacion,0.503,2.17,1.78,baja,media
690,929,Av. Tomas Marsano,0.9692,4.43,1.49,alta,media
690,1020,Av. Arequipa,1.1057,4.3,2.22,media,media
690,1492,Av. Primavera,1.2275,4.13,2.74,alta,media
690,79,Av. Salaverry,1.2378,4.33,2.96,baja,media
691,1492,Av. Benavides,0.5783,3.53,1.87,alta,media
691,1282,Av. Arequipa,0.7352,3.81,1.51,baja,media
691,1020,Av. El Derby,0.7417,3.19,1.98,alta,media
691,682,Via Expresa,0.8362,3.61,2.38,baja,media
691,62,Av. Primavera,0.9884,4.42,1.97,alta,media
691,929,Av. 28 de Julio,1.1213,4.69,2.56,baja,media
692,342,Av. Santa Cruz,0.513,1.91,1.24,media,baja
692,218,Av. Tomas Marsano,0.7461,3.24,2.25,baja,baja
692,757,Av. Salaverry,0.9461,3.63,1.63,alta,baja
692,959,Av. Salaverry,0.9609,3.49,1.82,baja,baja
692,819,Av. Caminos del Inca,1.1425,4.32,2.87,media,baja
692,246,Av. Salaverry,1.1425,3.13,2.69,alta,baja
693,923,Av. El Derby,0.4977,2.23,1.86,alta,baja
693,611,Av. Benavides,0.6081,2.22,1.32,baja,baja
693,1190,Av. Arequipa,0.8092,3.16,1.54,alta,baja
693,52,Av. Brasil,0.8282,3.37,2.44,alta,baja
693,925,Av. Salaverry,0.9575,2.92,1.56,baja,baja
693,270,Av. Larco,1.2521,4.63,2.07,baja,baja
694,1256,Av. Primavera,0.2737,1.37,1.54,alta,baja
694,23,Av. Larco,0.4523,1.96,1.14,baja,baja
694,1357,Av. 28 de Julio,0.7215,2.16,1.61,alta,baja
694,298,Av. Brasil,0.8864,2.82,1.56,baja,baja
694,1471,Av. El Derby,0.8871,2.38,1.6,alta,baja
694,532,Av. Aviacion,0.8985,2.92,2.16,media,baja
695,1443,Av. Angamos,0.0638,0.81,0.96,baja,alta
695,769,Av. La Marina,0.1306,2.49,0.74,baja,alta
695,989,Av. Colonial,0.2761,2.78,1.56,alta,alta
695,41,Av. Angamos,0.3312,2.63,1.01,baja,alta
695,901,Av. La Encalada,0.3881,3.51,1.7,alta,alta
695,729,Av. Benavides,0.4021,2.1,1.82,alta,alta
696,413,Av. 28 de Julio,0.0745,0.99,1.0,media,baja
696,821,Av. Primavera,0.1774,1.88,0.94,media,baja
696,177,Av. Aviacion,0.3188,2.56,1.02,alta,baja
696,1140,Av. Santa Cruz,0.3324,1.43,1.26,baja,baja
696,196,Av. Caminos del Inca,0.3457,1.35,1.28,baja,baja
696,1362,Av. Brasil,0.3473,2.51,1.25,media,baja
697,368,Av. Universitaria,0.0931,1.36,0.47,media,media
697,151,Av. Colonial,0.1064,1.61,0.65,alta,media
697,205,Av. Larco,0.1377,0.97,1.59,alta,media
697,1002,Av. El Derby,0.356,2.63,1.3,media,media
697,1323,Av. Colonial,0.502,3.16,1.83,baja,media
697,1370,Av. Tomas Marsano,0.5747,3.6,1.83,alta,media
698,192,Av. Petit Thouars,0.1393,1.4,0.59,alta,baja
698,91,Av. Colonial,0.3215,2.62,1.24,media,baja
698,882,Av. Brasil,0.4748,1.78,1.11,alta,baja
698,1045,Av. Salaverry,0.5112,2.27,1.47,baja,baja
698,226,Av. Javier Prado,0.6124,2.1,1.92,baja,baja
698,1023,Av. Santa Cruz,0.6255,2.56,1.06,alta,baja
699,371,Via Expresa,0.4891,2.29,0.89,media,baja
699,1314,Av. Tomas Marsano,0.7638,3.39,2.24,media,baja
699,1460,Av. Brasil,0.8173,3.32,2.32,baja,baja
699,147,Av. Colonial,0.8829,3.52,1.5,alta,baja
699,990,Av. Aviacion,0.9993,3.19,1.74,baja,baja
699,1043,Av. Caminos del Inca,1.022,2.77,2.52,alta,baja
700,67,Av. Angamos,0.2776,1.59,1.62,media,baja
700,115,Av. Arequipa,0.3594,2.66,1.38,alta,baja
700,1142,Av. Angamos,0.3701,1.84,1.9,baja,baja
700,18,Av. Brasil,0.3831,1.64,1.13,baja,baja
700,335,Av. Petit Thouars,0.3898,2.08,1.42,alta,baja
700,1009,Av. Universitaria,0.4388,2.11,0.95,baja,baja
701,65,Av. Universitaria,0.2015,1.9,0.61,media,baja
701,139,Av. Primavera,0.3583,1.61,1.52,alta,baja
701,56,Av. Petit Thouars,0.4076,1.97,1.59,media,baja
701,1383,Av. Santa Cruz,0.4093,2.53,1.36,media,baja
701,588,Av. Primavera,0.5427,1.81,1.13,baja,baja
701,406,Av. Angamos,0.5718,2.09,2.05,media,baja
702,1073,Av. Javier Prado,0.0206,1.84,0.72,baja,media
702,1029,Av. 28 de Julio,0.1678,1.4,0.68,media,media
702,574,Av. Arequipa,0.2023,1.97,0.94,media,media
702,677,Av. Primavera,0.2191,1.15,1.55,media,media
702,993,Av. El Derby,0.306,1.89,1.04,alta,media
702,408,Av. Larco,0.3618,1.76,1.18,media,media
703,791,Via Expresa,0.6785,2.33,1.26,media,baja
703,1183,Av. Javier Prado,0.8568,2.97,1.92,baja,baja
703,189,Av. La Encalada,0.8918,3.58,1.98,media,baja
703,1191,Av. Caminos del Inca,0.9611,3.99,1.55,alta,baja
703,204,Av. La Marina,1.2053,3.86,2.65,media,baja
703,416,Av. Petit Thouars,1.3662,3.99,2.02,media,baja
704,123,Av. Caminos del Inca,0.2412,1.56,1.52,media,media
704,1295,Av. Tomas Marsano,0.2629,2.43,0.86,baja,media
704,1251,Av. Tomas Marsano,0.3469,1.72,1.89,alta,media
704,918,Via Expresa,0.3529,2.11,1.02,alta,media
704,1174,Av. Universitaria,0.3591,2.44,1.87,baja,media
704,602,Av. Petit Thouars,0.3684,1.93,1.64,alta,media
705,898,Av. Primavera,0.5043,3.35,1.8,media,alta
705,893,Av. Benavides,0.5058,2.67,1.26,media,alta
705,71,Av. La Encalada,0.5829,3.83,1.41,baja,alta
705,656,Av. Angamos,0.5835,2.97,1.71,alta,alta
705,360,Av. Aviacion,0.5866,3.99,1.52,baja,alta
705,636,Av. Javier Prado,0.6601,3.26,1.31,alta,alta
706,919,Av. Javier Prado,0.1184,0.94,0.76,baja,baja
706,1235,Av. El Derby,0.3545,2.39,1.83,alta,baja
706,997,Av. Salaverry,0.5412,2.04,1.06,baja,baja
706,435,Av. Santa Cruz,0.5519,1.93,1.81,alta,baja
706,419,Av. Javier Prado,0.7627,2.72,1.64,baja,baja
706,1051,Av. Caminos del Inca,0.873,3.2,1.71,alta,baja
707,1318,Av. El Derby,0.3606,2.21,0.85,alta,baja
707,961,Av. Tomas Marsano,0.4056,1.83,1.83,baja,baja
707,135,Av. Salaverry,0.7109,2.86,1.67,media,baja
707,115,Av. Colonial,0.7244,2.2,1.42,baja,baja
707,1243,Av. Benavides,0.7477,2.43,1.42,baja,baja
707,886,Av. La Encalada,0.7886,3.05,2.06,alta,baja
708,1223,Av. Benavides,0.5362,3.15,1.99,alta,baja
708,617,Av. Tomas Marsano,0.7081,2.23,1.73,alta,baja
708,745,Av. 28 de Julio,0.7743,2.65,2.14,baja,baja
708,285,Av. El Derby,0.8153,2.76,1.75,media,baja
708,351,Av. Arequipa,0.934,4.09,2.0,media,baja
708,777,Av. Salaverry,0.94,3.87,2.47,media,baja
709,165,Av. Santa Cruz,0.2082,1.58,0.98,media,muy_alta
709,446,Av. Brasil,0.3061,2.85,0.73,media,muy_alta
709,1274,Av. El Derby,0.3613,2.94,1.14,baja,muy_alta
709,564,Av. Benavides,0.3879,2.97,1.36,alta,muy_alta
709,1199,Av. Universitaria,0.4117,3.44,1.86,media,muy_alta
709,872,Av. Brasil,0.4255,3.08,1.34,baja,muy_alta
710,1479,Av. Javier Prado,0.4438,1.83,1.22,alta,baja
710,739,Via Expresa,0.5695,2.51,2.02,baja,baja
710,128,Av. Salaverry,0.6287,2.03,1.43,baja,baja
710,384,Av. Benavides,0.6904,3.42,1.4,alta,baja
710,1485,Av. Salaverry,0.7339,2.34,2.13,alta,baja
710,806,Av. Brasil,0.7732,2.97,2.26,alta,baja
711,899,Av. Colonial,0.1423,1.15,0.73,media,baja
711,870,Av. Tomas Marsano,0.5401,2.91,1.84,alta,baja
711,55,Av. 28 de Julio,0.6034,2.54,2.06,alta,baja
711,904,Av. Javier Prado,0.6985,3.16,2.05,baja,baja
711,1329,Av. Tomas Marsano,0.7897,2.39,2.43,media,baja
711,556,Av. El Derby,0.9369,2.67,1.64,baja,baja
712,1248,Via Expresa,0.3644,2.45,1.42,baja,alta
712,793,Av. Santa Cruz,0.5687,3.23,1.52,alta,alta
712,230,Av. 28 de Julio,0.7382,3.83,1.34,alta,alta
712,274,Av. 28 de Julio,0.7574,4.83,1.36,media,alta
712,184,Av. Santa Cruz,1.1318,5.34,2.3,baja,alta
712,633,Av. Larco,1.1382,5.77,2.35,alta,alta
713,345,Av. Tomas Marsano,0.226,2.09,1.4,alta,alta
713,92,Av. La Marina,0.403,2.77,1.84,baja,alta
713,1475,Av. La Encalada,0.4358,2.58,1.41,alta,alta
713,1188,Av. Arequipa,0.6447,3.7,2.16,media,alta
713,466,Av. Santa Cruz,0.6682,3.06,1.84,baja,alta
713,386,Av. Primavera,0.7146,4.05,1.6,baja,alta
714,11,Av. La Marina,0.4221,4.1,1.14,alta,muy_alta
714,766,Av. Santa Cruz,0.436,3.18,1.58,media,muy_alta
714,68,Av. Santa Cruz,0.4624,3.52,1.53,media,muy_alta
714,591,Av. Primavera,0.743,5.02,1.46,baja,muy_alta
714,1337,Av. Javier Prado,0.7502,6.12,1.41,alta,muy_alta
714,122,Av. Arequipa,0.9578,6.29,2.29,alta,muy_alta
715,170,Av. Arequipa,0.3677,2.46,0.96,alta,media
715,1480,Av. Benavides,0.4022,2.51,0.81,baja,media
715,182,Av. Aviacion,0.4358,3.09,1.12,alta,media
715,1003,Av. Benavides,0.6254,2.38,2.19,alta,media
715,1132,Av. Benavides,0.8475,3.28,2.03,media,media
715,1262,Av. Colonial,0.9618,4.5,1.48,media,media
716,250,Av. Arequipa,0.4671,2.66,1.85,alta,baja
716,974,Av. 28 de Julio,0.4865,1.58,1.59,baja,baja
716,1107,Av. Primavera,0.6206,3.0,1.89,media,baja
716,824,Av. Javier Prado,0.6577,2.24,1.78,media,baja
716,357,Via Expresa,0.6714,2.8,1.54,baja,baja
716,325,Av. Universitaria,0.7584,3.43,1.96,baja,baja
717,1448,Av. Javier Prado,0.3965,1.41,1.97,media,baja
717,517,Av. Tomas Marsano,0.4054,2.1,1.29,baja,baja
717,9,Av. Universitaria,0.5239,2.28,2.09,media,baja
717,1436,Av. Aviacion,0.5989,1.95,1.55,media,baja
717,104,Av. Colonial,0.9154,2.76,2.42,baja,baja
717,210,Av. Primavera,0.9665,3.07,2.52,media,baja
718,1017,Av. Salaverry,0.1621,2.24,1.42,media,baja
718,76,Av. Caminos del Inca,0.3913,1.97,1.21,baja,baja
718,1205,Av. Javier Prado,0.4323,2.66,1.72,alta,baja
718,1317,Av. Santa Cruz,0.4825,3.05,1.7,media,baja
718,1305,Av. Salaverry,0.4969,2.54,1.26,alta,baja
718,642,Av. Universitaria,0.5207,1.71,0.95,baja,baja
719,356,Av. Benavides,0.2281,2.44,0.87,alta,baja
719,3,Via Expresa,0.2382,1.43,0.59,media,baja
719,406,Av. Universitaria,0.2678,2.26,1.06,media,baja
719,76,Av. Caminos del Inca,0.3398,2.68,1.2,media,baja
719,1017,Av. Tomas Marsano,0.5137,2.41,2.02,media,baja
719,718,Av. Arequipa,0.545,2.98,2.1,media,baja
720,480,Av. Javier Prado,0.1819,1.59,1.56,baja,baja
720,181,Av. El Derby,0.2174,1.33,1.32,media,baja
720,590,Av. Benavides,0.2379,1.73,1.43,alta,baja
720,1058,Av. Benavides,0.3116,1.28,1.35,media,baja
720,994,Av. Larco,0.361,1.61,1.26,alta,baja
720,1238,Av. Petit Thouars,0.3822,2.22,0.98,alta,baja
721,359,Av. Santa Cruz,0.0981,2.0,0.88,baja,media
721,1196,Av. Larco,0.1487,1.8,0.68,media,media
721,572,Av. Primavera,0.3608,1.62,0.84,media,media
721,1371,Av. La Marina,0.4129,2.18,1.93,baja,media
721,546,Av. Universitaria,0.4383,2.73,1.91,alta,media
721,516,Av. Arequipa,0.5421,2.67,2.02,baja,media
722,1241,Av. Larco,0.0262,1.59,0.4,media,muy_alta
722,1268,Av. Santa Cruz,0.1577,2.46,1.29,baja,muy_alta
722,1234,Av. Benavides,0.2753,2.03,1.42,alta,muy_alta
722,759,Av. Santa Cruz,0.429,2.68,1.58,baja,muy_alta
722,1421,Av. El Derby,0.4817,4.27,1.11,alta,muy_alta
722,1185,Av. Salaverry,0.5003,3.52,1.54,alta,muy_alta
723,28,Av. Angamos,0.2098,1.43,0.9,media,baja
723,510,Av. Tomas Marsano,0.28,2.34,1.16,media,baja
723,202,Av. Santa Cruz,0.4501,1.98,1.37,media,baja
723,734,Av. El Derby,0.5461,3.16,1.11,media,baja
723,624,Av. Petit Thouars,0.6168,2.44,1.85,baja,baja
723,828,Av. La Encalada,0.7738,2.12,1.94,alta,baja
724,1340,Av. Santa Cruz,0.096,1.52,0.84,baja,baja
724,760,Av. Brasil,0.1927,1.15,1.46,alta,baja
724,391,Av. Benavides,0.4895,1.7,1.82,baja,baja
724,1205,Av. Salaverry,0.5251,3.15,1.06,media,baja
724,1138,Av. 28 de Julio,0.6494,2.42,2.13,baja,baja
724,139,Av. Universitaria,0.6495,2.73,1.31,baja,baja
725,43,Av. Javier Prado,0.1087,1.66,1.37,alta,media
725,393,Av. El Derby,0.2865,2.13,1.55,alta,media
725,759,Av. Tomas Marsano,0.3146,1.45,1.82,baja,media
725,1421,Av. La Encalada,0.4129,2.37,1.99,alta,media
725,1234,Via Expresa,0.4607,2.31,1.36,alta,media
725,722,Av. Colonial,0.5086,3.09,1.91,alta,media
726,920,Av. Caminos del Inca,0.3334,2.2,1.89,alta,baja
726,938,Av. La Marina,0.6428,1.97,1.7,alta,baja
726,277,Av. Benavides,0.7854,3.1,2.1,alta,baja
726,746,Av. Brasil,0.8018,2.4,2.26,alta,baja
726,1052,Av. Larco,0.9381,3.28,2.27,media,baja
726,1135,Av. Primavera,0.9838,3.62,2.31,media,baja
727,402,Av. Arequipa,0.1965,2.09,1.4,media,media
727,1274,Av. Brasil,0.2802,1.3,1.46,alta,media
727,99,Av. Caminos del Inca,0.3194,2.37,0.7,alta,media
727,854,Av. Caminos del Inca,0.3206,1.44,0.75,media,media
727,872,Av. Tomas Marsano,0.4261,2.69,1.43,media,media
727,932,Av. Benavides,0.4955,2.38,0.93,media,media
728,1012,Av. Tomas Marsano,0.1846,2.22,0.74,media,media
728,613,Av. Santa Cruz,0.1912,2.27,0.97,media,media
728,211,Av. Petit Thouars,0.3981,1.64,1.21,baja,media
728,240,Av. Salaverry,0.4251,2.9,1.86,media,media
728,592,Av. La Encalada,0.4926,3.18,1.35,alta,media
728,754,Av. El Derby,0.669,2.74,1.88,baja,media
729,901,Av. Angamos,0.1945,2.33,1.0,alta,muy_alta
729,1130,Av. Petit Thouars,0.2703,2.05,0.89,media,muy_alta
729,41,Av. Brasil,0.3381,2.65,0.98,alta,muy_alta
729,769,Av. Universitaria,0.3682,2.79,1.37,alta,muy_alta
729,1056,Av. Petit Thouars,0.3761,2.9,1.85,baja,muy_alta
729,841,Av. Caminos del Inca,0.3822,3.88,1.5,alta,muy_alta
730,35,Av. Benavides,0.5017,2.02,1.75,media,baja
730,1168,Av. Larco,0.5412,2.37,1.95,media,baja
730,451,Av. 28 de Julio,0.6362,2.68,1.54,media,baja
730,450,Av. El Derby,0.6973,2.14,1.86,media,baja
730,173,Av. El Derby,0.7047,3.0,1.24,media,baja
730,20,Av. El Derby,0.7663,3.0,2.29,alta,baja
731,497,Av. La Encalada,0.0841,1.71,1.1,media,media
731,732,Av. Petit Thouars,0.349,2.44,1.05,baja,media
731,1400,Via Expresa,0.5504,3.26,1.16,alta,media
731,1116,Via Expresa,0.653,2.28,1.93,media,media
731,1031,Av. Universitaria,0.673,2.83,1.95,alta,media
731,1453,Av. Petit Thouars,0.7485,3.66,1.26,alta,media
732,497,Av. Petit Thouars,0.2674,2.47,1.43,alta,media
732,1116,Av. El Derby,0.3107,1.68,1.74,baja,media
732,731,Av. Angamos,0.349,2.14,0.75,baja,media
732,1031,Av. 28 de Julio,0.6052,3.41,1.56,alta,media
732,592,Av. Santa Cruz,0.6478,2.99,2.01,alta,media
732,1400,Av. Javier Prado,0.8034,4.12,1.3,baja,media
733,888,Av. Larco,0.0771,0.92,0.45,baja,media
733,231,Av. Larco,0.1223,1.59,1.31,media,media
733,1041,Av. Petit Thouars,0.3161,1.79,0.88,alta,media
733,735,Av. Arequipa,0.4019,2.3,0.94,alta,media
733,167,Av. Benavides,0.414,2.04,1.85,media,media
733,582,Av. Salaverry,0.4465,2.36,0.93,alta,media
734,624,Av. Caminos del Inca,0.2529,2.6,1.7,media,baja
734,510,Av. Colonial,0.2667,2.05,1.51,baja,baja
734,990,Av. Tomas Marsano,0.2692,2.55,1.33,baja,baja
734,828,Av. Larco,0.4233,2.92,1.31,baja,baja
734,876,Av. Angamos,0.4265,2.36,1.76,baja,baja
734,723,Av. Arequipa,0.5461,2.14,1.85,alta,baja
735,120,Via Expresa,0.2948,1.71,0.81,alta,media
735,835,Av. 28 de Julio,0.3014,1.89,1.47,media,media
735,888,Av. Angamos,0.3369,2.91,1.78,media,media
735,733,Av. Larco,0.4019,2.75,0.95,media,media
735,582,Av. Colonial,0.4584,2.48,1.28,baja,media
735,231,Av. Aviacion,0.5027,2.71,2.02,media,media
736,1464,Av. Arequipa,0.6863,2.88,1.66,media,baja
736,1170,Av. Tomas Marsano,0.8197,3.41,2.46,baja,baja
736,1232,Av. Colonial,0.8961,3.56,2.33,baja,baja
736,19,Av. Universitaria,0.9188,3.43,2.18,baja,baja
736,1367,Av. La Encalada,1.0508,3.48,2.22,media,baja
736,277,Av. Salaverry,1.1634,3.1,2.06,media,baja
737,1208,Av. 28 de Julio,0.0382,1.19,1.47,media,alta
737,559,Av. Universitaria,0.2272,1.43,1.37,media,alta
737,1034,Av. La Marina,0.2817,2.76,1.23,baja,alta
737,634,Av. Benavides,0.3079,2.88,1.62,baja,alta
737,555,Av. Universitaria,0.3159,2.78,0.72,alta,alta
737,771,Av. Tomas Marsano,0.3172,2.42,0.97,alta,alta
738,640,Via Expresa,0.2222,2.15,1.55,baja,alta
738,477,Av. La Encalada,0.2458,2.56,1.48,baja,alta
738,1334,Av. Colonial,0.2656,2.4,1.05,media,alta
738,669,Av. Arequipa,0.4432,3.52,1.38,baja,alta
738,1245,Av. Primavera,0.4691,3.41,1.11,media,alta
738,426,Av. 28 de Julio,0.5348,2.98,1.39,baja,alta
739,384,Av. Salaverry,0.1385,0.88,1.34,baja,baja
739,1479,Av. Santa Cruz,0.2338,1.95,1.16,baja,baja
739,365,Av. Santa Cruz,0.4139,1.81,0.91,alta,baja
739,710,Av. Javier Prado,0.5695,2.33,1.85,alta,baja
739,128,Av. Tomas Marsano,0.6621,2.9,1.57,alta,baja
739,538,Av. Javier Prado,0.7621,3.56,1.31,alta,baja
740,582,Av. La Marina,0.2164,1.93,0.67,baja,media
740,167,Av. Santa Cruz,0.2299,1.79,1.53,baja,media
740,661,Av. Larco,0.2636,2.37,1.24,baja,media
740,444,Av. Benavides,0.3203,2.8,0.74,media,media
740,120,Av. La Marina,0.3862,2.22,1.8,alta,media
740,1041,Av. La Marina,0.4101,2.61,1.43,baja,media
741,1416,Av. La Marina,0.3869,1.32,0.84,alta,baja
741,1393,Av. Aviacion,0.7131,2.46,1.46,media,baja
741,1253,Av. 28 de Julio,0.8709,2.62,2.02,media,baja
741,1339,Av. Larco,0.9634,4.14,1.72,baja,baja
741,1459,Av. Santa Cruz,0.9806,2.92,1.83,media,baja
741,826,Av. Angamos,1.1882,3.84,1.83,alta,baja
742,187,Av. Arequipa,0.2882,2.09,1.05,media,media
742,658,Av. Larco,0.5729,2.93,1.79,baja,media
742,767,Av. Benavides,0.6762,2.74,1.6,alta,media
742,504,Av. Caminos del Inca,0.7902,3.12,1.33,alta,media
742,1311,Av. Tomas Marsano,0.8534,3.43,2.2,media,media
742,1275,Av. Colonial,0.9589,4.29,2.3,alta,media
743,1120,Av. Larco,0.3415,1.81,1.23,alta,baja
743,585,Av. Aviacion,0.3507,1.83,1.0,alta,baja
743,318,Av. Angamos,0.4265,1.52,1.4,media,baja
743,32,Av. Petit Thouars,0.4801,2.73,1.52,baja,baja
743,1202,Av. Salaverry,0.5274,2.04,1.21,baja,baja
743,660,Av. Salaverry,0.5293,2.77,2.0,baja,baja
744,1008,Via Expresa,0.3731,1.5,1.24,media,baja
744,844,Av. Primavera,0.4936,2.08,1.4,alta,baja
744,675,Av. Universitaria,0.4965,2.21,1.22,media,baja
744,523,Av. Caminos del Inca,0.5059,2.17,1.08,media,baja
744,1231,Av. Tomas Marsano,0.5445,1.8,1.9,alta,baja
744,1408,Via Expresa,0.5932,1.72,1.54,baja,baja
745,617,Av. Primavera,0.1489,1.51,1.54,alta,baja
745,777,Av. Brasil,0.4649,2.53,1.9,alta,baja
745,171,Av. El Derby,0.5124,2.04,2.02,baja,baja
745,1455,Av. Larco,0.7264,2.2,1.68,media,baja
745,1223,Av. Primavera,0.7288,2.48,1.65,baja,baja
745,708,Av. Angamos,0.7743,3.5,1.49,alta,baja
746,1414,Av. Brasil,0.3637,2.24,0.96,alta,baja
746,1135,Av. Tomas Marsano,0.4505,2.08,1.6,baja,baja
746,277,Av. Arequipa,0.5229,1.82,0.99,alta,baja
746,726,Av. La Encalada,0.8018,3.53,1.66,baja,baja
746,981,Av. La Marina,0.9063,3.07,2.33,baja,baja
746,1052,Av. Arequipa,0.9463,3.65,2.18,media,baja
747,293,Av. Angamos,0.1837,2.15,0.62,media,alta
747,263,Av. Angamos,0.1952,1.41,0.8,media,alta
747,166,Av. 28 de Julio,0.2168,1.78,1.0,media,alta
747,1001,Av. La Encalada,0.3022,2.11,1.81,media,alta
747,198,Av. La Encalada,0.3805,3.11,0.94,baja,alta
747,571,Av. Tomas Marsano,0.3886,2.12,1.05,baja,alta
748,643,Av. Colonial,0.2541,1.6,1.19,media,baja
748,278,Av. Caminos del Inca,0.4191,2.4,1.25,media,baja
748,1306,Av. Arequipa,0.4539,2.09,1.86,media,baja
748,194,Av. Universitaria,0.5307,3.01,2.07,baja,baja
748,1389,Av. El Derby,0.5438,2.75,1.81,media,baja
748,398,Av. Larco,0.5747,1.93,1.23,media,baja
749,1285,Av. Benavides,0.3808,2.69,1.82,baja,baja
749,307,Av. Primavera,0.5934,2.33,1.71,media,baja
749,953,Av. La Marina,0.615,2.15,2.02,baja,baja
749,1103,Av. Benavides,0.6566,2.47,2.22,baja,baja
749,1435,Av. Arequipa,0.8139,3.3,2.09,baja,baja
749,1327,Av. Larco,1.0677,2.88,2.73,baja,baja
750,279,Av. Universitaria,0.19,1.13,1.41,baja,media
750,1158,Av. Colonial,0.7573,3.54,1.42,media,media
750,1115,Av. Arequipa,1.0703,4.19,2.27,alta,media
750,1359,Av. Larco,1.0818,3.97,2.5,baja,media
750,1124,Av. 28 de Julio,1.4941,5.67,3.15,alta,media
750,1320,Av. Santa Cruz,1.7302,5.56,2.45,alta,media
751,224,Av. Salaverry,0.2233,2.29,1.38,baja,muy_alta
751,121,Av. Caminos del Inca,0.317,3.0,1.25,media,muy_alta
751,557,Av. Brasil,0.3493,3.06,1.68,alta,muy_alta
751,615,Av. Brasil,0.4058,3.68,1.67,media,muy_alta
751,912,Av. Petit Thouars,0.4557,3.57,1.52,alta,muy_alta
751,571,Av. El Derby,0.6235,4.27,1.09,alta,muy_alta
752,1451,Av. Caminos del Inca,0.3838,2.63,1.82,baja,baja
752,911,Av. Tomas Marsano,0.4133,1.77,1.71,baja,baja
752,486,Av. Colonial,0.5119,1.8,1.69,alta,baja
752,346,Av. Javier Prado,0.5252,1.8,2.13,alta,baja
752,579,Av. Larco,0.7057,2.04,1.79,baja,baja
752,1456,Av. Larco,0.7955,2.38,1.49,alta,baja
753,275,Av. Brasil,0.217,2.83,1.1,baja,muy_alta
753,970,Av. Brasil,0.2729,3.27,0.73,media,muy_alta
753,112,Av. Colonial,0.3016,2.29,1.28,media,muy_alta
753,255,Av. Petit Thouars,0.3906,3.1,1.48,alta,muy_alta
753,111,Av. Brasil,0.5048,3.96,1.75,alta,muy_alta
753,989,Av. Javier Prado,0.5106,4.2,1.72,baja,muy_alta
754,82,Av. El Derby,0.3682,2.35,0.95,media,media
754,1047,Av. Petit Thouars,0.4816,2.14,1.32,alta,media
754,613,Av. El Derby,0.506,2.67,1.58,media,media
754,211,Via Expresa,0.564,3.41,1.64,baja,media
754,1116,Av. Tomas Marsano,0.6143,3.33,2.04,media,media
754,728,Av. Colonial,0.669,3.44,2.03,baja,media
755,212,Av. Colonial,0.2202,2.43,1.41,baja,media
755,326,Av. Salaverry,0.3872,2.0,1.43,media,media
755,1124,Av. Petit Thouars,0.4134,1.76,1.7,alta,media
755,217,Av. Universitaria,0.5374,3.36,1.29,media,media
755,1096,Av. Benavides,0.5445,2.57,1.02,alta,media
755,781,Av. Colonial,0.5731,3.68,1.95,baja,media
756,1057,Av. Caminos del Inca,0.4704,3.23,1.84,alta,muy_alta
756,657,Av. Larco,0.5262,4.17,1.39,alta,muy_alta
756,1276,Av. Caminos del Inca,0.5736,4.81,1.74,media,muy_alta
756,1056,Av. Angamos,0.7339,5.57,1.53,baja,muy_alta
756,397,Av. Brasil,0.7353,5.75,1.72,alta,muy_alta
756,1130,Av. Javier Prado,0.7779,6.31,2.01,baja,muy_alta
757,959,Av. Santa Cruz,0.2715,1.31,0.92,baja,baja
757,596,Av. Universitaria,0.4186,1.4,0.82,media,baja
757,850,Av. Primavera,0.4192,1.95,1.45,alta,baja
757,218,Av. Aviacion,0.4229,2.45,1.28,alta,baja
757,246,Av. Salaverry,0.4589,1.49,1.73,alta,baja
757,342,Av. Primavera,0.4627,2.5,1.21,alta,baja
758,486,Av. Salaverry,0.4859,2.96,1.7,alta,baja
758,346,Av. 28 de Julio,0.6409,2.65,1.29,alta,baja
758,752,Av. Arequipa,0.8826,2.45,2.19,alta,baja
758,1163,Av. Brasil,0.8853,3.31,2.23,alta,baja
758,1338,Av. Petit Thouars,1.0872,3.29,2.79,alta,baja
758,779,Av. Tomas Marsano,1.1443,3.0,1.89,media,baja
759,1421,Av. Brasil,0.103,2.18,1.4,media,media
759,1234,Av. Arequipa,0.2183,1.09,0.86,alta,media
759,1251,Av. Benavides,0.2646,1.29,1.69,media,media
759,725,Av. 28 de Julio,0.3146,1.75,1.72,alta,media
759,43,Av. La Encalada,0.402,2.44,0.86,media,media
759,1241,Av. La Marina,0.416,2.57,1.6,media,media
760,1340,Av. Aviacion,0.0997,1.26,0.6,media,media
760,724,Via Expresa,0.1927,1.83,0.63,media,media
760,391,Av. Petit Thouars,0.3121,2.01,1.64,media,media
760,1138,Av. Brasil,0.4602,1.95,1.57,baja,media
760,1162,Av. La Marina,0.4995,2.97,1.87,alta,media
760,404,Av. La Encalada,0.5764,2.47,2.0,alta,media
761,432,Av. Caminos del Inca,0.2411,1.22,1.57,media,media
761,454,Av. Benavides,0.6171,2.72,1.59,alta,media
761,1224,Av. Universitaria,0.8051,3.15,1.64,media,media
761,1028,Av. La Encalada,0.9937,3.41,2.02,alta,media
761,31,Av. Universitaria,1.0441,3.46,1.99,alta,media
761,1254,Av. El Derby,1.1565,4.7,2.68,alta,media
762,252,Av. Petit Thouars,0.7435,2.53,2.09,alta,baja
762,1455,Av. Javier Prado,0.7673,2.34,2.06,alta,baja
762,50,Av. Larco,0.7991,2.33,1.7,media,baja
762,171,Via Expresa,0.8307,3.52,1.36,baja,baja
762,976,Av. Santa Cruz,0.8546,3.12,2.35,alta,baja
762,629,Av. 28 de Julio,1.1914,4.53,1.74,baja,baja
763,1105,Av. Caminos del Inca,0.2512,1.55,1.1,baja,baja
763,955,Av. Santa Cruz,0.7469,2.56,2.12,alta,baja
763,877,Av. Javier Prado,0.786,2.64,1.76,alta,baja
763,1391,Av. Tomas Marsano,1.2123,4.72,2.9,baja,baja
763,503,Av. Tomas Marsano,1.4139,4.3,3.05,baja,baja
763,897,Av. Aviacion,1.5018,4.63,3.19,alta,baja
764,1402,Av. Larco,0.0474,1.99,0.7,baja,baja
764,253,Av. Benavides,0.3045,2.0,1.09,alta,baja
764,271,Av. Colonial,0.3107,1.83,1.2,media,baja
764,1472,Av. Caminos del Inca,0.3203,2.12,1.04,alta,baja
764,483,Av. Salaverry,0.3416,2.14,0.93,baja,baja
764,87,Av. Larco,0.4175,2.67,1.43,media,baja
765,287,Av. Javier Prado,0.3099,2.63,1.66,media,alta
765,1021,Av. La Encalada,0.372,2.43,1.52,media,alta
765,492,Av. Larco,0.4214,2.93,1.34,media,alta
765,880,Av. Benavides,0.4629,3.71,1.53,baja,alta
765,485,Av. Colonial,0.5506,3.27,2.11,baja,alta
765,1429,Av. Universitaria,0.5666,3.22,2.01,media,alta
766,714,Av. 28 de Julio,0.436,1.9,1.72,alta,media
766,591,Av. Arequipa,0.4368,2.58,2.0,media,media
766,122,Av. La Encalada,0.6039,2.84,1.5,baja,media
766,393,Av. Tomas Marsano,0.6663,2.56,1.75,alta,media
766,833,Av. Brasil,0.7315,4.02,2.2,alta,media
766,946,Av. Javier Prado,0.7543,3.07,2.32,baja,media
767,319,Via Expresa,0.4753,1.96,1.28,media,media
767,774,Av. Arequipa,0.5253,3.52,0.97,alta,media
767,742,Av. Angamos,0.6762,2.9,2.18,baja,media
767,504,Av. La Encalada,0.8915,4.16,1.4,media,media
767,1438,Av. Petit Thouars,0.8979,3.8,2.1,alta,media
767,187,Av. Caminos del Inca,0.9626,4.18,2.61,baja,media
768,1154,Av. Aviacion,0.304,1.46,0.98,media,baja
768,179,Av. Javier Prado,0.4246,1.49,0.97,baja,baja
768,1284,Av. Santa Cruz,0.6045,2.67,1.5,alta,baja
768,236,Av. Salaverry,0.7019,3.37,1.96,media,baja
768,140,Av. La Encalada,0.7808,3.28,1.76,baja,baja
768,1325,Av. 28 de Julio,1.0399,3.7,2.26,media,baja
769,695,Via Expresa,0.1306,2.3,1.53,baja,alta
769,1443,Av. Brasil,0.1508,1.25,1.41,media,alta
769,989,Av. Angamos,0.2624,2.44,0.91,media,alta
769,901,Av. Benavides,0.295,2.93,1.74,alta,alta
769,1130,Av. Arequipa,0.3351,2.73,0.92,alta,alta
769,729,Av. Salaverry,0.3682,2.19,1.84,alta,alta
770,207,Av. Aviacion,0.5717,3.18,1.19,baja,baja
770,1452,Av. Angamos,0.616,2.06,1.62,baja,baja
770,154,Av. Universitaria,0.6552,2.86,1.86,alta,baja
770,298,Av. Angamos,0.6682,2.09,1.2,alta,baja
770,1085,Av. Santa Cruz,0.8579,2.55,1.67,alta,baja
770,532,Av. Arequipa,0.8768,2.82,1.88,alta,baja
771,737,Av. Universitaria,0.3172,2.69,1.71,baja,muy_alta
771,1208,Av. Larco,0.3314,2.46,1.64,alta,muy_alta
771,166,Av. Tomas Marsano,0.3535,3.41,1.48,baja,muy_alta
771,1181,Via Expresa,0.4517,3.33,1.42,baja,muy_alta
771,619,Av. Universitaria,0.5022,4.45,1.59,alta,muy_alta
771,669,Av. Angamos,0.5039,3.73,1.8,media,muy_alta
772,1457,Av. 28 de Julio,0.1701,1.59,1.18,baja,muy_alta
772,268,Av. Santa Cruz,0.2447,2.41,1.03,baja,muy_alta
772,854,Av. Angamos,0.4166,3.75,1.85,media,muy_alta
772,872,Av. Colonial,0.4689,3.17,1.06,baja,muy_alta
772,1426,Av. Tomas Marsano,0.5303,4.18,1.34,media,muy_alta
772,1274,Av. Salaverry,0.5938,5.18,1.81,media,muy_alta
773,498,Av. Arequipa,0.2453,1.31,0.63,baja,baja
773,243,Av. Salaverry,0.3976,2.6,1.28,baja,baja
773,1068,Av. Arequipa,0.5323,1.91,1.53,baja,baja
773,655,Av. Primavera,0.8379,2.97,2.16,alta,baja
773,172,Av. Petit Thouars,0.8508,3.01,1.45,alta,baja
773,995,Av. Petit Thouars,0.8586,2.3,1.92,baja,baja
774,319,Via Expresa,0.3558,2.12,1.85,alta,media
774,1438,Av. Angamos,0.5191,2.16,1.8,alta,media
774,767,Av. Santa Cruz,0.5253,2.87,1.68,media,media
774,491,Av. Caminos del Inca,0.7356,3.57,1.19,media,media
774,46,Av. Colonial,0.8188,3.68,1.72,media,media
774,239,Av. Benavides,1.0196,3.97,2.24,alta,media
775,1280,Av. La Marina,0.3115,2.47,1.69,media,baja
775,1303,Av. Benavides,0.4199,2.81,1.47,media,baja
775,1368,Av. Petit Thouars,0.4432,2.87,1.92,alta,baja
775,1405,Av. Javier Prado,0.4586,2.08,1.02,alta,baja
775,63,Av. Javier Prado,0.4634,3.06,1.51,media,baja
775,1271,Av. Caminos del Inca,0.5971,2.04,1.6,alta,baja
776,962,Av. La Marina,0.2258,1.19,1.54,media,baja
776,1151,Av. Larco,0.4089,2.15,1.68,baja,baja
776,449,Av. El Derby,0.4511,2.27,1.26,media,baja
776,689,Av. Arequipa,0.642,2.94,1.54,alta,baja
776,538,Av. Caminos del Inca,0.7735,2.7,2.16,baja,baja
776,1109,Av. Caminos del Inca,0.9192,3.03,1.61,media,baja
777,745,Av. La Marina,0.4649,1.73,0.94,alta,baja
777,285,Av. El Derby,0.5982,2.25,1.46,alta,baja
777,617,Av. Salaverry,0.6022,2.93,1.52,baja,baja
777,708,Av. Colonial,0.94,4.02,1.53,baja,baja
777,171,Av. Caminos del Inca,0.9659,3.51,2.29,alta,baja
777,1223,Av. La Marina,1.1151,3.93,2.54,baja,baja
778,838,Av. Larco,0.2871,2.13,0.79,media,baja
778,850,Av. Tomas Marsano,0.5099,2.37,1.3,baja,baja
778,542,Av. Angamos,0.5374,3.04,2.09,baja,baja
778,499,Av. Universitaria,0.5583,2.83,1.39,alta,baja
778,246,Av. Colonial,0.6248,2.89,1.31,alta,baja
778,596,Av. Brasil,0.6272,2.79,1.5,media,baja
779,100,Av. Larco,0.5108,2.7,1.93,alta,baja
779,1456,Av. Santa Cruz,0.5343,2.47,1.96,baja,baja
779,1239,Av. Aviacion,0.5346,2.35,2.03,alta,baja
779,506,Av. La Encalada,0.7917,3.7,2.27,baja,baja
779,537,Av. Caminos del Inca,0.8264,2.45,1.78,baja,baja
779,486,Av. Petit Thouars,0.8364,2.47,1.35,alta,baja
780,1334,Av. Petit Thouars,0.3426,2.15,0.97,media,muy_alta
780,843,Av. Brasil,0.5403,3.83,1.16,baja,muy_alta
780,1092,Via Expresa,0.5717,3.74,2.05,media,muy_alta
780,738,Av. Primavera,0.6027,4.74,1.77,media,muy_alta
780,640,Av. Universitaria,0.6426,4.16,1.26,media,muy_alta
780,1242,Av. Brasil,0.6759,4.2,2.14,media,muy_alta
781,217,Av. Aviacion,0.1087,0.99,0.89,baja,media
781,326,Av. La Encalada,0.532,2.78,1.01,baja,media
781,755,Av. Universitaria,0.5731,2.88,2.13,alta,media
781,212,Av. Tomas Marsano,0.6879,2.67,1.7,baja,media
781,1124,Av. Arequipa,0.874,3.78,1.87,media,media
781,1096,Av. Brasil,0.9577,3.36,1.95,media,media
782,220,Av. Angamos,0.0815,1.38,0.47,baja,media
782,861,Av. Colonial,0.3756,2.63,1.3,media,media
782,653,Av. Aviacion,0.442,2.32,1.01,media,media
782,54,Av. Tomas Marsano,0.5957,2.89,1.57,baja,media
782,201,Av. Salaverry,0.7233,3.64,2.2,baja,media
782,1224,Via Expresa,0.7933,4.07,1.44,media,media
783,1307,Av. Universitaria,0.1477,1.17,0.51,media,alta
783,1374,Av. Angamos,0.2031,2.41,0.77,media,alta
783,1013,Av. La Marina,0.3715,2.14,1.52,media,alta
783,858,Av. Caminos del Inca,0.3831,2.99,1.0,media,alta
783,387,Av. Aviacion,0.4619,3.49,1.01,media,alta
783,1157,Av. La Marina,0.4745,3.23,1.69,alta,alta
784,1132,Av. Larco,0.3563,1.8,1.72,baja,media
784,1480,Via Expresa,0.751,2.78,1.47,baja,media
784,688,Av. Caminos del Inca,0.7908,3.77,1.56,media,media
784,182,Av. Santa Cruz,0.8107,3.44,1.93,baja,media
784,1230,Av. Tomas Marsano,0.891,3.57,2.44,media,media
784,170,Via Expresa,0.9017,3.64,2.32,alta,media
785,992,Av. Santa Cruz,0.1309,1.91,0.9,alta,baja
785,936,Av. Universitaria,0.3592,2.2,1.33,baja,baja
785,219,Av. Benavides,0.4287,1.98,1.86,baja,baja
785,827,Av. Javier Prado,0.517,2.76,0.93,media,baja
785,1395,Av. Petit Thouars,0.5677,2.34,1.01,alta,baja
785,259,Av. Angamos,0.7179,2.87,1.88,alta,baja
786,991,Av. Universitaria,0.3504,2.63,1.64,media,baja
786,1028,Av. Benavides,0.5668,2.94,1.92,alta,baja
786,553,Av. Santa Cruz,0.7523,2.94,1.83,media,baja
786,1329,Av. Aviacion,0.7842,2.22,2.11,alta,baja
786,55,Av. Arequipa,1.0728,2.95,2.18,alta,baja
786,31,Av. Salaverry,1.1983,3.94,2.83,media,baja
787,21,Av. La Marina,0.3756,2.16,1.82,media,baja
787,61,Av. Aviacion,0.3886,1.58,1.85,media,baja
787,1173,Av. Arequipa,0.4809,1.9,2.08,alta,baja
787,1339,Av. Brasil,0.6085,2.39,1.45,baja,baja
787,297,Av. Universitaria,0.7121,2.65,1.62,baja,baja
787,1053,Av. Aviacion,0.8914,2.56,2.46,alta,baja
788,950,Av. La Encalada,0.0958,2.21,1.5,baja,alta
788,552,Av. Caminos del Inca,0.2601,2.23,0.69,alta,alta
788,8,Av. Petit Thouars,0.5168,2.65,1.91,baja,alta
788,492,Av. Universitaria,0.5686,2.94,1.91,baja,alta
788,871,Av. Angamos,0.6098,4.16,1.66,baja,alta
788,605,Via Expresa,0.7176,3.68,1.48,media,alta
789,119,Av. La Encalada,0.093,0.97,1.18,alta,media
789,896,Av. Primavera,0.2562,2.35,0.65,media,media
789,1184,Av. El Derby,0.2893,2.13,1.13,media,media
789,835,Av. Caminos del Inca,0.2931,1.64,1.48,media,media
789,1308,Av. Benavides,0.4,1.62,1.3,alta,media
789,1278,Av. Universitaria,0.5205,3.2,2.02,alta,media
790,13,Av. Angamos,0.2662,1.93,1.81,baja,media
790,399,Av. Petit Thouars,0.3323,2.0,1.17,baja,media
790,1095,Av. Brasil,0.7851,3.5,1.7,media,media
790,203,Av. La Encalada,1.0103,4.19,2.68,media,media
790,621,Av. Tomas Marsano,1.0268,3.6,1.68,baja,media
790,1289,Av. Salaverry,1.1152,3.48,2.27,alta,media
791,1191,Av. El Derby,0.5782,2.23,1.1,baja,baja
791,703,Av. Tomas Marsano,0.6785,2.7,2.15,media,baja
791,487,Av. Salaverry,0.8445,3.01,2.41,media,baja
791,1183,Av. Javier Prado,0.959,4.03,2.42,baja,baja
791,204,Av. Salaverry,0.977,3.6,1.59,media,baja
791,189,Via Expresa,1.0419,3.21,2.11,alta,baja
792,418,Av. 28 de Julio,0.1544,2.38,0.86,media,media
792,621,Av. El Derby,0.5612,2.41,1.75,baja,media
792,1160,Av. Salaverry,0.5852,3.4,1.54,media,media
792,682,Av. Caminos del Inca,0.8077,4.23,2.35,baja,media
792,126,Av. Colonial,0.8553,3.89,1.99,alta,media
792,431,Av. Colonial,0.9512,3.91,1.45,baja,media
793,712,Av. Caminos del Inca,0.5687,2.78,1.78,baja,alta
793,1248,Av. Aviacion,0.6144,3.35,1.5,alta,alta
793,230,Av. Caminos del Inca,0.6704,3.79,1.64,media,alta
793,78,Av. La Encalada,0.7943,4.72,1.55,baja,alta
793,1126,Av. Caminos del Inca,0.9343,4.33,1.94,baja,alta
793,633,Av. Santa Cruz,0.9719,4.39,1.8,baja,alta
794,1004,Av. La Encalada,0.2616,1.81,1.81,baja,media
794,347,Via Expresa,0.3742,2.89,0.89,media,media
794,1037,Av. Aviacion,0.396,1.75,1.39,media,media
794,834,Av. Universitaria,0.4492,2.94,1.89,media,media
794,357,Av. Petit Thouars,0.4762,2.0,0.88,alta,media
794,447,Av. Javier Prado,0.5214,1.85,1.01,alta,media
795,209,Av. Angamos,0.1835,1.7,1.3,media,baja
795,815,Av. 28 de Julio,0.4429,2.45,1.69,media,baja
795,1221,Av. 28 de Julio,0.6979,2.67,1.52,media,baja
795,146,Av. Larco,0.7032,3.22,1.89,media,baja
795,562,Av. Tomas Marsano,0.9211,2.92,2.01,alta,baja
795,37,Av. Salaverry,1.0932,3.73,2.18,alta,baja
796,1302,Av. Salaverry,0.5339,1.92,1.7,baja,baja
796,489,Av. Arequipa,0.6271,2.05,1.53,baja,baja
796,1427,Av. El Derby,0.9012,4.06,1.41,baja,baja
796,1008,Av. Larco,1.0149,2.68,2.28,media,baja
796,303,Av. 28 de Julio,1.0502,3.54,2.25,media,baja
796,254,Av. Santa Cruz,1.1191,4.46,2.28,media,baja
797,215,Av. Salaverry,0.4874,2.74,1.8,alta,media
797,1133,Av. Arequipa,0.6544,2.63,2.08,media,media
797,394,Av. Angamos,0.832,3.19,1.37,alta,media
797,1089,Av. 28 de Julio,0.9025,4.63,1.95,alta,media
797,336,Av. La Encalada,0.987,4.13,1.57,baja,media
797,1091,Av. Santa Cruz,1.007,3.79,2.48,alta,media
798,1410,Av. Salaverry,0.4714,3.34,1.98,media,alta
798,352,Av. La Marina,0.6465,3.07,1.96,alta,alta
798,407,Av. Arequipa,0.7484,4.2,1.25,alta,alta
798,1139,Av. Javier Prado,1.003,5.84,1.8,alta,alta
798,1419,Av. Primavera,1.0275,4.99,2.42,media,alta
798,895,Av. Brasil,1.0759,4.81,2.43,baja,alta
799,531,Av. Aviacion,0.6047,3.18,1.5,baja,baja
799,1164,Av. Petit Thouars,0.8079,2.33,1.56,media,baja
799,435,Av. El Derby,0.8803,2.54,2.55,media,baja
799,997,Av. La Encalada,0.9012,3.79,1.46,media,baja
799,1195,Av. Salaverry,1.1025,3.38,2.38,alta,baja
799,1128,Av. Arequipa,1.211,4.7,2.09,baja,baja
800,33,Av. Primavera,0.5696,2.82,1.08,media,baja
800,857,Av. El Derby,0.7093,3.42,1.74,baja,baja
800,183,Av. Javier Prado,0.8062,3.82,1.94,baja,baja
800,1449,Av. Javier Prado,0.8788,2.85,2.4,media,baja
800,32,Av. 28 de Julio,1.2122,4.05,1.84,media,baja
800,962,Av. Primavera,1.4205,3.84,2.98,baja,baja
801,115,Av. Universitaria,0.2777,2.97,1.04,baja,alta
801,570,Av. Primavera,0.3513,2.14,1.36,alta,alta
801,700,Av. Tomas Marsano,0.4413,3.09,1.49,baja,alta
801,67,Av. Benavides,0.5103,3.09,1.88,baja,alta
801,960,Av. Benavides,0.5478,2.75,1.25,media,alta
801,1243,Av. Benavides,0.6485,3.95,2.17,baja,alta
802,103,Av. Brasil,0.8152,2.43,2.13,alta,baja
802,890,Av. Aviacion,0.8341,3.53,1.76,media,baja
802,186,Av. Universitaria,0.8732,2.94,1.85,media,baja
802,1233,Av. Primavera,1.0144,3.88,2.51,alta,baja
802,1304,Av. Tomas Marsano,1.0154,4.05,2.48,alta,baja
802,671,Av. Tomas Marsano,1.0414,2.87,1.8,media,baja
803,1010,Av. Javier Prado,0.0827,0.84,0.95,alta,alta
803,149,Av. La Encalada,0.4269,2.73,1.58,baja,alta
803,257,Av. Larco,0.4632,2.34,1.3,alta,alta
803,874,Av. Benavides,0.5176,4.1,1.98,media,alta
803,843,Av. Colonial,0.5709,2.86,1.69,baja,alta
803,957,Av. Primavera,0.6028,3.15,1.5,media,alta
804,601,Av. Petit Thouars,0.2477,1.86,1.5,baja,baja
804,428,Av. Angamos,0.7416,3.43,2.06,baja,baja
804,1252,Av. Salaverry,0.7502,3.36,2.24,alta,baja
804,1293,Av. Arequipa,0.8001,3.51,1.89,alta,baja
804,273,Av. Colonial,0.8198,2.66,2.39,baja,baja
804,581,Av. 28 de Julio,0.9134,3.53,2.18,media,baja
805,967,Av. 28 de Julio,0.2114,1.91,1.52,baja,media
805,687,Av. Primavera,0.3321,2.21,1.19,media,media
805,526,Av. La Marina,0.3926,2.67,1.14,baja,media
805,1155,Av. Universitaria,0.4042,2.13,1.02,baja,media
805,1030,Av. El Derby,0.4155,2.42,0.91,baja,media
805,1398,Av. Colonial,0.4644,2.7,1.67,alta,media
806,1444,Av. La Marina,0.5823,2.6,1.77,baja,baja
806,710,Av. Aviacion,0.7732,2.07,1.33,baja,baja
806,1479,Av. Larco,0.8698,3.08,1.98,baja,baja
806,25,Av. Arequipa,1.0039,2.93,2.17,alta,baja
806,417,Via Expresa,1.0733,3.76,1.62,media,baja
806,739,Av. Angamos,1.1023,3.15,2.68,baja,baja
807,853,Av. Angamos,0.2201,1.93,1.28,media,baja
807,1346,Av. Caminos del Inca,0.5328,1.93,1.7,alta,baja
807,141,Av. Larco,0.7232,3.4,2.03,baja,baja
807,261,Av. Colonial,0.8177,3.46,2.41,media,baja
807,598,Av. 28 de Julio,0.9383,2.72,1.47,baja,baja
807,1399,Av. El Derby,1.028,3.57,1.66,media,baja
808,425,Av. Javier Prado,0.4321,1.81,1.55,media,baja
808,1367,Av. Arequipa,0.6238,3.29,1.72,baja,baja
808,921,Av. Brasil,0.6479,2.39,2.23,alta,baja
808,19,Av. Petit Thouars,0.9572,3.44,1.89,media,baja
808,1232,Av. La Marina,1.5902,4.13,2.3,media,baja
808,736,Av. Colonial,1.651,5.43,3.08,media,baja
809,610,Av. El Derby,0.2278,1.66,1.63,media,baja
809,626,Via Expresa,0.5179,1.79,1.12,media,baja
809,118,Av. Arequipa,0.714,2.61,1.4,media,baja
809,1353,Av. Brasil,0.7998,3.63,1.4,media,baja
809,609,Av. Universitaria,1.0491,3.86,1.93,media,baja
809,1272,Av. Brasil,1.1546,4.06,2.35,alta,baja
810,1424,Av. La Encalada,0.4483,2.16,1.91,baja,baja
810,403,Av. Petit Thouars,0.4765,1.87,0.88,alta,baja
810,1225,Av. Salaverry,0.6348,3.36,1.36,baja,baja
810,490,Av. El Derby,0.639,3.37,2.07,baja,baja
810,1265,Av. Salaverry,0.6854,2.76,1.13,alta,baja
810,458,Av. Petit Thouars,0.7291,3.32,1.68,alta,baja
811,1347,Av. Angamos,0.1956,1.26,0.87,media,media
811,1031,Av. El Derby,0.3515,1.37,1.78,media,media
811,592,Av. Caminos del Inca,0.366,1.71,1.09,media,media
811,1012,Av. Brasil,0.6231,2.92,1.52,media,media
811,15,Av. Brasil,0.7186,3.62,2.18,baja,media
811,728,Av. Aviacion,0.7676,3.74,1.92,alta,media
812,1373,Av. Brasil,0.0718,1.43,0.81,alta,baja
812,1054,Av. Benavides,0.2385,1.24,0.59,baja,baja
812,1147,Av. Petit Thouars,0.3432,1.69,1.25,media,baja
812,524,Av. La Marina,0.382,1.76,1.23,alta,baja
812,487,Av. La Encalada,0.5275,2.2,2.03,baja,baja
812,1255,Av. Angamos,0.584,2.95,1.36,baja,baja
813,614,Av. Larco,0.2313,1.72,0.97,media,baja
813,305,Av. La Marina,0.3094,2.61,1.75,alta,baja
813,423,Av. Javier Prado,0.3461,1.28,1.07,media,baja
813,241,Av. Primavera,0.4411,1.67,1.35,media,baja
813,545,Av. Colonial,0.4911,2.31,1.1,baja,baja
813,1316,Av. Tomas Marsano,0.5325,2.61,2.02,alta,baja
814,262,Av. Angamos,0.4102,1.87,1.34,baja,media
814,1275,Av. Universitaria,0.4286,1.95,1.19,media,media
814,1370,Av. Brasil,0.439,2.24,1.09,alta,media
814,658,Av. Aviacion,0.4963,2.3,1.23,baja,media
814,659,Av. Caminos del Inca,0.5084,3.05,1.44,alta,media
814,622,Av. Benavides,0.5582,3.2,1.03,baja,media
815,209,Av. Petit Thouars,0.4192,1.5,1.29,media,baja
815,795,Via Expresa,0.4429,2.48,1.62,media,baja
815,37,Av. Tomas Marsano,0.6636,2.97,2.26,alta,baja
815,146,Av. La Encalada,0.6808,2.21,2.28,media,baja
815,1221,Av. Santa Cruz,0.7478,2.83,1.82,baja,baja
815,629,Av. La Marina,0.9004,2.52,2.17,media,baja
816,984,Av. Salaverry,0.4427,2.91,1.24,alta,media
816,1400,Av. Tomas Marsano,0.5106,2.08,1.57,alta,media
816,1067,Av. Primavera,0.7736,3.27,1.7,baja,media
816,150,Av. Angamos,0.8021,4.16,1.68,media,media
816,1453,Av. La Encalada,0.8797,3.88,2.07,media,media
816,1031,Av. La Marina,0.9093,4.15,1.49,alta,media
817,1384,Av. Primavera,1.077,3.74,2.45,media,baja
817,1350,Av. Tomas Marsano,1.3311,4.93,2.62,alta,baja
817,1216,Av. La Marina,1.4257,3.85,2.07,media,baja
817,1144,Av. Benavides,1.4438,3.6,2.66,media,baja
817,464,Av. Salaverry,1.4864,3.93,3.08,baja,baja
817,973,Av. La Marina,1.5321,5.16,2.54,media,baja
818,1094,Av. Javier Prado,0.0217,1.98,0.58,media,baja
818,85,Av. Santa Cruz,0.0958,2.07,0.88,baja,baja
818,1465,Av. Benavides,0.166,2.37,0.59,alta,baja
818,452,Av. 28 de Julio,0.3096,1.52,1.7,baja,baja
818,1179,Av. Colonial,0.4275,1.78,1.64,baja,baja
818,631,Av. Petit Thouars,0.4635,2.38,2.0,alta,baja
819,380,Av. Larco,0.2767,1.63,0.85,baja,baja
819,246,Av. Salaverry,0.4974,2.81,1.71,baja,baja
819,218,Av. Benavides,0.536,2.9,1.24,alta,baja
819,606,Av. Tomas Marsano,0.5559,1.68,1.36,media,baja
819,468,Av. Brasil,0.5624,2.94,1.91,media,baja
819,648,Av. La Encalada,0.6009,2.79,2.21,baja,baja
820,195,Av. Angamos,0.2192,2.31,1.21,alta,media
820,1461,Av. Caminos del Inca,0.2275,2.37,1.46,baja,media
820,680,Av. Universitaria,0.318,2.45,1.81,alta,media
820,1490,Via Expresa,0.3206,2.51,1.11,media,media
820,651,Av. Larco,0.5243,2.96,1.61,media,media
820,1084,Av. Salaverry,0.5664,2.15,1.49,alta,media
821,696,Av. Brasil,0.1774,1.61,0.52,alta,media
821,1260,Av. Salaverry,0.2126,1.59,0.78,alta,media
821,196,Av. Arequipa,0.2285,1.37,1.46,baja,media
821,413,Av. Larco,0.2471,2.09,1.12,alta,media
821,1140,Av. Primavera,0.2518,1.73,0.83,baja,media
821,1499,Av. 28 de Julio,0.3343,1.83,1.75,media,media
822,638,Av. Primavera,0.2161,1.45,0.6,alta,baja
822,1300,Av. Aviacion,0.2715,1.08,1.62,baja,baja
822,214,Av. Caminos del Inca,1.0552,4.05,1.85,baja,baja
822,1431,Av. El Derby,1.1549,3.29,2.47,media,baja
822,280,Av. Salaverry,1.1762,3.94,2.23,media,baja
822,1102,Av. La Encalada,1.3985,4.24,2.55,media,baja
823,562,Av. La Marina,0.2768,2.14,1.25,alta,baja
823,1121,Av. Angamos,0.4816,2.51,1.26,alta,baja
823,1385,Av. Petit Thouars,0.7281,3.02,2.24,baja,baja
823,188,Av. Caminos del Inca,0.9754,3.76,2.37,baja,baja
823,976,Av. Larco,1.0043,3.77,2.58,alta,baja
823,209,Av. Primavera,1.0225,3.63,2.44,alta,baja
824,250,Av. 28 de Julio,0.2008,1.31,0.82,alta,media
824,325,Av. Benavides,0.308,1.53,1.51,media,media
824,1470,Av. El Derby,0.5465,3.56,2.15,baja,media
824,716,Av. Larco,0.6577,3.51,1.31,baja,media
824,1,Av. Petit Thouars,0.8701,3.16,2.01,baja,media
824,1293,Av. Arequipa,0.899,3.27,1.72,baja,media
825,522,Av. Tomas Marsano,0.4058,2.66,1.03,alta,baja
825,951,Av. Larco,0.4891,2.25,1.5,baja,baja
825,939,Av. Caminos del Inca,0.5204,2.16,1.67,media,baja
825,1484,Av. La Encalada,0.6102,1.76,1.99,baja,baja
825,88,Av. Benavides,0.6239,2.65,1.32,alta,baja
825,1025,Av. Primavera,0.6464,2.55,2.27,alta,baja
826,1344,Av. 28 de Julio,0.3647,1.72,1.92,alta,baja
826,260,Av. Arequipa,0.6573,3.4,1.11,baja,baja
826,1416,Av. Benavides,0.9315,2.76,2.09,baja,baja
826,1393,Av. Arequipa,0.9727,2.45,2.26,baja,baja
826,1401,Av. Santa Cruz,1.0644,3.15,1.64,media,baja
826,1406,Av. Angamos,1.1763,3.58,2.63,baja,baja
827,219,Av. Javier Prado,0.1711,1.8,1.3,media,baja
827,1420,Av. Benavides,0.3681,1.98,1.18,media,baja
827,992,Av. La Encalada,0.3864,1.62,1.68,baja,baja
827,785,Av. El Derby,0.517,2.7,0.96,alta,baja
827,1395,Av. Brasil,0.7502,2.99,2.11,baja,baja
827,936,Av. Universitaria,0.7924,3.24,1.28,alta,baja
828,876,Av. La Encalada,0.0038,1.8,0.54,baja,baja
828,734,Av. Caminos del Inca,0.4233,2.78,0.97,alta,baja
828,990,Av. Brasil,0.4569,2.73,1.64,baja,baja
828,510,Av. Petit Thouars,0.5653,1.97,1.55,alta,baja
828,28,Av. Petit Thouars,0.6557,3.15,1.51,media,baja
828,624,Av. Colonial,0.6675,3.25,1.32,baja,baja
829,975,Av. Larco,0.3841,2.11,1.21,alta,alta
829,86,Av. Universitaria,0.4977,3.48,1.17,baja,alta
829,1273,Av. Javier Prado,0.5687,2.88,1.11,baja,alta
829,636,Av. Aviacion,0.6723,3.79,1.34,baja,alta
829,1078,Av. Javier Prado,0.6801,4.3,1.67,alta,alta
829,227,Av. Salaverry,0.7229,3.65,1.72,baja,alta
830,665,Av. La Marina,0.5088,2.36,1.89,alta,baja
830,291,Av. Salaverry,0.5799,2.52,1.52,baja,baja
830,1485,Av. Salaverry,0.6709,2.2,1.24,baja,baja
830,113,Av. El Derby,0.7583,3.7,1.37,media,baja
830,840,Av. Aviacion,0.9157,2.8,1.91,media,baja
830,710,Av. El Derby,1.2939,3.89,2.63,media,baja
831,137,Av. Tomas Marsano,0.4346,2.0,1.49,baja,baja
831,1005,Av. Benavides,0.481,2.98,1.24,alta,baja
831,986,Av. Petit Thouars,0.627,3.31,2.24,alta,baja
831,1000,Av. El Derby,0.6283,2.3,1.06,media,baja
831,46,Av. Brasil,0.9806,3.32,2.31,alta,baja
831,1217,Av. Universitaria,1.0088,4.11,1.87,baja,baja
832,360,Av. La Marina,0.2017,1.9,0.62,baja,muy_alta
832,199,Av. Angamos,0.4149,4.39,1.63,alta,muy_alta
832,227,Av. 28 de Julio,0.4238,2.74,1.99,alta,muy_alta
832,1078,Av. Santa Cruz,0.4614,3.1,1.19,alta,muy_alta
832,426,Av. Brasil,0.642,4.59,1.26,alta,muy_alta
832,912,Av. Tomas Marsano,0.6705,4.64,1.93,baja,muy_alta
833,465,Av. Colonial,0.269,1.37,1.39,media,media
833,1342,Av. 28 de Julio,0.3167,2.37,0.72,baja,media
833,122,Av. Colonial,0.3178,2.76,1.71,media,media
833,393,Av. Colonial,0.4339,2.49,1.34,media,media
833,43,Av. Javier Prado,0.4754,3.06,1.23,media,media
833,632,Av. Santa Cruz,0.5236,2.75,2.1,alta,media
834,447,Av. Larco,0.2008,1.89,1.28,alta,baja
834,1004,Av. Caminos del Inca,0.375,2.1,0.8,baja,baja
834,357,Av. Aviacion,0.4367,2.92,1.53,alta,baja
834,794,Av. Javier Prado,0.4492,2.43,1.79,alta,baja
834,1107,Av. Tomas Marsano,0.5813,2.67,1.66,alta,baja
834,1371,Av. El Derby,0.6186,2.18,1.91,alta,baja
835,789,Av. Caminos del Inca,0.2931,2.01,0.98,alta,media
835,735,Av. Petit Thouars,0.3014,2.21,0.92,media,media
835,119,Av. Primavera,0.375,1.79,1.86,baja,media
835,896,Via Expresa,0.4157,2.85,1.58,media,media
835,120,Av. El Derby,0.4338,1.99,0.95,alta,media
835,1184,Av. Caminos del Inca,0.5813,2.08,1.62,baja,media
836,1463,Av. Aviacion,0.5368,3.73,1.41,alta,alta
836,1039,Av. Santa Cruz,0.5559,3.42,1.94,baja,alta
836,1301,Av. 28 de Julio,1.0072,4.36,1.91,baja,alta
836,847,Av. Universitaria,1.1161,4.72,2.74,media,alta
836,168,Av. El Derby,1.21,6.65,1.78,media,alta
836,286,Av. Tomas Marsano,1.3086,7.22,2.02,alta,alta
837,424,Av. Larco,0.4153,2.3,1.2,media,baja
837,27,Av. El Derby,0.6455,2.15,1.31,baja,baja
837,64,Av. 28 de Julio,0.8902,3.64,1.96,alta,baja
837,247,Av. Primavera,1.1609,3.71,2.43,alta,baja
837,488,Av. 28 de Julio,1.2066,3.01,1.93,alta,baja
837,1049,Av. Primavera,1.2133,3.64,2.39,media,baja
838,542,Av. Universitaria,0.2822,1.87,0.92,alta,baja
838,778,Via Expresa,0.2871,1.9,1.21,alta,baja
838,1312,Av. Javier Prado,0.3829,2.79,1.37,media,baja
838,499,Av. Brasil,0.5126,2.98,1.15,baja,baja
838,850,Av. El Derby,0.7392,2.48,2.15,baja,baja
838,980,Av. Primavera,0.8118,2.36,2.37,alta,baja
839,1261,Av. Colonial,0.3326,2.4,0.8,media,baja
839,383,Av. Caminos del Inca,0.5951,1.72,2.1,baja,baja
839,174,Av. Aviacion,0.7041,2.39,2.14,alta,baja
839,1069,Av. Aviacion,0.9801,4.1,2.5,alta,baja
839,341,Av. Benavides,1.0469,2.7,2.45,baja,baja
839,51,Av. Santa Cruz,1.2117,3.23,2.56,baja,baja
840,469,Av. La Encalada,0.5411,2.45,1.99,media,baja
840,291,Av. Santa Cruz,0.8583,2.89,1.89,alta,baja
840,830,Av. Angamos,0.9157,3.56,1.69,media,baja
840,113,Av. Larco,0.9865,2.75,2.42,alta,baja
840,183,Av. Tomas Marsano,1.0356,3.07,2.24,baja,baja
840,1485,Av. 28 de Julio,1.1834,3.61,1.87,alta,baja
841,1092,Av. El Derby,0.1791,2.0,0.85,media,alta
841,954,Av. La Marina,0.2975,1.7,0.68,alta,alta
841,729,Av. Brasil,0.3822,2.95,1.8,alta,alta
841,41,Av. Javier Prado,0.4586,2.73,1.11,media,alta
841,385,Av. Primavera,0.4636,2.14,1.62,baja,alta
841,926,Av. Santa Cruz,0.5283,3.96,1.9,media,alta
842,684,Av. Arequipa,0.2156,2.34,0.89,media,baja
842,311,Av. Angamos,0.4279,2.12,1.87,baja,baja
842,1237,Av. Larco,0.8409,3.14,1.75,baja,baja
842,1220,Via Expresa,0.8647,3.63,1.77,alta,baja
842,1027,Av. 28 de Julio,1.1562,3.92,2.49,media,baja
842,650,Av. Javier Prado,1.2602,4.19,2.66,baja,baja
843,149,Av. Santa Cruz,0.4098,2.65,1.04,alta,muy_alta
843,544,Av. Tomas Marsano,0.4725,4.44,1.19,alta,muy_alta
843,1010,Av. Universitaria,0.5246,3.94,1.84,baja,muy_alta
843,619,Via Expresa,0.5345,3.45,1.55,baja,muy_alta
843,257,Av. Aviacion,0.5393,4.74,1.02,alta,muy_alta
843,780,Av. Salaverry,0.5403,4.52,2.0,alta,muy_alta
844,523,Av. Larco,0.1681,1.25,1.23,alta,media
844,1363,Via Expresa,0.2153,2.28,1.42,alta,media
844,1231,Av. Tomas Marsano,0.295,2.39,0.78,alta,media
844,1214,Av. Primavera,0.3168,1.68,0.71,alta,media
844,1238,Av. Tomas Marsano,0.3428,1.73,1.48,alta,media
844,1058,Av. Angamos,0.3997,2.19,1.16,baja,media
845,1345,Av. Santa Cruz,0.4465,2.1,1.32,baja,media
845,1096,Av. 28 de Julio,0.6955,2.95,1.9,baja,media
845,1050,Av. Tomas Marsano,0.8523,3.36,1.64,baja,media
845,170,Av. Benavides,0.9097,3.39,2.11,baja,media
845,212,Av. Larco,0.9799,3.23,1.58,alta,media
845,326,Av. Salaverry,1.14,3.92,2.67,baja,media
846,377,Av. El Derby,0.1721,1.62,0.75,media,baja
846,1487,Av. Caminos del Inca,0.3135,2.44,1.31,baja,baja
846,18,Av. El Derby,0.4408,1.89,1.67,media,baja
846,67,Av. Colonial,0.4584,2.2,1.87,baja,baja
846,110,Av. Aviacion,0.472,3.01,1.94,alta,baja
846,1222,Av. Aviacion,0.5596,1.84,1.49,alta,baja
847,1486,Av. La Encalada,0.3923,2.16,0.78,alta,alta
847,286,Av. La Marina,0.4835,3.3,1.35,media,alta
847,461,Av. El Derby,0.5195,2.57,1.13,baja,alta
847,1039,Av. Colonial,0.5602,3.48,1.49,alta,alta
847,1301,Av. Angamos,0.585,4.09,1.88,alta,alta
847,1463,Av. Larco,0.7788,4.01,1.72,baja,alta
848,859,Via Expresa,0.2685,1.65,1.45,baja,baja
848,1080,Av. La Marina,0.4028,1.98,0.87,alta,baja
848,1435,Av. Santa Cruz,0.6038,2.38,1.32,alta,baja
848,1440,Av. Tomas Marsano,0.6144,2.62,1.13,media,baja
848,414,Av. Salaverry,1.2128,4.08,1.84,alta,baja
848,468,Av. Santa Cruz,1.2201,3.97,2.75,baja,baja
849,411,Av. El Derby,0.1418,1.22,0.48,media,media
849,1209,Av. Petit Thouars,0.2088,1.7,0.96,alta,media
849,516,Av. Primavera,0.2932,1.31,1.78,alta,media
849,479,Av. Tomas Marsano,0.3185,1.41,1.32,baja,media
849,502,Av. 28 de Julio,0.4295,2.58,0.97,media,media
849,968,Av. Aviacion,0.5135,2.84,1.27,media,media
850,596,Av. Aviacion,0.1179,1.56,1.55,media,baja
850,757,Av. Larco,0.4192,2.22,1.51,alta,baja
850,778,Via Expresa,0.5099,2.33,1.35,alta,baja
850,473,Av. Colonial,0.528,2.86,1.75,baja,baja
850,959,Av. Arequipa,0.5961,2.89,1.82,alta,baja
850,246,Av. Tomas Marsano,0.67,3.08,1.38,media,baja
851,1333,Av. Aviacion,0.2034,1.93,1.12,baja,baja
851,1484,Av. Universitaria,0.6081,2.82,1.09,baja,baja
851,958,Av. Primavera,0.7258,3.38,1.73,alta,baja
851,825,Av. Javier Prado,0.7743,2.69,1.67,baja,baja
851,522,Av. La Encalada,0.8399,3.61,2.44,baja,baja
851,354,Av. La Marina,0.8886,3.06,2.16,baja,baja
852,575,Av. Salaverry,0.2345,2.18,0.93,alta,media
852,931,Av. Petit Thouars,0.3483,2.66,0.8,alta,media
852,1070,Av. Tomas Marsano,0.3754,1.69,1.08,media,media
852,1113,Av. Caminos del Inca,0.3848,2.95,1.82,alta,media
852,509,Av. Petit Thouars,0.3894,2.67,1.51,baja,media
852,1445,Av. Aviacion,0.5352,2.09,1.17,baja,media
853,807,Av. 28 de Julio,0.2201,2.28,0.57,alta,baja
853,261,Av. Angamos,0.6352,2.84,1.69,media,baja
853,141,Av. Universitaria,0.6624,2.43,1.65,media,baja
853,1346,Av. El Derby,0.6789,2.82,2.0,baja,baja
853,1399,Av. Primavera,0.827,2.55,1.98,alta,baja
853,598,Av. Salaverry,0.9597,2.79,1.47,media,baja
854,268,Av. Primavera,0.2005,2.83,1.12,alta,muy_alta
854,872,Av. Universitaria,0.216,2.71,1.17,media,muy_alta
854,1274,Av. La Encalada,0.2223,2.51,0.91,media,muy_alta
854,727,Av. Arequipa,0.3206,2.64,1.82,alta,muy_alta
854,772,Av. La Marina,0.4166,3.99,1.65,alta,muy_alta
854,402,Av. Petit Thouars,0.4908,4.1,1.96,baja,muy_alta
855,1055,Av. 28 de Julio,0.168,1.17,1.22,media,alta
855,110,Av. El Derby,0.4319,3.29,1.66,baja,alta
855,668,Av. La Encalada,0.6157,4.31,2.24,alta,alta
855,846,Av. La Marina,0.7508,3.35,1.42,baja,alta
855,456,Av. Petit Thouars,0.8,3.74,1.61,baja,alta
855,377,Av. La Marina,0.9014,5.08,2.16,baja,alta
856,332,Av. 28 de Julio,0.4683,2.43,1.13,alta,baja
856,941,Av. Aviacion,0.5866,1.75,2.15,baja,baja
856,438,Av. Arequipa,1.0596,3.27,1.85,media,baja
856,1454,Av. Petit Thouars,1.3335,4.02,2.04,alta,baja
856,331,Av. Colonial,1.3418,3.48,2.74,media,baja
856,1074,Av. 28 de Julio,1.4032,4.59,2.89,media,baja
857,1449,Av. Santa Cruz,0.2229,1.37,1.0,media,baja
857,800,Av. Universitaria,0.7093,2.69,1.31,media,baja
857,962,Av. Santa Cruz,1.1422,3.27,2.02,baja,baja
857,449,Via Expresa,1.2388,3.54,2.44,alta,baja
857,33,Av. Angamos,1.2704,3.61,1.86,media,baja
857,776,Av. Arequipa,1.3508,3.38,2.52,baja,baja
858,387,Av. Angamos,0.1519,1.92,0.72,alta,media
858,1013,Av. Salaverry,0.3377,2.38,1.84,baja,media
858,485,Av. Larco,0.3743,2.11,1.05,baja,media
858,783,Av. Tomas Marsano,0.3831,2.97,1.39,alta,media
858,1476,Av. Tomas Marsano,0.433,2.82,1.24,baja,media
858,1148,Av. Santa Cruz,0.4339,2.0,1.11,baja,media
859,848,Av. Javier Prado,0.2685,1.17,0.67,media,baja
859,1440,Av. Arequipa,0.3693,2.04,1.35,media,baja
859,1080,Av. Santa Cruz,0.3997,2.33,1.62,media,baja
859,1435,Av. Primavera,0.833,3.53,1.43,alta,baja
859,468,Av. Tomas Marsano,0.9942,3.28,2.62,alta,baja
859,648,Av. El Derby,1.2145,3.91,1.83,media,baja
860,651,Av. La Encalada,0.1623,1.78,1.14,baja,media
860,1198,Av. La Encalada,0.2695,1.5,1.24,alta,media
860,1490,Av. Arequipa,0.299,2.7,1.49,baja,media
860,680,Av. El Derby,0.31,2.06,1.24,alta,media
860,150,Av. Colonial,0.353,1.75,0.99,media,media
860,820,Via Expresa,0.6055,2.74,2.23,baja,media
861,220,Av. Aviacion,0.2942,2.0,1.29,media,media
861,54,Av. Angamos,0.3371,1.99,1.71,baja,media
861,782,Av. Javier Prado,0.3756,1.9,1.05,media,media
861,653,Av. Colonial,0.5457,2.14,1.65,alta,media
861,949,Av. Brasil,0.5821,2.96,1.5,baja,media
861,195,Av. Javier Prado,0.6294,2.3,1.63,media,media
862,289,Av. Tomas Marsano,0.1353,1.35,1.19,alta,baja
862,1489,Av. Universitaria,0.7996,3.2,1.4,media,baja
862,1314,Via Expresa,1.4518,4.19,2.46,media,baja
862,1145,Av. Tomas Marsano,1.7453,5.81,3.57,media,baja
862,699,Av. Caminos del Inca,1.937,6.22,2.84,media,baja
862,1086,Av. Brasil,1.9733,5.42,3.71,baja,baja
863,664,Av. Brasil,0.1654,2.84,1.62,media,muy_alta
863,551,Av. La Encalada,0.3144,2.07,1.1,baja,muy_alta
863,889,Av. El Derby,0.4063,3.34,1.89,media,muy_alta
863,497,Av. Santa Cruz,0.7938,5.21,2.34,media,muy_alta
863,731,Av. El Derby,0.8096,4.29,1.61,baja,muy_alta
863,732,Av. Tomas Marsano,0.8736,6.12,1.96,alta,muy_alta
864,1366,Av. Arequipa,0.2496,1.21,0.87,alta,media
864,162,Av. El Derby,0.2796,1.53,1.25,media,media
864,455,Av. Caminos del Inca,0.2906,2.34,1.38,alta,media
864,45,Av. El Derby,0.3759,1.98,1.37,baja,media
864,637,Via Expresa,0.4025,2.03,1.92,baja,media
864,993,Av. Angamos,0.4689,1.95,1.47,alta,media
865,627,Av. Javier Prado,0.1705,2.38,1.27,baja,media
865,1375,Av. Angamos,0.3146,1.8,0.99,media,media
865,1278,Av. El Derby,0.3219,2.13,1.28,media,media
865,460,Av. Arequipa,0.3513,2.8,1.46,alta,media
865,924,Av. Arequipa,0.4265,2.66,1.76,alta,media
865,1366,Av. Benavides,0.4268,2.6,1.76,media,media
866,312,Av. Caminos del Inca,0.2048,1.78,0.74,alta,media
866,686,Av. Salaverry,0.3072,2.69,1.25,alta,media
866,1169,Av. Caminos del Inca,0.4385,3.01,1.67,alta,media
866,600,Via Expresa,0.5234,2.57,1.05,baja,media
866,546,Av. Benavides,0.6387,2.74,1.73,alta,media
866,131,Av. Larco,0.7241,3.8,1.58,alta,media
867,1321,Av. El Derby,0.2256,1.73,0.81,baja,baja
867,566,Av. Javier Prado,0.523,3.19,1.93,media,baja
867,980,Av. 28 de Julio,0.6352,3.21,1.39,media,baja
867,495,Av. Santa Cruz,0.9715,3.36,1.7,baja,baja
867,236,Av. El Derby,1.0091,4.1,1.98,baja,baja
867,1003,Av. Angamos,1.0319,3.32,2.61,baja,baja
868,471,Av. Primavera,0.522,2.62,1.13,baja,baja
868,1202,Av. Universitaria,0.5232,1.96,1.16,baja,baja
868,660,Av. Salaverry,0.6855,3.5,1.86,alta,baja
868,743,Av. Angamos,0.8093,2.55,1.94,baja,baja
868,318,Av. Arequipa,0.954,3.02,2.26,media,baja
868,585,Av. La Encalada,0.9843,3.1,2.19,alta,baja
869,108,Av. 28 de Julio,0.3332,2.37,1.57,media,baja
869,1246,Av. Caminos del Inca,0.5208,1.77,1.32,alta,baja
869,74,Av. Brasil,0.6016,2.06,1.26,alta,baja
869,467,Av. Caminos del Inca,0.7292,3.15,1.43,baja,baja
869,248,Av. Brasil,0.8355,2.25,1.47,baja,baja
869,1053,Av. Primavera,0.8405,2.2,1.36,alta,baja
870,899,Av. La Marina,0.3984,2.59,1.1,alta,baja
870,266,Av. Javier Prado,0.4512,1.47,1.97,alta,baja
870,711,Av. Benavides,0.5401,2.43,1.7,baja,baja
870,556,Av. Salaverry,0.6085,2.94,1.73,alta,baja
870,1042,Av. Larco,0.6663,2.26,2.04,alta,baja
870,55,Av. Larco,0.8867,2.67,2.53,media,baja
871,127,Av. Angamos,0.2855,2.17,0.98,baja,alta
871,605,Av. Caminos del Inca,0.2979,2.26,1.28,baja,alta
871,1021,Av. Salaverry,0.3579,2.87,0.82,alta,alta
871,501,Av. Arequipa,0.4024,3.29,1.27,media,alta
871,287,Av. La Encalada,0.4043,3.19,0.86,baja,alta
871,304,Av. Javier Prado,0.4842,3.5,1.21,alta,alta
872,1274,Av. Arequipa,0.1662,1.76,0.55,baja,muy_alta
872,854,Av. Aviacion,0.216,2.03,1.13,alta,muy_alta
872,268,Av. 28 de Julio,0.2301,2.76,1.04,alta,muy_alta
872,709,Av. Brasil,0.4255,2.51,1.79,alta,muy_alta
872,727,Av. Brasil,0.4261,3.46,1.62,alta,muy_alta
872,772,Av. Caminos del Inca,0.4689,4.26,0.92,alta,muy_alta
873,29,Av. La Marina,0.2209,1.13,1.76,media,media
873,1185,Av. Universitaria,0.2218,2.33,1.08,baja,media
873,1081,Av. La Marina,0.357,1.69,0.76,baja,media
873,536,Av. La Encalada,0.4071,2.5,1.44,media,media
873,1268,Av. El Derby,0.4444,3.15,1.75,alta,media
873,470,Av. Javier Prado,0.5134,2.7,1.82,alta,media
874,803,Av. Primavera,0.5176,3.18,1.32,baja,alta
874,1010,Av. La Marina,0.5749,3.03,1.55,alta,alta
874,1139,Av. Angamos,0.6349,4.36,1.53,media,alta
874,619,Av. Brasil,0.6752,3.38,2.26,media,alta
874,843,Av. Primavera,0.6883,3.75,1.46,media,alta
874,1410,Av. Benavides,0.6913,3.66,1.38,media,alta
875,1272,Av. Javier Prado,0.3556,2.02,1.34,alta,baja
875,1466,Av. Angamos,0.3929,2.48,1.86,alta,baja
875,427,Via Expresa,0.4527,2.74,1.11,alta,baja
875,1244,Via Expresa,0.5939,2.61,1.3,alta,baja
875,90,Av. Brasil,0.6858,2.9,1.14,alta,baja
875,341,Av. Javier Prado,0.8216,3.47,1.63,alta,baja
876,828,Av. Aviacion,0.0038,1.79,0.32,alta,baja
876,734,Av. La Marina,0.4265,1.89,1.4,media,baja
876,990,Av. Petit Thouars,0.4607,2.68,2.04,media,baja
876,510,Av. Salaverry,0.5673,3.09,1.77,baja,baja
876,28,Av. Petit Thouars,0.6558,2.44,2.21,baja,baja
876,624,Av. Primavera,0.6709,3.23,2.14,baja,baja
877,1105,Av. Larco,0.5811,2.98,1.15,alta,baja
877,1391,Av. Caminos del Inca,0.5927,2.22,1.44,media,baja
877,897,Av. Santa Cruz,0.7248,2.29,1.44,media,baja
877,955,Av. Petit Thouars,0.7716,3.2,1.96,baja,baja
877,763,Av. Colonial,0.786,2.18,2.17,baja,baja
877,1247,Av. La Encalada,0.9593,2.98,2.25,media,baja
878,188,Av. Javier Prado,0.4185,2.54,1.31,media,baja
878,1100,Av. Tomas Marsano,0.6846,2.85,1.14,media,baja
878,1385,Av. Primavera,0.8045,3.86,1.37,alta,baja
878,1121,Av. 28 de Julio,0.8761,3.16,2.04,baja,baja
878,1338,Av. La Marina,1.0162,3.84,2.03,media,baja
878,323,Av. La Marina,1.0189,3.55,1.73,media,baja
879,1066,Av. Arequipa,0.2091,2.7,1.36,baja,muy_alta
879,1364,Av. Caminos del Inca,0.4622,4.24,2.05,alta,muy_alta
879,1026,Av. Aviacion,0.5343,4.27,1.68,media,muy_alta
879,274,Av. Caminos del Inca,0.5535,4.66,1.89,media,muy_alta
879,1326,Av. El Derby,0.666,4.03,1.65,baja,muy_alta
879,612,Av. Javier Prado,0.8053,5.7,2.2,media,muy_alta
880,386,Av. Larco,0.2729,3.0,1.63,alta,alta
880,1429,Av. La Encalada,0.2993,2.25,1.74,media,alta
880,1475,Av. Caminos del Inca,0.3428,2.12,0.79,media,alta
880,765,Av. La Marina,0.4629,2.61,1.54,alta,alta
880,42,Av. Tomas Marsano,0.4851,3.83,1.1,media,alta
880,1476,Av. Petit Thouars,0.5097,2.47,0.94,alta,alta
881,8,Av. Angamos,0.392,3.3,1.63,media,alta
881,935,Av. El Derby,0.5461,3.99,1.32,baja,alta
881,431,Via Expresa,0.5462,3.51,1.47,baja,alta
881,1152,Av. La Encalada,0.5483,3.32,2.07,alta,alta
881,1044,Av. 28 de Julio,0.6721,4.29,1.68,alta,alta
881,126,Av. Tomas Marsano,0.7343,4.52,1.23,media,alta
882,1045,Av. La Encalada,0.1579,1.48,0.52,baja,baja
882,226,Av. Angamos,0.2857,2.07,1.16,baja,baja
882,192,Av. 28 de Julio,0.3357,1.54,1.28,alta,baja
882,1083,Av. Tomas Marsano,0.3925,1.41,1.09,media,baja
882,698,Av. Javier Prado,0.4748,2.15,1.65,baja,baja
882,91,Av. La Encalada,0.4962,2.42,2.02,media,baja
883,301,Av. Aviacion,0.0911,2.06,0.44,alta,baja
883,66,Av. Larco,0.1805,1.77,1.62,baja,baja
883,155,Av. Tomas Marsano,0.3737,1.25,0.75,alta,baja
883,1128,Av. Petit Thouars,0.4123,2.51,1.4,media,baja
883,1309,Av. Tomas Marsano,0.424,2.68,1.84,baja,baja
883,258,Av. Universitaria,0.4488,2.17,1.06,alta,baja
884,988,Av. Santa Cruz,0.1422,1.32,0.68,alta,baja
884,1291,Av. Primavera,0.3904,1.75,1.82,media,baja
884,440,Av. 28 de Julio,0.4334,1.93,1.02,baja,baja
884,133,Av. Universitaria,0.5409,2.22,1.02,baja,baja
884,631,Av. El Derby,0.5523,2.0,1.79,media,baja
884,1319,Av. Primavera,0.5774,3.13,1.93,baja,baja
885,1250,Av. El Derby,0.2735,1.27,1.32,baja,media
885,978,Av. Larco,0.3004,2.47,1.57,baja,media
885,896,Av. Benavides,0.3952,2.74,1.0,baja,media
885,1278,Av. Arequipa,0.4187,2.74,0.89,alta,media
885,470,Av. 28 de Julio,0.4374,2.7,1.36,media,media
885,507,Av. Brasil,0.5333,3.27,0.98,alta,media
886,1009,Av. Santa Cruz,0.483,3.55,1.99,baja,alta
886,1318,Av. Aviacion,0.5235,3.25,1.24,baja,alta
886,17,Av. Aviacion,0.5595,3.43,1.79,baja,alta
886,1142,Av. Colonial,0.7807,4.23,2.08,alta,alta
886,335,Av. Universitaria,0.783,4.1,1.53,alta,alta
886,707,Av. El Derby,0.7886,4.46,2.42,alta,alta
887,1119,Av. Aviacion,0.2539,1.32,1.54,baja,media
887,473,Av. Larco,0.46,2.97,1.58,alta,media
887,1262,Av. Salaverry,0.6093,3.04,1.64,media,media
887,596,Av. Universitaria,0.7588,3.81,2.21,alta,media
887,1193,Av. Salaverry,0.7597,3.34,2.22,baja,media
887,850,Av. Larco,0.857,3.8,1.59,baja,media
888,733,Via Expresa,0.0771,1.92,0.68,alta,media
888,231,Av. Caminos del Inca,0.1987,1.7,1.49,baja,media
888,1041,Av. Javier Prado,0.311,2.3,1.81,media,media
888,735,Av. Tomas Marsano,0.3369,2.55,1.0,baja,media
888,167,Av. 28 de Julio,0.3714,2.14,1.89,media,media
888,582,Av. Benavides,0.3865,2.9,1.66,baja,media
889,863,Av. Salaverry,0.4063,2.55,1.37,media,media
889,664,Av. Aviacion,0.5667,3.23,1.7,media,media
889,309,Av. Javier Prado,0.6306,3.4,2.06,media,media
889,551,Av. Primavera,0.6429,3.34,1.15,alta,media
889,672,Av. Caminos del Inca,0.6526,3.25,1.83,media,media
889,267,Av. Arequipa,0.7532,3.6,1.81,alta,media
890,103,Av. Angamos,0.0205,1.56,0.88,alta,baja
890,1304,Av. Tomas Marsano,0.1993,1.54,1.33,alta,baja
890,1264,Av. La Marina,0.2406,1.74,1.75,baja,baja
890,1077,Av. Santa Cruz,0.3409,2.15,1.53,baja,baja
890,361,Av. Colonial,0.6482,2.11,1.66,media,baja
890,965,Av. El Derby,0.6865,2.55,1.93,media,baja
891,408,Av. Arequipa,0.1393,2.13,0.68,baja,media
891,1491,Via Expresa,0.1677,2.09,0.62,baja,media
891,315,Av. Larco,0.207,1.42,1.06,alta,media
891,460,Av. Aviacion,0.2562,2.12,0.96,baja,media
891,455,Av. Santa Cruz,0.415,1.83,1.16,alta,media
891,978,Av. Javier Prado,0.4243,3.11,1.85,baja,media
892,442,Av. 28 de Julio,0.4036,1.55,1.6,baja,baja
892,1186,Av. Santa Cruz,0.4617,1.75,1.48,alta,baja
892,652,Av. Arequipa,0.4673,2.1,1.06,baja,baja
892,528,Av. Petit Thouars,0.657,2.39,1.38,media,baja
892,1404,Av. La Marina,0.7012,2.53,1.78,baja,baja
892,1197,Av. Angamos,0.8776,3.53,2.53,alta,baja
893,71,Av. Aviacion,0.145,2.19,1.19,alta,alta
893,316,Av. Arequipa,0.2594,1.54,1.02,media,alta
893,898,Av. Larco,0.4702,2.99,1.74,baja,alta
893,705,Av. 28 de Julio,0.5058,2.92,1.22,media,alta
893,657,Av. Javier Prado,0.6018,3.55,2.22,alta,alta
893,1276,Av. Primavera,0.7272,3.51,1.82,alta,alta
894,1446,Av. Arequipa,0.0581,0.82,1.32,media,baja
894,363,Av. Aviacion,0.3905,2.02,1.12,media,baja
894,1098,Av. Angamos,0.5171,2.91,0.98,alta,baja
894,913,Av. Arequipa,0.5381,2.64,1.88,media,baja
894,1022,Av. Colonial,0.837,3.05,2.5,alta,baja
894,514,Av. Javier Prado,0.9267,2.64,2.36,media,baja
895,407,Via Expresa,0.3737,3.21,1.15,media,alta
895,1139,Av. Benavides,0.4608,2.53,1.27,alta,alta
895,352,Av. El Derby,0.5087,2.94,1.76,alta,alta
895,555,Av. La Encalada,0.7102,4.38,2.18,alta,alta
895,634,Av. Universitaria,0.713,3.24,2.11,alta,alta
895,1016,Av. Colonial,0.7476,3.61,1.79,baja,alta
896,119,Av. Colonial,0.2082,1.91,1.73,baja,media
896,789,Av. 28 de Julio,0.2562,2.42,1.45,baja,media
896,1278,Av. Universitaria,0.2849,2.05,1.7,baja,media
896,1184,Av. Colonial,0.3823,2.36,0.9,alta,media
896,885,Av. Javier Prado,0.3952,1.68,1.19,media,media
896,835,Av. Caminos del Inca,0.4157,3.14,1.17,alta,media
897,1391,Av. Benavides,0.519,2.94,1.27,baja,baja
897,1255,Av. La Marina,0.5349,2.4,1.92,baja,baja
897,877,Av. Caminos del Inca,0.7248,3.16,1.89,media,baja
897,1054,Av. Benavides,0.751,3.07,1.34,media,baja
897,524,Av. Santa Cruz,0.7971,3.67,2.34,baja,baja
897,1247,Av. La Marina,0.8534,2.82,1.95,baja,baja
898,893,Via Expresa,0.4702,2.6,2.04,media,alta
898,316,Av. La Encalada,0.4957,2.33,1.6,baja,alta
898,705,Av. Petit Thouars,0.5043,3.43,1.86,alta,alta
898,71,Av. Javier Prado,0.6151,2.93,1.07,baja,alta
898,1093,Av. Salaverry,0.6161,3.66,1.28,media,alta
898,1172,Av. Santa Cruz,0.7079,4.23,1.52,media,alta
899,711,Av. La Marina,0.1423,1.54,0.9,baja,baja
899,870,Av. Angamos,0.3984,2.14,1.6,baja,baja
899,55,Av. Primavera,0.6372,2.28,1.87,media,baja
899,904,Av. Salaverry,0.7915,3.25,1.55,media,baja
899,266,Av. Larco,0.8096,3.62,2.02,baja,baja
899,556,Av. Colonial,0.8221,3.16,2.07,baja,baja
900,20,Av. Arequipa,0.0978,1.59,0.61,baja,baja
900,450,Av. Brasil,0.2328,1.12,0.73,media,baja
900,35,Av. Javier Prado,0.4952,2.62,1.31,baja,baja
900,462,Av. Aviacion,0.5708,2.25,1.12,baja,baja
900,943,Av. Larco,0.6727,2.06,1.52,baja,baja
900,284,Av. Arequipa,0.7064,2.65,2.12,alta,baja
901,1130,Av. Javier Prado,0.0825,2.1,0.81,media,muy_alta
901,729,Av. Brasil,0.1945,2.62,0.87,alta,muy_alta
901,769,Av. La Encalada,0.295,2.33,1.7,media,muy_alta
901,1056,Av. Santa Cruz,0.3414,3.62,0.9,baja,muy_alta
901,695,Av. Angamos,0.3881,3.05,0.98,baja,muy_alta
901,1443,Av. Colonial,0.4339,2.64,1.82,alta,muy_alta
902,234,Av. Petit Thouars,0.0821,1.28,0.95,alta,media
902,1196,Av. Primavera,0.4224,1.92,1.63,alta,media
902,1371,Av. 28 de Julio,0.4606,1.83,1.68,media,media
902,1161,Av. Javier Prado,0.4728,2.47,0.92,alta,media
902,1004,Av. Salaverry,0.4742,2.48,1.41,alta,media
902,447,Av. 28 de Julio,0.5448,2.86,1.65,baja,media
903,930,Av. Benavides,0.0909,0.85,1.14,alta,baja
903,576,Av. 28 de Julio,0.1303,1.76,0.6,baja,baja
903,1382,Av. Arequipa,0.7539,3.06,1.85,baja,baja
903,1165,Av. Primavera,0.8371,2.91,1.69,alta,baja
903,204,Av. Universitaria,0.8511,3.47,2.32,media,baja
903,189,Av. Larco,1.0913,3.73,2.49,media,baja
904,1488,Av. Salaverry,0.3075,2.6,1.46,alta,baja
904,1000,Av. La Encalada,0.6856,2.82,1.64,media,baja
904,711,Av. Benavides,0.6985,2.48,1.28,baja,baja
904,899,Av. Petit Thouars,0.7915,3.45,2.31,baja,baja
904,28,Av. El Derby,0.8517,2.69,1.83,media,baja
904,1217,Av. Benavides,0.8653,3.73,1.71,media,baja
905,222,Av. Brasil,0.0737,1.03,0.44,alta,media
905,1481,Av. Aviacion,0.1211,2.23,0.79,alta,media
905,494,Av. Petit Thouars,0.2104,1.6,1.42,baja,media
905,661,Via Expresa,0.2294,1.19,1.15,alta,media
905,568,Av. Benavides,0.2448,1.41,1.09,media,media
905,518,Av. Tomas Marsano,0.2686,2.8,0.64,media,media
906,1468,Av. Salaverry,0.1896,1.67,1.36,baja,baja
906,433,Av. Caminos del Inca,0.4687,1.68,1.09,alta,baja
906,337,Av. Petit Thouars,0.5156,2.95,1.76,alta,baja
906,1390,Via Expresa,0.5959,3.07,1.23,media,baja
906,1331,Av. Javier Prado,0.5974,2.83,1.37,alta,baja
906,1327,Via Expresa,0.6026,2.47,1.54,baja,baja
907,190,Av. Santa Cruz,0.2661,2.14,0.94,baja,baja
907,577,Av. Arequipa,0.2752,1.36,0.73,alta,baja
907,142,Av. El Derby,0.4222,2.06,2.0,alta,baja
907,1403,Av. Primavera,0.4289,2.81,0.82,baja,baja
907,630,Av. Salaverry,0.6351,2.74,1.74,alta,baja
907,531,Av. Aviacion,0.6713,3.25,1.27,media,baja
908,158,Av. Salaverry,0.4175,4.08,1.26,media,muy_alta
908,129,Av. Petit Thouars,0.4301,2.58,1.22,baja,muy_alta
908,310,Av. Arequipa,0.7735,4.86,2.33,media,muy_alta
908,1093,Av. Primavera,0.8027,6.02,2.43,media,muy_alta
908,1172,Av. Larco,0.9046,6.58,1.44,baja,muy_alta
908,1462,Av. Larco,1.1567,6.74,2.69,baja,muy_alta
909,1328,Av. Javier Prado,0.268,2.08,1.6,alta,baja
909,197,Av. Aviacion,0.2733,1.82,1.16,media,baja
909,367,Av. Angamos,0.4241,1.78,1.99,media,baja
909,665,Av. Santa Cruz,0.9019,2.39,1.84,media,baja
909,806,Av. Tomas Marsano,1.3087,4.33,2.99,alta,baja
909,830,Av. Larco,1.4047,3.97,2.12,media,baja
910,1494,Av. Salaverry,0.1291,1.64,1.32,media,alta
910,1428,Av. Tomas Marsano,0.1442,1.98,1.07,alta,alta
910,400,Av. Javier Prado,0.2727,2.66,1.25,baja,alta
910,1157,Av. Javier Prado,0.3308,1.96,0.77,baja,alta
910,1478,Av. Javier Prado,0.3927,3.03,1.89,media,alta
910,1192,Av. Primavera,0.5206,2.22,2.12,media,alta
911,1451,Av. Universitaria,0.0914,1.67,1.03,media,baja
911,752,Av. Santa Cruz,0.4133,1.5,1.98,media,baja
911,579,Av. Salaverry,0.5385,1.7,1.08,media,baja
911,221,Av. Universitaria,0.6637,2.15,1.75,media,baja
911,346,Via Expresa,0.7511,3.17,1.94,alta,baja
911,1439,Av. Larco,0.7604,2.66,2.02,baja,baja
912,557,Via Expresa,0.1145,1.8,0.57,media,alta
912,227,Av. Tomas Marsano,0.4406,3.34,1.71,media,alta
912,751,Av. La Encalada,0.4557,2.2,1.2,alta,alta
912,1078,Av. Universitaria,0.5165,3.17,2.01,media,alta
912,199,Av. Benavides,0.5254,2.34,1.84,media,alta
912,615,Via Expresa,0.583,2.66,1.77,media,alta
913,894,Av. Angamos,0.5381,2.63,1.96,media,baja
913,1446,Av. Colonial,0.5531,2.45,1.43,media,baja
913,366,Av. Brasil,0.6395,3.13,1.33,baja,baja
913,1022,Av. Caminos del Inca,0.6628,3.21,1.2,baja,baja
913,1149,Av. Universitaria,0.6804,2.5,1.64,media,baja
913,1134,Av. 28 de Julio,0.7913,2.57,1.89,alta,baja
914,1316,Av. Caminos del Inca,0.0883,0.76,0.85,baja,baja
914,1411,Av. Colonial,0.212,1.39,1.26,media,baja
914,628,Av. Javier Prado,0.2255,2.24,0.94,alta,baja
914,423,Av. Primavera,0.2737,1.7,1.34,alta,baja
914,241,Av. 28 de Julio,0.4055,2.52,1.41,media,baja
914,48,Av. La Marina,0.4245,1.87,1.71,baja,baja
915,79,Av. 28 de Julio,0.2752,2.26,0.72,alta,media
915,203,Av. Universitaria,0.6108,2.97,1.65,baja,media
915,13,Av. Santa Cruz,1.015,3.83,2.18,media,media
915,1095,Av. Petit Thouars,1.0514,3.34,2.07,media,media
915,929,Av. Primavera,1.1332,4.89,1.73,baja,media
915,790,Av. Salaverry,1.2057,5.33,2.71,media,media
916,475,Av. Benavides,0.1642,0.92,1.25,alta,baja
916,1006,Via Expresa,0.3612,2.73,1.29,baja,baja
916,1150,Av. Javier Prado,0.5826,1.88,1.83,media,baja
916,1147,Av. 28 de Julio,0.8298,3.08,2.32,alta,baja
916,1391,Av. Universitaria,0.9319,3.75,2.08,alta,baja
916,1177,Av. Benavides,0.9781,3.59,1.78,alta,baja
917,956,Av. Arequipa,0.4983,4.21,1.95,media,muy_alta
917,112,Av. Primavera,0.5109,3.68,1.43,media,muy_alta
917,1143,Av. Angamos,0.6844,5.71,1.22,media,muy_alta
917,1364,Av. Benavides,0.7153,4.56,1.71,alta,muy_alta
917,753,Av. Santa Cruz,0.7326,4.88,2.07,media,muy_alta
917,379,Av. 28 de Julio,0.7423,4.92,2.31,baja,muy_alta
918,81,Av. Brasil,0.1845,1.98,0.8,alta,media
918,507,Av. Angamos,0.3012,2.61,1.65,alta,media
918,1250,Av. Caminos del Inca,0.3391,2.41,1.07,alta,media
918,704,Av. Primavera,0.3529,2.41,1.22,baja,media
918,602,Av. Santa Cruz,0.3807,2.68,1.35,baja,media
918,1295,Av. Larco,0.3948,2.54,1.77,baja,media
919,706,Av. Javier Prado,0.1184,1.92,1.48,media,baja
919,1235,Av. El Derby,0.3321,1.64,1.43,baja,baja
919,997,Via Expresa,0.4456,2.82,1.52,baja,baja
919,435,Av. El Derby,0.4535,2.88,0.9,baja,baja
919,419,Av. Benavides,0.7744,2.15,1.56,baja,baja
919,1164,Av. Tomas Marsano,0.8893,3.03,2.43,baja,baja
920,938,Av. Tomas Marsano,0.3098,1.25,1.75,media,baja
920,726,Av. Universitaria,0.3334,2.04,1.08,baja,baja
920,1052,Av. Brasil,0.7974,2.42,2.22,baja,baja
920,608,Av. Benavides,0.8806,2.26,1.9,alta,baja
920,1075,Av. Benavides,0.9731,3.74,1.63,media,baja
920,746,Av. Benavides,1.0135,3.46,2.7,media,baja
921,808,Av. Salaverry,0.6479,1.92,1.91,baja,baja
921,425,Av. Caminos del Inca,0.9726,2.97,1.5,alta,baja
921,19,Av. Salaverry,1.0748,3.78,1.92,media,baja
921,1367,Av. Benavides,1.1117,3.38,2.62,media,baja
921,1232,Av. Arequipa,1.5798,3.78,2.55,media,baja
921,1170,Av. Primavera,1.871,5.96,3.44,baja,baja
922,237,Av. Santa Cruz,0.1946,1.96,1.46,media,baja
922,373,Av. Arequipa,0.381,1.59,0.97,alta,baja
922,1065,Av. Angamos,0.5801,1.93,1.05,baja,baja
922,1313,Av. Petit Thouars,0.5889,1.72,1.16,alta,baja
922,545,Av. Tomas Marsano,0.6382,2.02,1.45,media,baja
922,114,Av. Salaverry,0.7135,3.28,1.36,baja,baja
923,693,Av. Javier Prado,0.4977,1.83,1.91,alta,baja
923,1190,Av. Petit Thouars,0.5202,2.39,0.95,alta,baja
923,925,Av. Primavera,0.6248,2.83,1.27,alta,baja
923,52,Via Expresa,0.7704,2.48,1.94,baja,baja
923,611,Av. Arequipa,1.0263,3.9,1.6,alta,baja
923,22,Av. 28 de Julio,1.0954,3.99,2.34,alta,baja
924,1322,Av. Arequipa,0.0876,1.43,0.59,media,media
924,1375,Av. Petit Thouars,0.1147,0.93,1.12,baja,media
924,185,Av. Caminos del Inca,0.1853,1.29,0.69,alta,media
924,627,Av. La Encalada,0.2784,1.69,1.05,alta,media
924,679,Av. Universitaria,0.4019,3.11,1.53,alta,media
924,865,Av. Larco,0.4265,2.89,1.1,alta,media
925,1190,Av. Benavides,0.1538,2.06,1.18,alta,baja
925,52,Av. Tomas Marsano,0.4781,2.99,2.02,baja,baja
925,923,Av. Tomas Marsano,0.6248,3.3,2.07,baja,baja
925,22,Av. Angamos,0.7899,2.95,2.29,alta,baja
925,583,Av. El Derby,0.8525,2.95,1.79,media,baja
925,44,Av. Primavera,0.8882,3.34,1.63,media,baja
926,954,Av. Universitaria,0.2332,2.55,1.14,baja,alta
926,385,Av. Santa Cruz,0.2619,2.04,1.73,baja,alta
926,569,Av. Primavera,0.3674,2.81,1.51,media,alta
926,1326,Av. La Encalada,0.4092,2.23,0.84,media,alta
926,41,Av. Angamos,0.4904,3.02,1.18,media,alta
926,841,Av. Primavera,0.5283,2.65,1.83,baja,alta
927,37,Av. Brasil,0.3457,1.79,1.85,media,baja
927,629,Av. Javier Prado,0.7145,3.45,1.89,baja,baja
927,815,Av. Petit Thouars,0.9421,3.19,2.24,baja,baja
927,350,Av. Santa Cruz,1.0144,2.82,1.67,baja,baja
927,146,Av. Colonial,1.2774,3.19,2.14,baja,baja
927,209,Av. Angamos,1.3417,3.71,2.83,baja,baja
928,1360,Av. Benavides,0.0568,1.15,1.44,media,media
928,1199,Av. La Marina,0.2436,2.42,0.96,alta,media
928,1059,Av. Universitaria,0.4111,1.71,1.18,baja,media
928,1342,Av. Colonial,0.4626,3.36,1.54,alta,media
928,709,Av. Larco,0.5304,2.7,1.66,alta,media
928,102,Av. Colonial,0.5451,2.98,1.01,baja,media
929,1492,Av. La Encalada,0.543,1.97,1.71,baja,media
929,1200,Av. Santa Cruz,0.7466,3.12,2.29,baja,media
929,79,Via Expresa,0.8594,3.98,1.92,media,media
929,1240,Av. Arequipa,0.9573,4.19,1.5,alta,media
929,690,Av. Benavides,0.9692,3.89,1.85,baja,media
929,1020,Av. Colonial,1.0647,3.76,2.76,media,media
930,576,Av. Primavera,0.0413,2.02,0.35,alta,baja
930,903,Av. Larco,0.0909,0.98,0.48,alta,baja
930,1382,Av. La Marina,0.8341,2.48,1.73,media,baja
930,204,Av. Benavides,0.8821,2.74,2.13,baja,baja
930,1165,Av. Brasil,0.9193,3.43,1.52,alta,baja
930,189,Av. 28 de Julio,1.071,4.24,2.67,alta,baja
931,1281,Av. La Encalada,0.2275,1.32,1.19,alta,media
931,852,Av. Benavides,0.3483,2.53,1.01,alta,media
931,1289,Av. 28 de Julio,0.5177,2.21,1.58,alta,media
931,1351,Av. Salaverry,0.5432,2.66,1.2,alta,media
931,575,Av. La Encalada,0.5532,2.69,1.91,baja,media
931,1070,Av. Benavides,0.5702,3.02,1.76,media,media
932,1341,Av. 28 de Julio,0.1616,1.32,1.57,alta,media
932,143,Av. El Derby,0.2264,1.72,0.88,media,media
932,99,Av. Angamos,0.2446,2.04,1.03,media,media
932,979,Av. Colonial,0.2779,1.55,1.82,media,media
932,535,Av. Petit Thouars,0.3162,2.44,1.13,media,media
932,564,Av. Primavera,0.4179,2.66,1.5,media,media
933,1380,Av. Colonial,0.122,1.64,1.19,media,media
933,1228,Av. Benavides,0.1922,2.31,1.31,alta,media
933,987,Av. Tomas Marsano,0.3403,2.68,1.86,alta,media
933,1218,Av. Arequipa,0.3645,2.96,1.66,baja,media
933,1386,Av. Primavera,0.3882,1.77,1.37,alta,media
933,971,Av. Larco,0.3914,2.22,1.63,alta,media
934,515,Av. Larco,0.1107,1.72,1.07,baja,baja
934,1074,Av. Aviacion,0.5665,2.04,1.47,media,baja
934,331,Av. Benavides,0.6969,2.04,1.9,alta,baja
934,981,Av. Caminos del Inca,0.9786,2.87,1.99,baja,baja
934,1052,Av. Brasil,1.0625,4.08,1.81,baja,baja
934,938,Av. Angamos,1.7269,4.69,2.98,media,baja
935,431,Via Expresa,0.4524,3.01,1.97,media,media
935,126,Via Expresa,0.5368,3.37,1.9,baja,media
935,1292,Av. Benavides,0.5455,2.44,1.16,media,media
935,881,Av. Universitaria,0.5461,2.32,1.56,baja,media
935,1152,Av. La Marina,0.5666,2.18,1.14,alta,media
935,281,Av. Universitaria,0.6803,3.45,1.44,media,media
936,785,Av. La Marina,0.3592,1.68,0.96,baja,baja
936,1395,Av. El Derby,0.3801,2.51,0.77,media,baja
936,96,Av. Universitaria,0.3804,2.44,1.34,baja,baja
936,992,Av. Santa Cruz,0.4568,2.57,0.96,alta,baja
936,259,Av. El Derby,0.5253,1.94,1.34,alta,baja
936,219,Av. Brasil,0.7547,2.67,2.32,alta,baja
937,1498,Av. Aviacion,0.1518,1.98,0.71,baja,alta
937,957,Av. Tomas Marsano,0.7863,5.25,1.57,media,alta
937,269,Av. Javier Prado,0.8564,4.87,2.38,baja,alta
937,620,Av. Angamos,0.9723,4.99,1.88,baja,alta
937,798,Av. Colonial,1.1173,4.67,2.57,media,alta
937,633,Av. Petit Thouars,1.1326,5.09,2.23,alta,alta
938,920,Av. Salaverry,0.3098,1.46,1.52,baja,baja
938,726,Av. La Encalada,0.6428,2.8,2.22,baja,baja
938,1052,Av. Salaverry,0.8037,2.37,2.34,alta,baja
938,608,Av. Petit Thouars,0.8549,3.26,1.44,baja,baja
938,1075,Av. Arequipa,0.9657,4.07,2.55,alta,baja
938,746,Av. Primavera,1.2711,4.09,2.88,media,baja
939,951,Av. Santa Cruz,0.4058,2.36,1.41,alta,baja
939,825,Av. Angamos,0.5204,1.74,2.05,alta,baja
939,88,Av. La Marina,0.7958,3.43,2.23,alta,baja
939,1025,Av. Santa Cruz,0.8014,3.41,2.39,alta,baja
939,522,Av. El Derby,0.8759,2.62,1.51,baja,baja
939,285,Av. El Derby,1.0033,2.94,1.84,media,baja
940,1417,Av. Caminos del Inca,0.1327,1.43,1.62,media,baja
940,107,Av. Salaverry,0.3069,1.73,0.76,media,baja
940,1482,Av. Colonial,0.4633,2.1,1.44,media,baja
940,313,Av. La Marina,0.6397,2.15,2.12,alta,baja
940,598,Via Expresa,0.8674,3.75,2.5,alta,baja
940,1346,Av. La Encalada,0.8913,3.52,2.46,alta,baja
941,856,Av. Brasil,0.5866,1.83,1.36,media,baja
941,332,Av. El Derby,0.9166,4.01,2.56,media,baja
941,438,Av. La Encalada,0.9278,2.73,1.64,baja,baja
941,1454,Av. Universitaria,1.6613,5.86,3.04,media,baja
941,117,Av. La Encalada,1.8492,5.87,2.66,baja,baja
941,101,Av. Primavera,1.8555,5.05,2.71,media,baja
942,372,Av. Arequipa,0.2679,1.52,0.81,baja,baja
942,48,Av. Javier Prado,0.32,1.87,0.82,media,baja
942,191,Av. Angamos,0.326,1.56,1.22,media,baja
942,225,Av. Benavides,0.3612,2.25,1.14,baja,baja
942,264,Av. Colonial,0.4664,2.52,1.11,alta,baja
942,241,Av. Salaverry,0.532,1.91,0.99,media,baja
943,462,Av. Colonial,0.4869,1.96,0.92,media,baja
943,20,Av. Petit Thouars,0.6059,2.57,2.0,media,baja
943,900,Av. Angamos,0.6727,2.22,1.93,baja,baja
943,1368,Av. Benavides,0.7508,2.34,2.14,media,baja
943,35,Av. Petit Thouars,0.7702,3.24,1.48,media,baja
943,63,Av. Tomas Marsano,0.8388,3.44,2.09,alta,baja
944,242,Av. Tomas Marsano,0.0343,1.94,1.05,media,baja
944,114,Av. Primavera,0.195,1.29,0.8,baja,baja
944,1065,Av. La Encalada,0.2232,1.96,1.0,media,baja
944,541,Av. Petit Thouars,0.482,2.44,1.24,baja,baja
944,474,Av. Arequipa,0.6283,2.38,1.34,alta,baja
944,922,Av. La Encalada,0.7707,3.51,1.45,media,baja
945,520,Av. Caminos del Inca,0.2872,2.76,1.61,media,media
945,314,Via Expresa,0.293,1.55,1.17,media,media
945,1088,Av. Javier Prado,0.4565,2.05,1.55,media,media
945,623,Av. Larco,0.4782,2.42,1.68,baja,media
945,392,Av. Colonial,0.4948,2.56,1.97,media,media
945,1007,Av. Caminos del Inca,0.5574,2.04,2.09,baja,media
946,591,Av. Primavera,0.3188,1.76,0.99,alta,media
946,635,Av. Primavera,0.4478,3.03,1.23,media,media
946,618,Av. Javier Prado,0.532,2.75,2.13,media,media
946,393,Av. Tomas Marsano,0.5598,3.71,1.17,alta,media
946,725,Av. 28 de Julio,0.6677,3.59,2.1,baja,media
946,43,Av. Santa Cruz,0.6707,3.27,1.44,media,media
947,169,Av. Javier Prado,0.2828,2.16,0.81,alta,baja
947,1458,Av. Universitaria,0.3072,2.61,1.62,baja,baja
947,584,Av. Petit Thouars,0.4438,2.48,1.86,alta,baja
947,85,Av. Javier Prado,0.5761,2.58,1.09,baja,baja
947,512,Av. Aviacion,0.6039,1.97,2.1,media,baja
947,1194,Av. Aviacion,0.6561,2.98,1.14,alta,baja
948,168,Av. 28 de Julio,0.2631,1.68,1.44,media,alta
948,30,Av. La Marina,0.3223,2.3,1.85,baja,alta
948,620,Av. Tomas Marsano,0.3423,3.05,1.82,media,alta
948,269,Av. La Marina,0.4668,3.38,1.67,baja,alta
948,1419,Av. Javier Prado,0.5026,4.09,1.24,alta,alta
948,798,Av. La Encalada,1.2488,6.32,1.84,alta,alta
949,1071,Via Expresa,0.4172,1.77,1.23,baja,media
949,1088,Av. Caminos del Inca,0.476,1.96,1.01,media,media
949,945,Av. Brasil,0.5638,2.94,1.67,baja,media
949,1084,Av. Petit Thouars,0.57,2.4,1.72,baja,media
949,861,Av. Angamos,0.5821,3.39,2.12,alta,media
949,201,Av. Larco,0.6761,2.39,1.16,baja,media
950,788,Av. Larco,0.0958,1.6,1.02,media,alta
950,552,Av. Caminos del Inca,0.352,2.89,1.41,baja,alta
950,871,Av. Santa Cruz,0.5274,2.97,1.74,baja,alta
950,8,Av. Santa Cruz,0.5295,3.22,1.48,alta,alta
950,492,Av. Tomas Marsano,0.5729,3.48,1.35,media,alta
950,605,Av. Tomas Marsano,0.622,3.43,1.06,baja,alta
951,939,Via Expresa,0.4058,2.68,1.64,media,baja
951,825,Av. Primavera,0.4891,2.65,1.35,alta,baja
951,851,Av. Tomas Marsano,0.8892,3.14,2.47,alta,baja
951,522,Av. La Encalada,0.8922,3.02,1.59,media,baja
951,1484,Av. Universitaria,1.023,3.45,2.37,baja,baja
951,88,Av. Angamos,1.0293,3.56,2.1,alta,baja
952,445,Av. Brasil,0.3626,1.83,1.42,baja,media
952,527,Av. Caminos del Inca,0.365,1.47,1.59,baja,media
952,232,Av. Benavides,0.4385,2.02,0.87,baja,media
952,77,Av. Colonial,0.4665,3.08,2.01,media,media
952,1035,Av. Arequipa,0.6383,3.12,2.07,media,media
952,281,Av. Salaverry,0.6443,2.72,2.04,alta,media
953,1285,Av. Benavides,0.3703,2.82,1.08,media,baja
953,1327,Av. Universitaria,0.4578,1.9,1.2,alta,baja
953,749,Av. Larco,0.615,2.16,1.61,media,baja
953,1390,Av. Petit Thouars,0.7544,2.54,1.38,alta,baja
953,906,Av. 28 de Julio,0.7629,2.31,1.82,alta,baja
953,1468,Via Expresa,0.7951,2.53,1.49,media,baja
954,926,Av. Benavides,0.2332,2.21,0.91,baja,muy_alta
954,385,Av. Brasil,0.2762,1.91,1.3,media,muy_alta
954,841,Av. Salaverry,0.2975,2.25,0.94,alta,muy_alta
954,1092,Av. Petit Thouars,0.4133,3.18,1.98,alta,muy_alta
954,41,Av. Salaverry,0.4231,3.3,1.29,baja,muy_alta
954,569,Av. Javier Prado,0.4746,3.74,1.6,alta,muy_alta
955,1105,Av. Larco,0.5463,1.7,2.15,baja,baja
955,763,Av. Aviacion,0.7469,2.94,2.23,baja,baja
955,1391,Av. Javier Prado,0.7502,3.58,2.08,baja,baja
955,877,Av. Brasil,0.7716,3.25,1.56,alta,baja
955,897,Av. 28 de Julio,1.2277,3.11,2.37,baja,baja
955,916,Via Expresa,1.356,4.82,2.65,alta,baja
956,112,Av. La Encalada,0.4794,3.45,0.92,alta,muy_alta
956,917,Av. Primavera,0.4983,4.21,2.09,baja,muy_alta
956,255,Av. Colonial,0.5954,4.39,1.92,alta,muy_alta
956,1315,Av. Tomas Marsano,0.7293,4.3,2.23,alta,muy_alta
956,1111,Av. Arequipa,0.7647,4.78,1.55,media,muy_alta
956,753,Av. Larco,0.7796,5.39,1.34,media,muy_alta
957,803,Av. Brasil,0.6028,3.64,2.15,media,alta
957,1010,Av. Angamos,0.6665,4.03,1.8,alta,alta
957,937,Av. Petit Thouars,0.7863,3.1,2.38,alta,alta
957,1498,Av. Brasil,0.8004,4.44,1.62,media,alta
957,874,Av. Primavera,0.8034,3.29,1.76,media,alta
957,633,Av. Arequipa,0.9182,4.04,2.54,media,alta
958,1484,Av. 28 de Julio,0.2463,1.74,1.32,alta,baja
958,249,Av. Benavides,0.4433,2.93,1.5,media,baja
958,482,Av. 28 de Julio,0.4791,1.57,1.14,baja,baja
958,522,Av. Petit Thouars,0.5543,1.94,1.24,baja,baja
958,519,Av. Brasil,0.5579,1.92,1.92,baja,baja
958,851,Av. La Encalada,0.7258,1.95,1.3,baja,baja
959,246,Av. Larco,0.2187,1.3,0.65,baja,baja
959,218,Av. El Derby,0.2548,2.45,1.01,alta,baja
959,757,Av. Tomas Marsano,0.2715,1.1,1.56,baja,baja
959,342,Av. Colonial,0.575,2.96,1.0,media,baja
959,850,Av. Petit Thouars,0.5961,2.82,2.04,baja,baja
959,819,Av. 28 de Julio,0.6023,2.86,1.9,media,baja
960,570,Av. 28 de Julio,0.1966,1.34,0.66,media,alta
960,253,Av. Angamos,0.5045,3.5,1.47,alta,alta
960,87,Av. El Derby,0.5408,3.36,1.94,baja,alta
960,801,Av. Javier Prado,0.5478,3.06,1.98,media,alta
960,271,Av. Colonial,0.6401,3.41,1.48,alta,alta
960,456,Av. Santa Cruz,0.6948,3.15,1.99,alta,alta
961,707,Av. Petit Thouars,0.4056,2.17,0.89,alta,baja
961,135,Av. Colonial,0.4678,2.36,1.29,alta,baja
961,4,Av. Tomas Marsano,0.6059,3.03,1.48,baja,baja
961,1318,Av. Universitaria,0.6362,2.64,1.28,baja,baja
961,1011,Av. Universitaria,0.8276,2.71,2.11,baja,baja
961,1243,Av. Petit Thouars,0.8349,2.61,1.61,alta,baja
962,776,Av. Petit Thouars,0.2258,2.09,1.67,media,baja
962,449,Av. Petit Thouars,0.3341,1.54,1.7,baja,baja
962,1151,Av. La Encalada,0.6346,2.85,1.11,media,baja
962,689,Av. Santa Cruz,0.7666,2.92,2.07,baja,baja
962,538,Av. Benavides,0.9961,3.03,1.67,alta,baja
962,857,Av. Arequipa,1.1422,3.65,2.72,baja,baja
963,1123,Av. Salaverry,0.1359,1.06,1.33,media,baja
963,414,Av. Larco,0.4063,2.44,1.67,alta,baja
963,1435,Av. Arequipa,1.2719,3.42,2.41,alta,baja
963,1433,Av. Petit Thouars,1.3495,4.44,1.94,baja,baja
963,848,Av. Universitaria,1.3988,4.46,2.73,baja,baja
963,1024,Av. Tomas Marsano,1.5564,5.59,2.23,baja,baja
964,1474,Av. La Marina,0.1583,1.58,1.45,alta,media
964,476,Av. Larco,0.3071,2.01,0.83,alta,media
964,40,Via Expresa,0.3519,2.04,1.36,media,media
964,1122,Av. Arequipa,0.3958,2.79,1.97,baja,media
964,1114,Av. Colonial,0.3998,2.0,1.15,baja,media
964,228,Av. Salaverry,0.412,3.18,1.07,media,media
965,361,Av. La Marina,0.0694,1.15,0.9,alta,baja
965,1304,Av. Tomas Marsano,0.4911,1.55,1.58,alta,baja
965,1264,Av. El Derby,0.5304,2.07,1.21,baja,baja
965,39,Av. Tomas Marsano,0.5535,2.54,1.77,media,baja
965,1077,Av. Brasil,0.5817,2.58,1.47,media,baja
965,890,Av. Universitaria,0.6865,2.85,1.49,alta,baja
966,439,Av. Aviacion,0.1738,1.14,0.51,media,media
966,374,Av. La Encalada,0.1982,1.81,0.78,alta,media
966,679,Av. Javier Prado,0.2753,1.81,0.96,alta,media
966,228,Av. Larco,0.4334,3.05,0.91,alta,media
966,1218,Av. Angamos,0.4619,2.54,1.15,alta,media
966,1122,Av. Javier Prado,0.47,2.85,1.13,media,media
967,805,Av. Aviacion,0.2114,2.02,1.43,baja,media
967,1155,Av. Aviacion,0.2189,2.36,1.24,media,media
967,687,Av. Larco,0.3203,1.47,0.89,alta,media
967,1398,Av. Larco,0.3451,2.96,1.51,alta,media
967,1114,Av. Caminos del Inca,0.4253,2.23,1.8,media,media
967,1030,Av. Caminos del Inca,0.4379,2.58,1.99,baja,media
968,1259,Av. Javier Prado,0.1319,1.21,1.63,baja,media
968,502,Av. La Marina,0.4075,1.94,1.48,baja,media
968,479,Av. Angamos,0.4146,2.03,1.35,baja,media
968,1226,Av. Arequipa,0.4735,3.35,1.7,alta,media
968,1450,Av. Aviacion,0.4929,3.41,0.89,baja,media
968,1441,Av. Universitaria,0.5011,2.5,1.0,alta,media
969,1495,Av. Larco,0.1784,1.62,1.65,alta,baja
969,1211,Av. Salaverry,0.3787,1.84,1.95,media,baja
969,1019,Av. La Marina,0.7724,3.51,1.73,alta,baja
969,673,Av. Primavera,0.7905,3.4,1.43,baja,baja
969,109,Av. La Marina,0.8297,3.21,2.38,media,baja
969,1412,Av. Caminos del Inca,1.0192,3.36,1.65,baja,baja
970,989,Av. La Marina,0.2398,2.72,1.49,media,muy_alta
970,753,Av. Primavera,0.2729,2.9,1.39,baja,muy_alta
970,275,Av. La Encalada,0.2849,3.12,1.27,alta,muy_alta
970,1443,Av. Petit Thouars,0.4576,4.06,1.81,alta,muy_alta
970,397,Av. Primavera,0.4811,3.28,0.93,baja,muy_alta
970,769,Av. Universitaria,0.4918,3.51,1.2,media,muy_alta
971,145,Av. Colonial,0.1625,2.18,0.73,alta,media
971,306,Av. Colonial,0.2589,2.07,1.05,alta,media
971,1380,Av. Aviacion,0.3289,1.63,1.15,media,media
971,933,Av. Universitaria,0.3914,2.08,1.23,media,media
971,459,Av. Petit Thouars,0.3984,2.14,1.67,media,media
971,1007,Av. Brasil,0.437,2.84,0.88,media,media
972,1112,Av. Petit Thouars,0.7622,3.56,1.6,baja,media
972,685,Av. La Marina,0.8848,3.01,2.4,media,media
972,1091,Av. Aviacion,1.0014,3.29,2.02,baja,media
972,1396,Av. Angamos,1.0192,4.24,1.96,baja,media
972,1089,Av. La Marina,1.0726,4.21,1.64,media,media
972,1230,Av. El Derby,1.0838,4.38,2.15,media,media
973,464,Av. Primavera,0.23,1.08,1.71,baja,baja
973,1075,Av. Caminos del Inca,0.4088,2.76,1.26,baja,baja
973,608,Av. La Marina,0.5228,1.57,1.71,media,baja
973,1350,Av. Primavera,1.094,4.55,2.16,baja,baja
973,1384,Av. 28 de Julio,1.0975,3.71,2.41,baja,baja
973,726,Av. Benavides,1.2776,4.2,2.25,alta,baja
974,716,Av. Brasil,0.4865,2.13,1.08,baja,baja
974,1107,Av. Angamos,0.7426,3.31,2.16,alta,baja
974,250,Av. 28 de Julio,0.7663,2.17,1.78,media,baja
974,1470,Av. Santa Cruz,0.8842,3.19,2.35,media,baja
974,357,Av. Santa Cruz,0.9299,3.13,2.36,alta,baja
974,824,Av. El Derby,0.9613,4.11,1.92,baja,baja
975,1273,Av. 28 de Julio,0.2968,2.89,1.8,alta,alta
975,829,Av. Colonial,0.3841,2.33,1.49,media,alta
975,86,Av. 28 de Julio,0.6663,4.38,2.18,media,alta
975,912,Av. El Derby,0.6834,3.62,1.73,media,alta
975,441,Av. Benavides,0.7264,4.73,1.51,baja,alta
975,557,Av. Javier Prado,0.7352,3.98,1.68,baja,alta
976,252,Av. Brasil,0.4108,1.74,1.62,alta,baja
976,629,Av. Caminos del Inca,0.8356,3.25,1.95,alta,baja
976,762,Av. Universitaria,0.8546,2.54,2.12,alta,baja
976,171,Av. La Marina,0.9314,3.79,1.97,media,baja
976,823,Av. Tomas Marsano,1.0043,3.64,2.14,baja,baja
976,562,Av. La Marina,1.1263,3.25,2.12,media,baja
977,1266,Av. Petit Thouars,0.2448,1.3,1.4,baja,baja
977,1258,Av. Primavera,0.4951,2.52,1.44,media,baja
977,505,Av. Caminos del Inca,0.5611,3.06,1.62,baja,baja
977,229,Av. Primavera,0.5975,2.82,1.98,media,baja
977,1378,Av. La Encalada,0.6961,2.34,1.83,baja,baja
977,1425,Av. Universitaria,0.7226,2.08,1.57,alta,baja
978,1278,Av. La Encalada,0.2765,2.42,1.07,alta,media
978,885,Av. Angamos,0.3004,2.74,1.03,alta,media
978,1250,Av. Larco,0.3206,1.84,0.83,media,media
978,460,Av. Universitaria,0.3687,2.2,1.32,media,media
978,315,Av. Larco,0.3897,2.22,1.46,alta,media
978,891,Via Expresa,0.4243,3.17,1.24,baja,media
979,1174,Av. Salaverry,0.1735,1.24,1.67,baja,media
979,602,Av. Salaverry,0.19,1.59,1.45,media,media
979,143,Av. Arequipa,0.2382,1.15,1.58,alta,media
979,932,Av. Arequipa,0.2779,2.61,0.99,alta,media
979,1341,Av. Salaverry,0.3136,2.43,1.16,baja,media
979,564,Av. Arequipa,0.3884,2.66,1.7,baja,media
980,1321,Av. Universitaria,0.41,2.47,1.47,baja,baja
980,566,Av. El Derby,0.5585,2.01,1.72,alta,baja
980,1312,Via Expresa,0.5792,2.01,1.31,alta,baja
980,867,Av. Santa Cruz,0.6352,2.34,1.68,media,baja
980,838,Av. Arequipa,0.8118,2.96,1.4,alta,baja
980,778,Av. Caminos del Inca,0.9389,3.58,1.51,baja,baja
981,331,Av. 28 de Julio,0.4538,2.35,0.92,media,baja
981,1074,Av. Benavides,0.5545,2.21,1.43,media,baja
981,1052,Av. El Derby,0.6162,2.16,1.32,baja,baja
981,746,Av. La Encalada,0.9063,3.48,1.6,baja,baja
981,934,Av. Aviacion,0.9786,3.79,2.63,media,baja
981,1414,Av. 28 de Julio,1.0311,3.74,1.81,baja,baja
982,244,Av. Caminos del Inca,0.3996,1.99,1.64,alta,baja
982,1412,Av. Tomas Marsano,0.6311,2.75,1.2,alta,baja
982,493,Via Expresa,1.0376,3.82,2.67,alta,baja
982,109,Av. Benavides,1.0474,2.89,2.23,alta,baja
982,1211,Av. Caminos del Inca,1.2581,3.52,2.9,baja,baja
982,969,Av. Salaverry,1.4452,3.83,2.2,alta,baja
983,1369,Av. 28 de Julio,0.2387,1.85,0.66,baja,muy_alta
983,1296,Av. Benavides,0.4157,3.22,1.89,media,muy_alta
983,571,Av. Colonial,0.6563,4.8,2.06,baja,muy_alta
983,1001,Av. Aviacion,0.6607,4.96,1.43,media,muy_alta
983,224,Av. Javier Prado,0.6855,4.7,1.3,baja,muy_alta
983,1394,Av. Primavera,0.6916,4.33,1.3,alta,muy_alta
984,150,Av. 28 de Julio,0.366,2.91,1.79,alta,media
984,816,Av. 28 de Julio,0.4427,1.84,1.36,media,media
984,1067,Av. Javier Prado,0.4607,3.05,1.0,alta,media
984,860,Av. Larco,0.671,2.47,2.07,baja,media
984,651,Av. La Encalada,0.8325,3.05,1.33,baja,media
984,1490,Av. Angamos,0.9026,3.32,1.43,baja,media
985,98,Av. Aviacion,0.2372,2.68,1.39,media,media
985,156,Av. Aviacion,0.3775,3.1,1.63,media,media
985,1349,Av. Universitaria,0.4306,1.89,1.72,baja,media
985,554,Av. Santa Cruz,0.4419,3.14,1.23,media,media
985,131,Av. La Encalada,0.5534,2.53,1.35,media,media
985,53,Av. Primavera,0.6002,3.59,1.87,baja,media
986,553,Av. Aviacion,0.5611,1.63,1.45,alta,baja
986,831,Av. El Derby,0.627,1.85,1.53,alta,baja
986,1000,Av. Primavera,0.8319,3.81,2.28,media,baja
986,137,Av. Caminos del Inca,0.8844,2.89,1.67,media,baja
986,31,Av. 28 de Julio,0.9084,3.4,1.97,media,baja
986,1005,Av. La Marina,0.9549,3.76,2.39,alta,baja
987,1218,Av. La Encalada,0.0337,0.66,0.34,alta,media
987,1228,Av. Angamos,0.1487,1.01,1.16,media,media
987,439,Av. Caminos del Inca,0.323,2.83,1.69,media,media
987,933,Av. 28 de Julio,0.3403,2.38,1.1,baja,media
987,1380,Av. Caminos del Inca,0.348,1.57,1.65,alta,media
987,1377,Av. Arequipa,0.4532,2.56,1.88,media,media
988,884,Av. Tomas Marsano,0.1422,0.9,1.3,alta,baja
988,440,Av. Benavides,0.3996,1.7,1.61,baja,baja
988,1291,Av. Salaverry,0.4486,1.53,0.9,alta,baja
988,1319,Av. Brasil,0.6518,3.31,1.09,alta,baja
988,133,Av. Angamos,0.6761,2.77,1.52,alta,baja
988,631,Av. Brasil,0.6877,2.15,1.57,alta,baja
989,1443,Av. Colonial,0.2202,2.01,1.36,alta,muy_alta
989,970,Via Expresa,0.2398,2.31,1.61,media,muy_alta
989,769,Av. Javier Prado,0.2624,3.38,1.24,media,muy_alta
989,695,Av. Brasil,0.2761,3.07,0.74,baja,muy_alta
989,397,Av. Angamos,0.4281,3.87,1.19,media,muy_alta
989,275,Av. Santa Cruz,0.4637,4.37,1.12,alta,muy_alta
990,734,Av. Caminos del Inca,0.2692,1.3,0.87,alta,baja
990,624,Av. Benavides,0.3422,2.06,0.98,media,baja
990,828,Av. 28 de Julio,0.4569,1.87,1.75,alta,baja
990,876,Av. Santa Cruz,0.4607,2.49,1.9,media,baja
990,510,Av. El Derby,0.5349,2.25,1.55,media,baja
990,371,Av. Universitaria,0.6537,3.1,1.84,media,baja
991,1028,Av. Benavides,0.2472,1.52,1.55,baja,baja
991,786,Av. Santa Cruz,0.3504,1.51,1.38,alta,baja
991,553,Av. Arequipa,0.4723,2.43,1.23,baja,baja
991,31,Av. Universitaria,0.8481,3.22,2.19,media,baja
991,1329,Av. Salaverry,0.9492,3.42,2.43,baja,baja
991,986,Via Expresa,1.0164,3.99,1.87,alta,baja
992,785,Av. Tomas Marsano,0.1309,1.42,0.67,baja,baja
992,219,Av. Aviacion,0.304,2.64,1.7,baja,baja
992,827,Av. La Encalada,0.3864,1.42,1.4,media,baja
992,936,Av. Petit Thouars,0.4568,1.68,1.2,baja,baja
992,1395,Av. Petit Thouars,0.5836,2.09,1.32,baja,baja
992,1420,Av. Arequipa,0.6698,2.11,1.74,media,baja
993,637,Via Expresa,0.076,2.03,1.56,media,media
993,677,Av. Larco,0.1141,1.95,1.15,alta,media
993,574,Av. Petit Thouars,0.1466,1.74,1.46,baja,media
993,1029,Av. Aviacion,0.147,1.23,0.57,alta,media
993,1073,Via Expresa,0.3039,2.32,1.57,alta,media
993,702,Av. Javier Prado,0.306,1.46,1.22,media,media
994,463,Av. El Derby,0.0723,1.4,1.17,alta,baja
994,181,Av. Benavides,0.3031,1.96,1.5,media,baja
994,1383,Av. Brasil,0.32,1.54,1.59,alta,baja
994,480,Av. Petit Thouars,0.3489,1.27,1.55,baja,baja
994,666,Av. La Marina,0.358,2.6,0.8,baja,baja
994,720,Av. Colonial,0.361,1.91,0.8,alta,baja
995,172,Av. Aviacion,0.0832,1.59,1.29,alta,baja
995,534,Av. La Marina,0.3672,2.68,1.06,alta,baja
995,1068,Av. Tomas Marsano,0.3903,2.17,1.53,media,baja
995,1298,Av. Benavides,0.5181,2.42,1.22,baja,baja
995,655,Av. Caminos del Inca,0.5884,1.92,1.67,baja,baja
995,243,Via Expresa,0.6029,2.79,1.03,baja,baja
996,339,Av. Angamos,0.356,2.0,1.41,media,baja
996,1439,Av. La Marina,0.647,2.45,2.08,media,baja
996,1163,Av. La Marina,1.066,3.54,1.89,media,baja
996,144,Av. Salaverry,1.1327,4.05,1.73,alta,baja
996,346,Av. Caminos del Inca,1.3241,4.26,2.7,alta,baja
996,1451,Av. 28 de Julio,1.3351,4.42,1.97,baja,baja
997,435,Av. Angamos,0.0229,1.9,0.66,alta,baja
997,919,Av. Arequipa,0.4456,1.93,1.4,baja,baja
997,1164,Av. La Marina,0.4528,2.06,1.52,baja,baja
997,706,Av. Larco,0.5412,2.55,1.84,baja,baja
997,419,Av. Colonial,0.6699,2.06,1.79,media,baja
997,1128,Av. Angamos,0.677,3.17,1.96,alta,baja
998,514,Av. Benavides,0.4169,2.38,1.91,alta,baja
998,72,Av. Petit Thouars,0.4654,2.58,1.67,alta,baja
998,625,Av. Universitaria,0.6879,3.27,1.17,media,baja
998,443,Av. Universitaria,0.7009,3.2,2.04,alta,baja
998,493,Av. Angamos,0.8467,2.68,2.06,baja,baja
998,1412,Av. Benavides,1.1772,3.88,2.46,alta,baja
999,389,Av. La Encalada,0.5522,1.64,1.51,media,baja
999,1189,Av. 28 de Julio,0.6106,2.72,1.48,media,baja
999,1294,Av. Aviacion,0.8162,3.64,1.84,baja,baja
999,1159,Av. Santa Cruz,0.8498,3.33,1.55,baja,baja
999,116,Av. Petit Thouars,0.8946,3.2,1.61,baja,baja
999,1201,Av. Caminos del Inca,0.9618,2.51,1.89,alta,baja
1000,1488,Av. Salaverry,0.5055,1.82,1.85,media,baja
1000,831,Av. Angamos,0.6283,2.15,1.64,baja,baja
1000,904,Av. El Derby,0.6856,3.53,1.28,media,baja
1000,1329,Av. Brasil,0.7976,2.71,1.92,alta,baja
1000,986,Via Expresa,0.8319,2.43,1.65,alta,baja
1000,1217,Av. 28 de Julio,0.8636,2.91,1.64,media,baja
1001,198,Via Expresa,0.144,1.24,1.06,alta,alta
1001,1394,Av. Arequipa,0.1674,2.29,0.63,alta,alta
1001,263,Av. Angamos,0.2034,2.59,1.2,alta,alta
1001,293,Av. Angamos,0.2806,2.16,1.34,alta,alta
1001,747,Av. Benavides,0.3022,1.7,1.85,media,alta
1001,1296,Av. Tomas Marsano,0.3036,1.9,1.24,media,alta
1002,1323,Av. Salaverry,0.1491,0.99,1.23,baja,media
1002,368,Av. Benavides,0.2653,2.22,1.65,baja,media
1002,151,Av. Tomas Marsano,0.3508,2.26,1.39,baja,media
1002,697,Av. El Derby,0.356,1.44,1.93,baja,media
1002,1370,Av. La Marina,0.3641,1.64,0.84,alta,media
1002,205,Av. La Marina,0.4935,2.37,1.16,alta,media
1003,182,Av. La Marina,0.4611,3.2,1.54,baja,media
1003,1480,Av. Primavera,0.528,3.2,1.24,baja,media
1003,1182,Av. 28 de Julio,0.5798,2.71,1.0,baja,media
1003,715,Av. Aviacion,0.6254,3.65,2.0,media,media
1003,1396,Av. Tomas Marsano,0.8251,4.06,1.76,media,media
1003,1230,Av. Universitaria,0.8402,3.61,1.4,alta,media
1004,794,Av. Larco,0.2616,2.31,1.57,baja,media
1004,447,Av. Universitaria,0.3387,2.07,1.13,baja,media
1004,834,Av. Javier Prado,0.375,2.61,1.45,media,media
1004,347,Av. Santa Cruz,0.4471,2.78,1.34,media,media
1004,902,Av. El Derby,0.4742,3.08,0.95,media,media
1004,234,Av. Tomas Marsano,0.5327,2.09,1.17,media,media
1005,137,Av. Universitaria,0.072,0.97,0.89,baja,baja
1005,831,Av. El Derby,0.481,2.45,1.77,media,baja
1005,46,Via Expresa,0.5176,2.68,1.42,baja,baja
1005,1438,Av. Aviacion,0.7814,2.57,1.77,alta,baja
1005,16,Av. El Derby,0.8308,2.96,1.71,alta,baja
1005,986,Av. Brasil,0.9549,3.62,1.49,alta,baja
1006,475,Av. Aviacion,0.1999,1.69,1.54,baja,baja
1006,1150,Av. La Marina,0.2604,2.14,1.56,baja,baja
1006,916,Av. 28 de Julio,0.3612,2.0,1.39,baja,baja
1006,1177,Av. El Derby,0.7267,2.12,1.49,alta,baja
1006,206,Av. Larco,0.963,3.19,2.28,alta,baja
1006,265,Av. Primavera,0.9746,2.69,1.89,media,baja
1007,520,Av. Aviacion,0.3111,1.39,1.44,alta,media
1007,314,Av. Angamos,0.3195,2.23,1.35,alta,media
1007,1377,Av. Tomas Marsano,0.3347,2.36,1.32,media,media
1007,971,Av. Brasil,0.437,3.15,1.38,media,media
1007,1380,Av. Santa Cruz,0.4852,1.99,1.98,media,media
1007,945,Via Expresa,0.5574,2.32,2.09,alta,media
1008,744,Av. La Marina,0.3731,2.4,0.87,baja,baja
1008,254,Av. El Derby,0.3805,2.04,1.69,alta,baja
1008,489,Av. Universitaria,0.3882,2.08,0.88,media,baja
1008,675,Av. Angamos,0.6726,2.22,1.12,media,baja
1008,1302,Av. Aviacion,0.6885,2.18,1.39,media,baja
1008,422,Av. Salaverry,0.8079,3.69,2.33,alta,baja
1009,1142,Av. Aviacion,0.3152,2.02,1.07,baja,baja
1009,335,Av. Primavera,0.3229,1.5,1.23,baja,baja
1009,700,Av. Universitaria,0.4388,2.83,0.84,media,baja
1009,1222,Av. Colonial,0.4738,1.78,1.77,alta,baja
1009,886,Via Expresa,0.483,1.98,2.02,alta,baja
1009,18,Av. Arequipa,0.5271,2.22,2.01,baja,baja
1010,803,Av. La Marina,0.0827,0.86,0.89,baja,alta
1010,149,Av. Angamos,0.3449,2.85,1.77,media,alta
1010,257,Av. Arequipa,0.3819,2.54,1.01,media,alta
1010,843,Av. Salaverry,0.5246,3.2,1.81,baja,alta
1010,544,Av. Javier Prado,0.5601,3.56,2.02,alta,alta
1010,874,Av. La Marina,0.5749,2.83,2.17,media,alta
1011,135,Av. Arequipa,0.3928,2.97,1.82,media,alta
1011,4,Av. La Marina,0.5075,3.55,1.12,media,alta
1011,466,Av. Larco,0.5323,4.12,1.19,media,alta
1011,1418,Av. Petit Thouars,0.5477,3.66,1.23,alta,alta
1011,159,Av. Arequipa,0.8024,5.12,2.12,baja,alta
1011,961,Av. Primavera,0.8276,5.07,2.48,media,alta
1012,613,Av. Primavera,0.1807,2.1,0.55,media,media
1012,728,Av. Tomas Marsano,0.1846,1.86,0.98,baja,media
1012,592,Av. Larco,0.3137,1.49,1.77,baja,media
1012,1116,Av. La Encalada,0.5257,2.94,0.97,baja,media
1012,211,Av. El Derby,0.5549,2.92,1.99,alta,media
1012,240,Av. Petit Thouars,0.6044,3.21,2.09,alta,media
1013,1148,Av. La Marina,0.1748,2.41,1.22,alta,alta
1013,387,Av. El Derby,0.2675,1.77,1.15,media,alta
1013,1374,Av. Caminos del Inca,0.3176,2.92,1.42,baja,alta
1013,858,Av. Brasil,0.3377,1.95,1.33,baja,alta
1013,1157,Av. Arequipa,0.3567,3.09,1.7,media,alta
1013,783,Av. Angamos,0.3715,2.81,1.7,baja,alta
1014,558,Av. Javier Prado,0.1705,1.3,0.89,media,baja
1014,1104,Av. Larco,0.7767,2.95,1.38,baja,baja
1014,89,Av. Arequipa,0.7833,2.72,1.85,media,baja
1014,548,Av. Aviacion,0.8197,2.81,2.09,media,baja
1014,59,Av. Primavera,0.9043,3.02,1.39,media,baja
1014,1049,Av. Salaverry,0.9561,3.77,2.2,media,baja
1015,1155,Av. Universitaria,0.2896,1.39,1.09,media,media
1015,1061,Av. Caminos del Inca,0.3776,1.98,1.48,media,media
1015,444,Av. Santa Cruz,0.436,2.02,1.86,media,media
1015,967,Via Expresa,0.4391,2.7,2.03,media,media
1015,674,Av. Larco,0.4731,2.74,1.67,media,media
1015,740,Av. Petit Thouars,0.4974,2.86,1.11,baja,media
1016,550,Av. La Encalada,0.13,2.37,0.78,media,alta
1016,2,Via Expresa,0.315,3.01,1.87,media,alta
1016,580,Av. Brasil,0.3493,2.12,0.81,baja,alta
1016,60,Av. Santa Cruz,0.4305,2.29,1.77,media,alta
1016,895,Av. La Marina,0.7476,3.67,1.48,media,alta
1016,1203,Av. Benavides,0.7684,3.93,1.71,baja,alta
1017,718,Av. Universitaria,0.1621,1.39,0.8,alta,media
1017,76,Av. Universitaria,0.2681,1.77,1.23,baja,media
1017,1205,Av. Benavides,0.2909,2.36,1.71,media,media
1017,406,Av. El Derby,0.5008,2.86,1.52,baja,media
1017,719,Av. Colonial,0.5137,1.82,1.62,alta,media
1017,139,Av. Brasil,0.5411,2.19,1.37,alta,media
1018,1493,Via Expresa,0.2387,2.37,1.69,alta,baja
1018,353,Av. Petit Thouars,0.2488,2.16,1.42,baja,baja
1018,1129,Av. Colonial,0.341,1.47,1.02,media,baja
1018,1079,Av. Benavides,0.4572,2.72,1.3,media,baja
1018,1365,Av. Aviacion,0.527,2.34,2.12,media,baja
1018,457,Av. El Derby,0.5331,1.76,1.05,baja,baja
1019,673,Av. Brasil,0.6,1.82,1.11,baja,baja
1019,1495,Av. Arequipa,0.7717,3.06,1.84,media,baja
1019,969,Av. El Derby,0.7724,2.32,1.64,alta,baja
1019,1211,Av. Santa Cruz,1.0421,2.92,1.98,baja,baja
1019,1077,Av. Aviacion,1.2259,4.44,1.95,media,baja
1019,1264,Av. Aviacion,1.3273,4.79,2.12,alta,baja
1020,1282,Av. Universitaria,0.2223,2.38,1.54,media,media
1020,1240,Av. Arequipa,0.6233,3.6,1.89,media,media
1020,1492,Av. Benavides,0.7308,2.95,1.26,media,media
1020,691,Av. El Derby,0.7417,3.89,1.69,alta,media
1020,1200,Via Expresa,1.0123,4.05,1.93,media,media
1020,62,Av. Javier Prado,1.0134,5.0,2.71,baja,media
1021,287,Av. Primavera,0.077,2.23,1.37,baja,alta
1021,871,Av. Tomas Marsano,0.3579,2.69,1.62,media,alta
1021,765,Av. 28 de Julio,0.372,2.0,0.95,baja,alta
1021,492,Av. Javier Prado,0.4428,3.53,1.03,media,alta
1021,485,Av. Tomas Marsano,0.4714,3.4,1.42,baja,alta
1021,127,Av. El Derby,0.6178,3.85,1.04,baja,alta
1022,1134,Av. Universitaria,0.1387,0.99,1.47,alta,baja
1022,1149,Via Expresa,0.1422,0.89,0.87,baja,baja
1022,913,Av. Salaverry,0.6628,1.91,1.1,media,baja
1022,894,Av. Caminos del Inca,0.837,2.25,2.1,alta,baja
1022,1446,Av. Petit Thouars,0.8897,3.81,2.2,alta,baja
1022,213,Av. Brasil,0.9357,3.91,1.51,media,baja
1023,91,Av. Arequipa,0.3921,1.51,0.91,baja,baja
1023,698,Av. Arequipa,0.6255,2.63,1.29,alta,baja
1023,496,Av. Angamos,0.632,1.92,1.12,alta,baja
1023,264,Av. Angamos,0.6606,3.32,1.69,baja,baja
1023,192,Via Expresa,0.6836,2.98,1.4,alta,baja
1023,942,Av. Colonial,0.7319,2.88,1.32,baja,baja
1024,6,Av. Aviacion,0.693,2.82,1.63,media,baja
1024,472,Av. Petit Thouars,0.9018,3.5,2.47,alta,baja
1024,334,Av. La Marina,1.0009,3.77,2.05,media,baja
1024,245,Av. Santa Cruz,1.0847,3.32,2.21,media,baja
1024,429,Av. La Marina,1.4483,3.99,2.6,media,baja
1024,1433,Av. Arequipa,1.4597,5.34,2.55,media,baja
1025,88,Av. El Derby,0.0285,1.22,0.42,baja,baja
1025,519,Av. La Encalada,0.5306,3.15,1.96,media,baja
1025,522,Av. La Encalada,0.5356,2.74,1.82,baja,baja
1025,825,Av. Caminos del Inca,0.6464,2.76,1.68,media,baja
1025,939,Av. Aviacion,0.8014,2.59,2.38,alta,baja
1025,249,Av. Larco,0.8823,2.58,1.46,media,baja
1026,1326,Av. Primavera,0.2104,2.69,1.31,media,muy_alta
1026,385,Av. Petit Thouars,0.4227,3.33,1.44,alta,muy_alta
1026,41,Av. 28 de Julio,0.435,3.18,1.99,media,muy_alta
1026,1364,Av. Salaverry,0.4983,3.41,1.71,media,muy_alta
1026,695,Av. Brasil,0.5162,3.6,1.18,media,muy_alta
1026,1443,Av. El Derby,0.518,4.33,1.27,media,muy_alta
1027,1237,Av. Universitaria,0.3829,1.82,1.38,baja,baja
1027,529,Av. 28 de Julio,0.6753,3.41,1.92,alta,baja
1027,311,Av. Angamos,0.7326,2.06,2.08,alta,baja
1027,1150,Av. Brasil,0.8051,2.3,2.24,alta,baja
1027,206,Av. Colonial,1.0284,2.77,2.54,media,baja
1027,1006,Av. La Encalada,1.0593,4.04,2.63,alta,baja
1028,991,Av. Caminos del Inca,0.2472,1.37,0.63,alta,baja
1028,553,Av. Larco,0.5171,2.22,1.45,media,baja
1028,786,Av. Petit Thouars,0.5668,1.78,1.37,media,baja
1028,31,Av. Petit Thouars,0.6768,1.84,1.87,alta,baja
1028,432,Av. Aviacion,0.8668,3.74,2.44,baja,baja
1028,761,Av. Aviacion,0.9937,3.21,2.69,alta,baja
1029,574,Av. La Marina,0.0501,0.88,1.52,baja,muy_alta
1029,677,Av. El Derby,0.1092,1.87,1.33,alta,muy_alta
1029,993,Av. La Marina,0.147,2.43,1.52,alta,muy_alta
1029,702,Av. Benavides,0.1678,1.42,0.92,alta,muy_alta
1029,1073,Av. La Marina,0.1708,2.7,0.78,baja,muy_alta
1029,637,Av. Santa Cruz,0.2088,2.45,0.75,baja,muy_alta
1030,526,Av. Caminos del Inca,0.1122,0.98,0.54,alta,media
1030,687,Av. Arequipa,0.121,2.18,1.08,alta,media
1030,1398,Av. Universitaria,0.2877,2.13,0.74,baja,media
1030,805,Av. Brasil,0.4155,1.83,1.73,baja,media
1030,967,Av. Caminos del Inca,0.4379,2.02,0.85,media,media
1030,622,Av. 28 de Julio,0.4522,2.2,1.42,alta,media
1031,811,Av. Angamos,0.3515,1.71,0.74,media,media
1031,592,Av. Brasil,0.4291,1.64,1.82,media,media
1031,1347,Av. Benavides,0.5407,2.69,0.98,media,media
1031,732,Av. Aviacion,0.6052,2.1,1.25,media,media
1031,1116,Av. 28 de Julio,0.6221,3.39,1.29,media,media
1031,1400,Av. Colonial,0.6335,2.65,1.88,media,media
1032,1146,Av. La Marina,0.142,1.03,0.83,media,baja
1032,681,Via Expresa,0.4742,1.91,1.37,alta,baja
1032,458,Av. Tomas Marsano,0.7022,3.06,1.99,media,baja
1032,200,Av. Arequipa,0.7765,2.31,1.52,media,baja
1032,1265,Av. Salaverry,0.88,3.03,1.85,media,baja
1032,403,Av. El Derby,0.8901,2.88,1.65,baja,baja
1033,1249,Av. El Derby,0.6085,2.39,1.05,alta,baja
1033,1210,Av. Brasil,0.719,2.88,2.01,media,baja
1033,260,Av. Caminos del Inca,0.8212,2.9,2.04,media,baja
1033,1401,Av. Benavides,1.0419,4.14,2.25,alta,baja
1033,1082,Av. Brasil,1.1516,3.86,1.72,baja,baja
1033,1406,Av. Universitaria,1.1798,4.04,2.12,alta,baja
1034,559,Av. Benavides,0.0653,1.77,0.97,baja,alta
1034,555,Av. Tomas Marsano,0.0868,1.75,1.11,media,alta
1034,634,Av. Universitaria,0.1489,2.1,1.05,alta,alta
1034,1181,Av. Santa Cruz,0.2422,2.63,1.54,baja,alta
1034,1208,Av. Aviacion,0.2471,2.5,1.04,media,alta
1034,737,Av. Javier Prado,0.2817,2.01,0.99,media,alta
1035,1292,Av. Tomas Marsano,0.2897,2.91,1.29,media,alta
1035,527,Av. Benavides,0.2959,2.59,1.15,media,alta
1035,281,Av. Salaverry,0.3259,2.03,1.48,alta,alta
1035,1152,Av. Universitaria,0.613,3.28,2.15,media,alta
1035,952,Av. Larco,0.6383,3.56,1.95,media,alta
1035,935,Av. Arequipa,0.7217,3.65,1.51,media,alta
1036,545,Av. El Derby,0.1762,2.23,1.28,baja,baja
1036,373,Av. Benavides,0.4323,2.12,1.82,media,baja
1036,93,Av. 28 de Julio,0.5188,1.6,1.46,baja,baja
1036,237,Av. Aviacion,0.5354,2.82,1.35,baja,baja
1036,614,Av. Javier Prado,0.6286,2.12,1.19,baja,baja
1036,813,Av. Aviacion,0.6318,3.19,1.43,media,baja
1037,235,Av. La Marina,0.2472,1.89,0.88,media,media
1037,347,Av. Aviacion,0.312,2.65,1.51,alta,media
1037,794,Av. El Derby,0.396,2.63,1.25,baja,media
1037,1004,Av. Primavera,0.6101,2.19,1.92,alta,media
1037,1,Av. Petit Thouars,0.6199,3.2,1.77,alta,media
1037,388,Av. Primavera,0.6799,3.8,1.67,media,media
1038,1051,Av. Aviacion,0.5462,1.8,1.88,alta,baja
1038,1048,Av. Brasil,0.8902,2.79,2.57,baja,baja
1038,706,Av. Salaverry,1.2064,3.04,2.4,baja,baja
1038,1235,Av. La Marina,1.2262,3.48,2.3,alta,baja
1038,1343,Av. Colonial,1.2658,3.99,1.86,alta,baja
1038,919,Av. Universitaria,1.3141,4.31,3.08,baja,baja
1039,1463,Av. Brasil,0.3612,2.45,1.77,media,alta
1039,836,Av. Tomas Marsano,0.5559,3.58,1.93,alta,alta
1039,847,Av. Salaverry,0.5602,3.56,1.09,media,alta
1039,1301,Av. Salaverry,0.6132,3.72,1.54,alta,alta
1039,286,Av. Brasil,0.811,4.02,1.58,baja,alta
1039,461,Av. Brasil,0.9001,3.9,1.45,alta,alta
1040,405,Av. El Derby,0.1561,2.22,0.9,baja,muy_alta
1040,578,Av. Aviacion,0.1733,2.3,1.58,baja,muy_alta
1040,635,Av. Angamos,0.2489,2.6,0.78,baja,muy_alta
1040,1206,Av. Colonial,0.2848,2.34,1.17,alta,muy_alta
1040,573,Av. Caminos del Inca,0.3824,3.12,1.92,media,muy_alta
1040,641,Av. La Encalada,0.4423,3.37,1.84,alta,muy_alta
1041,167,Av. Colonial,0.1966,1.27,1.47,baja,media
1041,26,Via Expresa,0.3055,1.46,1.44,alta,media
1041,582,Av. La Encalada,0.3075,1.92,0.79,media,media
1041,888,Av. Brasil,0.311,2.08,1.73,media,media
1041,733,Av. Arequipa,0.3161,1.72,0.74,alta,media
1041,231,Av. Petit Thouars,0.3767,3.09,1.49,baja,media
1042,556,Av. Angamos,0.0597,1.98,1.03,baja,baja
1042,1358,Av. Caminos del Inca,0.6528,2.26,1.38,baja,baja
1042,870,Av. La Encalada,0.6663,2.72,2.26,baja,baja
1042,55,Av. 28 de Julio,0.8662,3.33,2.37,baja,baja
1042,899,Av. Santa Cruz,0.8672,3.08,1.72,baja,baja
1042,266,Av. La Encalada,0.9185,2.78,1.42,alta,baja
1043,1460,Av. Angamos,0.2751,1.67,1.39,alta,baja
1043,1204,Av. Caminos del Inca,0.3366,2.29,0.97,alta,baja
1043,1236,Av. Tomas Marsano,0.3849,1.7,1.09,alta,baja
1043,567,Av. Aviacion,0.5398,2.63,1.74,baja,baja
1043,371,Av. Brasil,0.551,1.74,1.21,alta,baja
1043,624,Av. Brasil,0.5768,2.12,1.9,baja,baja
1044,304,Av. Universitaria,0.3128,1.93,1.76,alta,alta
1044,605,Av. Santa Cruz,0.4871,2.51,1.27,baja,alta
1044,127,Av. Arequipa,0.5194,3.15,0.96,media,alta
1044,501,Av. Benavides,0.6329,3.61,2.02,baja,alta
1044,1283,Via Expresa,0.6697,3.37,1.56,alta,alta
1044,881,Av. El Derby,0.6721,4.24,1.14,media,alta
1045,882,Av. Caminos del Inca,0.1579,2.0,0.64,media,baja
1045,192,Av. El Derby,0.3839,2.43,0.83,media,baja
1045,91,Av. Universitaria,0.4273,2.74,1.31,baja,baja
1045,226,Av. Benavides,0.4381,1.51,1.88,baja,baja
1045,698,Av. Aviacion,0.5112,1.82,1.88,alta,baja
1045,1083,Av. Aviacion,0.5242,1.83,1.88,alta,baja
1046,404,Av. Arequipa,0.1677,0.84,0.98,alta,baja
1046,1219,Av. Salaverry,0.3016,2.19,1.72,alta,baja
1046,1231,Av. Benavides,0.3526,2.52,0.91,alta,baja
1046,480,Av. Angamos,0.4201,1.85,1.86,alta,baja
1046,523,Av. Universitaria,0.4353,1.82,1.87,alta,baja
1046,1363,Av. Arequipa,0.4368,1.75,1.7,alta,baja
1047,238,Av. Larco,0.2352,1.83,1.51,media,media
1047,82,Av. Caminos del Inca,0.2798,2.08,1.0,alta,media
1047,124,Av. Larco,0.2977,1.84,0.85,baja,media
1047,211,Av. Caminos del Inca,0.3653,2.47,1.35,baja,media
1047,402,Av. Benavides,0.3877,1.83,1.29,alta,media
1047,99,Av. Arequipa,0.4207,2.75,0.84,media,media
1048,1343,Av. Salaverry,0.5121,1.96,1.91,baja,baja
1048,362,Av. Aviacion,0.5143,2.32,1.83,baja,baja
1048,1038,Av. Javier Prado,0.8902,2.6,2.5,media,baja
1048,706,Av. Petit Thouars,0.9598,3.8,2.04,media,baja
1048,419,Av. Caminos del Inca,0.9721,3.4,2.33,alta,baja
1048,1051,Av. Santa Cruz,1.0689,3.56,2.55,media,baja
1049,64,Av. Javier Prado,0.4753,2.02,1.45,baja,baja
1049,27,Av. Larco,0.614,2.65,1.53,baja,baja
1049,1299,Av. Colonial,0.8818,2.37,1.45,alta,baja
1049,558,Av. Arequipa,0.8925,3.47,2.31,alta,baja
1049,594,Av. Primavera,0.9362,3.08,1.5,alta,baja
1049,1014,Av. Brasil,0.9561,4.19,2.54,media,baja
1050,1193,Av. Caminos del Inca,0.4105,1.84,1.77,baja,media
1050,845,Av. La Marina,0.8523,3.65,2.24,media,media
1050,1119,Av. 28 de Julio,0.9921,4.08,2.1,baja,media
1050,1262,Av. Colonial,1.0902,4.64,2.73,alta,media
1050,887,Av. La Encalada,1.147,4.64,2.52,media,media
1050,1345,Av. Universitaria,1.2397,4.91,2.35,alta,media
1051,1038,Av. Aviacion,0.5462,2.16,1.95,baja,baja
1051,1235,Av. El Derby,0.7633,2.68,2.04,media,baja
1051,706,Av. Brasil,0.873,3.52,2.33,alta,baja
1051,919,Av. La Encalada,0.9533,2.93,2.45,baja,baja
1051,1048,Av. El Derby,1.0689,3.52,1.96,baja,baja
1051,997,Av. Arequipa,1.3982,4.26,2.73,media,baja
1052,981,Av. Javier Prado,0.6162,2.36,1.1,media,baja
1052,920,Av. El Derby,0.7974,3.03,2.39,baja,baja
1052,938,Av. Brasil,0.8037,3.02,1.88,baja,baja
1052,331,Av. Salaverry,0.9315,2.69,1.8,baja,baja
1052,726,Av. Tomas Marsano,0.9381,2.77,1.72,baja,baja
1052,746,Av. 28 de Julio,0.9463,3.21,2.44,alta,baja
1053,61,Av. Aviacion,0.5174,2.99,1.24,media,baja
1053,21,Av. La Encalada,0.5536,2.17,1.27,baja,baja
1053,297,Av. Universitaria,0.6156,3.04,1.7,media,baja
1053,869,Av. 28 de Julio,0.8405,3.63,2.44,alta,baja
1053,1173,Av. Salaverry,0.851,2.78,2.44,baja,baja
1053,787,Av. Colonial,0.8914,2.91,1.54,media,baja
1054,812,Av. Colonial,0.2385,1.74,1.0,baja,baja
1054,1373,Av. Santa Cruz,0.2608,1.97,0.62,media,baja
1054,524,Av. Colonial,0.2726,2.0,1.43,baja,baja
1054,1147,Av. Universitaria,0.3126,1.12,1.36,media,baja
1054,1255,Av. 28 de Julio,0.3737,2.28,0.85,media,baja
1054,487,Av. Salaverry,0.675,3.19,2.14,baja,baja
1055,855,Av. Primavera,0.168,1.02,0.93,media,baja
1055,110,Av. Aviacion,0.3073,2.58,0.83,media,baja
1055,846,Av. 28 de Julio,0.583,2.19,1.92,alta,baja
1055,377,Av. Caminos del Inca,0.734,2.3,1.5,baja,baja
1055,668,Av. Arequipa,0.7806,3.19,1.73,baja,baja
1055,67,Via Expresa,0.8318,3.12,1.4,alta,baja
1056,1242,Av. Santa Cruz,0.2255,2.19,1.07,media,muy_alta
1056,1130,Via Expresa,0.3197,2.77,1.05,baja,muy_alta
1056,901,Via Expresa,0.3414,2.81,1.87,media,muy_alta
1056,729,Av. Universitaria,0.3761,3.45,1.23,alta,muy_alta
1056,841,Av. Larco,0.5476,4.22,1.56,alta,muy_alta
1056,1092,Av. Tomas Marsano,0.5712,4.79,1.92,alta,muy_alta
1057,756,Av. Larco,0.4704,3.8,1.61,baja,muy_alta
1057,316,Av. Brasil,0.5575,4.45,1.02,baja,muy_alta
1057,657,Av. Aviacion,0.6617,5.12,1.3,baja,muy_alta
1057,71,Av. Caminos del Inca,0.7282,5.4,1.42,alta,muy_alta
1057,893,Av. La Marina,0.7621,5.68,2.4,baja,muy_alta
1057,1172,Av. El Derby,0.7759,5.88,2.42,baja,muy_alta
1058,1238,Av. Colonial,0.1143,0.97,0.84,media,baja
1058,1363,Av. Salaverry,0.1911,1.98,1.47,media,baja
1058,480,Av. Universitaria,0.2619,1.86,1.2,baja,baja
1058,720,Av. 28 de Julio,0.3116,2.28,1.13,media,baja
1058,844,Av. Larco,0.3997,2.0,1.44,media,baja
1058,523,Av. Brasil,0.4065,2.22,0.94,baja,baja
1059,928,Av. Tomas Marsano,0.4111,2.94,1.85,alta,muy_alta
1059,1360,Av. Benavides,0.4679,4.46,1.56,baja,muy_alta
1059,1111,Av. Salaverry,0.5243,3.71,2.06,baja,muy_alta
1059,1199,Av. Universitaria,0.654,4.06,1.48,baja,muy_alta
1059,1110,Av. Aviacion,0.6845,4.67,2.16,media,muy_alta
1059,1342,Av. Angamos,0.7039,5.38,2.19,media,muy_alta
1060,376,Av. Colonial,0.3037,1.78,0.81,alta,media
1060,340,Av. Brasil,0.3066,2.61,1.13,alta,media
1060,49,Av. Larco,0.5031,3.47,1.98,alta,media
1060,1430,Av. 28 de Julio,0.6036,3.44,1.62,media,media
1060,1118,Av. Caminos del Inca,0.6485,3.43,1.89,alta,media
1060,295,Av. Tomas Marsano,0.7119,3.01,1.29,alta,media
1061,674,Av. Arequipa,0.0972,0.83,1.19,alta,media
1061,412,Av. Universitaria,0.1953,2.37,0.74,baja,media
1061,364,Av. El Derby,0.2001,1.71,1.37,baja,media
1061,481,Av. Salaverry,0.2148,2.1,0.69,baja,media
1061,24,Av. Brasil,0.2164,1.99,0.65,baja,media
1061,1155,Av. Tomas Marsano,0.2989,1.56,1.75,alta,media
1062,1469,Av. Colonial,0.33,1.62,0.73,media,baja
1062,1069,Av. Larco,0.5331,3.03,1.86,alta,baja
1062,383,Av. 28 de Julio,0.8307,2.82,1.38,media,baja
1062,343,Av. El Derby,0.936,3.7,1.52,alta,baja
1062,1233,Av. Aviacion,1.1632,3.17,2.65,media,baja
1062,348,Av. Salaverry,1.2777,4.46,2.68,alta,baja
1063,382,Av. Caminos del Inca,0.2914,2.52,0.82,baja,baja
1063,1290,Av. 28 de Julio,0.3029,1.39,1.08,baja,baja
1063,1409,Av. Aviacion,0.7903,3.32,1.51,media,baja
1063,302,Via Expresa,0.8444,2.87,1.83,baja,baja
1063,307,Av. Universitaria,1.492,3.61,2.86,alta,baja
1063,1325,Av. Primavera,1.5696,4.11,2.78,alta,baja
1064,586,Av. Larco,0.1912,1.35,1.29,media,baja
1064,524,Av. Tomas Marsano,0.5574,3.07,1.11,media,baja
1064,1255,Av. Salaverry,0.6477,2.71,1.32,baja,baja
1064,487,Av. 28 de Julio,0.6749,3.0,1.85,baja,baja
1064,1373,Av. Primavera,0.824,2.48,2.11,baja,baja
1064,1054,Av. Aviacion,0.83,2.86,1.36,media,baja
1065,114,Av. La Marina,0.1426,2.02,1.11,alta,baja
1065,242,Av. Larco,0.2089,2.3,1.24,baja,baja
1065,944,Av. Benavides,0.2232,1.19,0.76,alta,baja
1065,922,Av. Primavera,0.5801,2.74,1.31,baja,baja
1065,541,Av. La Encalada,0.7052,3.05,1.95,alta,baja
1065,474,Via Expresa,0.7069,3.29,1.36,media,baja
1066,879,Av. Petit Thouars,0.2091,2.94,0.99,baja,muy_alta
1066,274,Av. Arequipa,0.3858,3.59,1.83,baja,muy_alta
1066,1364,Via Expresa,0.5279,3.14,1.16,media,muy_alta
1066,612,Av. Angamos,0.6214,3.97,1.49,media,muy_alta
1066,1026,Av. Salaverry,0.73,3.79,1.79,media,muy_alta
1066,1326,Av. Petit Thouars,0.8734,5.16,2.31,baja,muy_alta
1067,984,Av. Caminos del Inca,0.4607,1.78,0.93,baja,media
1067,150,Av. Primavera,0.5194,2.82,1.85,baja,media
1067,1153,Av. Brasil,0.6763,3.28,1.88,alta,media
1067,15,Av. Colonial,0.7303,3.43,1.9,baja,media
1067,816,Av. Angamos,0.7736,2.91,1.73,media,media
1067,1076,Av. Tomas Marsano,0.8049,4.21,1.97,media,media
1068,534,Av. Primavera,0.3692,2.02,0.79,media,baja
1068,995,Av. Arequipa,0.3903,1.39,1.05,alta,baja
1068,655,Av. El Derby,0.4003,1.74,0.87,baja,baja
1068,172,Av. Benavides,0.4223,1.71,0.88,media,baja
1068,243,Av. Santa Cruz,0.4598,2.49,1.61,media,baja
1068,773,Av. Angamos,0.5323,1.79,1.58,media,baja
1069,383,Av. Santa Cruz,0.3865,1.95,1.62,alta,baja
1069,1062,Av. Santa Cruz,0.5331,2.16,1.42,baja,baja
1069,1469,Av. Salaverry,0.6593,2.22,1.64,baja,baja
1069,839,Av. Universitaria,0.9801,2.77,1.74,media,baja
1069,1261,Av. Santa Cruz,1.2106,3.5,1.78,alta,baja
1069,667,Av. 28 de Julio,1.2294,3.54,2.37,media,baja
1070,1113,Av. Javier Prado,0.0839,2.05,1.2,alta,media
1070,1445,Av. Larco,0.1938,1.73,1.35,baja,media
1070,852,Av. Javier Prado,0.3754,1.85,1.43,baja,media
1070,509,Av. Primavera,0.4255,2.67,1.24,media,media
1070,575,Av. Salaverry,0.5159,2.8,1.71,media,media
1070,931,Av. Arequipa,0.5702,3.31,2.04,baja,media
1071,201,Av. Colonial,0.2851,2.53,1.21,media,media
1071,949,Av. Javier Prado,0.4172,2.09,0.91,alta,media
1071,653,Av. La Marina,0.4319,2.8,1.78,baja,media
1071,434,Av. Benavides,0.5352,2.59,1.59,alta,media
1071,1101,Av. 28 de Julio,0.5884,3.07,1.45,baja,media
1071,132,Av. Arequipa,0.6652,2.87,1.89,media,media
1072,1282,Av. Santa Cruz,1.0861,3.63,2.45,baja,media
1072,62,Av. Benavides,1.1834,4.53,2.61,media,media
1072,1020,Av. El Derby,1.215,4.79,2.22,baja,media
1072,69,Av. Primavera,1.253,5.32,2.34,media,media
1072,1277,Av. La Encalada,1.2723,3.9,2.89,alta,media
1072,401,Av. Colonial,1.2934,5.9,1.9,alta,media
1073,702,Av. La Encalada,0.0206,1.49,1.19,baja,muy_alta
1073,1029,Av. Primavera,0.1708,1.83,0.51,baja,muy_alta
1073,574,Av. Tomas Marsano,0.209,2.57,1.01,media,muy_alta
1073,677,Av. Aviacion,0.2115,2.17,1.7,baja,muy_alta
1073,993,Av. Salaverry,0.3039,3.0,1.76,media,muy_alta
1073,637,Av. Brasil,0.3741,2.7,1.56,baja,muy_alta
1074,331,Av. Larco,0.1376,2.07,0.85,media,baja
1074,981,Av. Tomas Marsano,0.5545,2.77,1.34,alta,baja
1074,934,Av. Petit Thouars,0.5665,2.58,1.77,media,baja
1074,515,Av. Aviacion,0.6767,2.86,1.47,media,baja
1074,1052,Av. Tomas Marsano,0.9571,3.99,1.71,alta,baja
1074,332,Av. Santa Cruz,1.3735,3.23,2.18,baja,baja
1075,608,Av. Santa Cruz,0.1165,0.88,0.46,alta,baja
1075,973,Av. 28 de Julio,0.4088,1.81,1.17,baja,baja
1075,464,Av. Universitaria,0.4561,1.75,1.87,media,baja
1075,938,Av. Larco,0.9657,3.86,1.92,baja,baja
1075,920,Av. Brasil,0.9731,4.01,2.44,baja,baja
1075,726,Av. Tomas Marsano,1.0614,3.5,2.42,baja,baja
1076,1153,Av. Petit Thouars,0.1286,1.48,0.52,baja,media
1076,589,Av. Angamos,0.2561,1.68,0.7,media,media
1076,370,Av. Universitaria,0.4094,1.87,0.82,alta,media
1076,392,Av. Primavera,0.512,2.72,0.93,media,media
1076,1084,Av. Tomas Marsano,0.5211,2.76,1.29,media,media
1076,1088,Av. Petit Thouars,0.6126,3.19,1.88,alta,media
1077,1264,Av. Colonial,0.1295,2.03,1.15,media,baja
1077,1304,Av. 28 de Julio,0.2558,1.22,1.73,alta,baja
1077,890,Av. Universitaria,0.3409,1.59,1.47,alta,baja
1077,103,Via Expresa,0.3614,2.03,0.85,alta,baja
1077,361,Av. Benavides,0.5192,2.66,1.75,media,baja
1077,965,Av. La Encalada,0.5817,1.83,2.15,media,baja
1078,227,Av. La Encalada,0.087,1.17,0.48,alta,muy_alta
1078,636,Av. Petit Thouars,0.3977,3.33,1.24,baja,muy_alta
1078,832,Av. Benavides,0.4614,3.9,1.12,alta,muy_alta
1078,360,Av. Colonial,0.4824,4.22,1.85,alta,muy_alta
1078,912,Av. Larco,0.5165,3.81,1.4,media,muy_alta
1078,557,Av. Santa Cruz,0.6289,3.87,1.33,alta,muy_alta
1079,1365,Av. Universitaria,0.2286,1.95,1.65,alta,baja
1079,1497,Av. 28 de Julio,0.2456,1.38,0.8,baja,baja
1079,353,Av. Benavides,0.2805,2.01,1.14,media,baja
1079,1018,Av. 28 de Julio,0.4572,2.57,1.74,alta,baja
1079,506,Av. Larco,0.4745,1.97,0.89,baja,baja
1079,537,Via Expresa,0.5029,2.35,1.44,baja,baja
1080,859,Av. Petit Thouars,0.3997,1.48,1.93,alta,baja
1080,848,Av. Brasil,0.4028,2.08,1.72,alta,baja
1080,1435,Av. Benavides,0.6183,3.16,1.75,media,baja
1080,1440,Av. La Marina,0.7237,2.89,1.49,media,baja
1080,468,Av. Aviacion,0.9517,3.54,2.19,alta,baja
1080,648,Av. Santa Cruz,1.0867,2.85,1.72,alta,baja
1081,29,Av. Angamos,0.1466,1.13,0.51,baja,media
1081,873,Av. Larco,0.357,1.58,1.03,baja,media
1081,1206,Av. La Encalada,0.4558,1.84,1.15,media,media
1081,405,Av. La Encalada,0.5541,2.36,1.84,baja,media
1081,1185,Via Expresa,0.5724,3.09,1.7,media,media
1081,1268,Av. Caminos del Inca,0.6133,2.95,1.15,baja,media
1082,248,Av. Javier Prado,0.5612,2.43,1.7,baja,baja
1082,1406,Av. Larco,0.5854,2.51,1.82,baja,baja
1082,1401,Av. Universitaria,0.6441,2.45,1.08,baja,baja
1082,1249,Av. Javier Prado,0.7541,2.96,1.81,media,baja
1082,108,Av. Tomas Marsano,0.8546,3.66,1.8,baja,baja
1082,327,Av. Primavera,0.9152,3.89,1.83,alta,baja
1083,226,Av. La Encalada,0.1608,2.3,1.05,media,baja
1083,599,Av. Arequipa,0.3862,2.45,0.81,baja,baja
1083,882,Av. Aviacion,0.3925,2.72,1.57,alta,baja
1083,541,Av. Arequipa,0.4707,2.39,1.01,baja,baja
1083,1045,Av. Tomas Marsano,0.5242,2.08,1.15,media,baja
1083,294,Av. La Encalada,0.5473,2.99,1.78,media,baja
1084,1088,Av. Aviacion,0.2737,2.04,1.72,alta,media
1084,589,Av. El Derby,0.3119,2.0,1.37,media,media
1084,1461,Av. Universitaria,0.3761,2.33,1.81,media,media
1084,370,Av. Universitaria,0.4532,3.04,1.14,alta,media
1084,392,Av. Tomas Marsano,0.51,2.67,1.25,media,media
1084,1076,Av. Primavera,0.5211,2.54,1.92,media,media
1085,548,Av. Larco,0.252,1.95,1.02,alta,baja
1085,1452,Av. Salaverry,0.3674,1.41,1.46,baja,baja
1085,89,Av. Caminos del Inca,0.5639,2.49,1.47,baja,baja
1085,770,Av. El Derby,0.8579,3.11,1.51,baja,baja
1085,1357,Av. Javier Prado,0.8633,3.33,1.84,media,baja
1085,1104,Av. La Marina,0.93,3.13,2.18,media,baja
1086,1145,Av. Arequipa,0.2692,1.63,1.03,media,baja
1086,266,Av. Universitaria,1.4177,4.73,2.77,media,baja
1086,870,Av. Tomas Marsano,1.8159,4.88,2.7,baja,baja
1086,289,Av. El Derby,1.8435,5.66,2.66,media,baja
1086,556,Av. La Marina,1.8457,5.07,2.86,media,baja
1086,876,Av. El Derby,1.8644,5.27,3.61,alta,baja
1087,276,Av. Larco,0.1549,1.15,0.76,baja,alta
1087,1245,Av. Angamos,0.2702,2.79,1.27,alta,alta
1087,669,Av. Aviacion,0.3396,3.37,1.23,media,alta
1087,615,Av. Larco,0.3688,1.98,1.33,alta,alta
1087,395,Av. Primavera,0.4102,3.31,1.86,alta,alta
1087,293,Av. Salaverry,0.4288,2.82,1.69,baja,alta
1088,1084,Av. Santa Cruz,0.2737,2.67,1.37,baja,media
1088,392,Av. La Encalada,0.3315,1.8,1.59,media,media
1088,370,Av. Universitaria,0.3319,2.96,0.83,alta,media
1088,945,Via Expresa,0.4565,1.92,1.61,media,media
1088,949,Av. Brasil,0.476,1.73,0.94,media,media
1088,589,Av. Caminos del Inca,0.4994,2.85,1.41,alta,media
1089,1091,Av. Universitaria,0.2287,1.52,0.91,alta,media
1089,685,Av. Larco,0.2704,1.63,1.35,media,media
1089,1133,Av. Brasil,0.3911,1.98,1.02,alta,media
1089,797,Via Expresa,0.9025,3.31,1.67,media,media
1089,972,Av. Caminos del Inca,1.0726,3.33,2.07,alta,media
1089,1320,Av. Larco,1.1493,4.1,1.71,baja,media
1090,106,Av. El Derby,0.2437,2.4,0.82,alta,baja
1090,549,Av. La Encalada,0.3356,2.13,1.32,media,baja
1090,437,Av. Javier Prado,0.5475,2.35,2.07,media,baja
1090,173,Av. Tomas Marsano,0.8697,3.46,1.67,baja,baja
1090,451,Av. Brasil,0.9142,3.25,2.03,alta,baja
1090,1168,Av. Arequipa,1.0037,3.57,2.36,media,baja
1091,685,Av. Primavera,0.117,1.16,1.4,media,media
1091,1089,Av. Salaverry,0.2287,1.88,0.69,baja,media
1091,1133,Av. Javier Prado,0.6016,3.03,1.35,baja,media
1091,1320,Av. 28 de Julio,0.9576,3.88,1.56,media,media
1091,688,Av. Petit Thouars,0.9803,3.68,1.69,alta,media
1091,972,Av. Brasil,1.0014,3.49,2.42,media,media
1092,841,Av. Tomas Marsano,0.1791,1.78,0.71,alta,muy_alta
1092,954,Av. Benavides,0.4133,4.31,1.32,media,muy_alta
1092,1242,Av. La Encalada,0.4907,3.53,1.58,alta,muy_alta
1092,544,Av. Petit Thouars,0.5032,4.25,1.51,media,muy_alta
1092,729,Av. Brasil,0.5188,3.6,1.03,baja,muy_alta
1092,1056,Av. Angamos,0.5712,4.51,1.22,baja,muy_alta
1093,1172,Av. Arequipa,0.2187,2.07,1.56,baja,muy_alta
1093,129,Av. Santa Cruz,0.3974,4.13,1.85,baja,muy_alta
1093,898,Av. Brasil,0.6161,4.01,1.9,baja,muy_alta
1093,316,Av. Colonial,0.7096,5.27,1.22,alta,muy_alta
1093,908,Av. La Marina,0.8027,6.3,1.33,alta,muy_alta
1093,893,Av. La Marina,0.8912,4.71,1.45,baja,muy_alta
1094,818,Av. Colonial,0.0217,1.15,0.47,baja,baja
1094,85,Av. Universitaria,0.1056,2.16,1.56,baja,baja
1094,1465,Av. Angamos,0.1443,2.09,1.29,media,baja
1094,452,Av. Angamos,0.3045,1.88,0.99,alta,baja
1094,1179,Av. Arequipa,0.4424,2.36,1.38,baja,baja
1094,631,Av. La Encalada,0.4499,2.74,1.94,alta,baja
1095,203,Av. El Derby,0.4992,2.5,1.93,baja,media
1095,790,Av. Salaverry,0.7851,2.67,1.48,media,media
1095,13,Av. Tomas Marsano,0.8675,3.42,1.42,media,media
1095,915,Av. Aviacion,1.0514,4.41,2.09,media,media
1095,399,Av. Javier Prado,1.1159,4.52,1.78,media,media
1095,79,Av. Angamos,1.2184,5.73,1.79,alta,media
1096,212,Av. Aviacion,0.326,2.02,1.53,baja,media
1096,326,Av. Brasil,0.4459,2.1,0.86,media,media
1096,755,Av. Caminos del Inca,0.5445,3.22,2.01,media,media
1096,845,Av. El Derby,0.6955,3.7,1.24,alta,media
1096,1124,Av. El Derby,0.8243,3.5,1.48,media,media
1096,217,Av. Caminos del Inca,0.8714,3.31,2.15,alta,media
1097,229,Via Expresa,0.3866,1.4,1.2,baja,baja
1097,977,Av. Benavides,0.7772,3.45,1.28,alta,baja
1097,565,Av. Angamos,0.8791,3.28,1.51,baja,baja
1097,1266,Av. Arequipa,0.955,3.76,2.25,baja,baja
1097,505,Av. Santa Cruz,0.9818,3.38,2.51,alta,baja
1097,1378,Via Expresa,1.1004,4.07,1.65,media,baja
1098,363,Av. Aviacion,0.1303,1.16,1.25,alta,baja
1098,1446,Av. La Encalada,0.5035,2.85,0.94,alta,baja
1098,894,Av. La Encalada,0.5171,2.0,1.61,alta,baja
1098,514,Av. Primavera,0.927,3.21,2.22,baja,baja
1098,219,Av. Aviacion,0.9997,4.12,1.61,baja,baja
1098,72,Av. Universitaria,1.045,2.99,1.64,alta,baja
1099,251,Av. La Marina,0.0129,0.61,0.62,baja,baja
1099,511,Av. 28 de Julio,0.1405,1.67,0.74,media,baja
1099,1423,Av. Tomas Marsano,0.2033,1.44,1.1,baja,baja
1099,1179,Av. Tomas Marsano,0.4895,1.77,1.47,media,baja
1099,375,Av. Benavides,0.6078,2.21,2.08,alta,baja
1099,525,Av. El Derby,0.6115,2.85,2.13,baja,baja
1100,84,Av. Salaverry,0.4703,1.77,0.93,baja,baja
1100,323,Av. 28 de Julio,0.6423,2.41,2.1,media,baja
1100,1229,Av. Universitaria,0.671,2.45,1.45,baja,baja
1100,1385,Av. Santa Cruz,0.6801,3.46,1.46,alta,baja
1100,878,Av. La Encalada,0.6846,1.92,1.18,baja,baja
1100,1407,Via Expresa,0.7265,2.92,1.66,media,baja
1101,434,Av. Universitaria,0.0537,1.06,1.29,media,media
1101,1413,Av. Benavides,0.1737,2.47,0.51,baja,media
1101,623,Av. Petit Thouars,0.272,1.38,1.54,baja,media
1101,1071,Av. Caminos del Inca,0.5884,3.53,1.78,baja,media
1101,945,Av. Santa Cruz,0.621,2.06,2.17,media,media
1101,314,Via Expresa,0.6249,3.57,1.06,media,media
1102,1395,Av. Brasil,0.5518,2.98,1.75,baja,baja
1102,1420,Av. El Derby,0.8463,3.07,1.66,media,baja
1102,936,Av. La Encalada,0.9281,3.52,2.49,alta,baja
1102,96,Av. Petit Thouars,0.982,2.86,1.62,media,baja
1102,1431,Av. Angamos,0.9844,3.57,1.81,baja,baja
1102,827,Av. Tomas Marsano,1.0625,3.97,1.81,media,baja
1103,307,Av. Aviacion,0.6289,1.95,1.54,alta,baja
1103,749,Av. Tomas Marsano,0.6566,2.65,2.01,baja,baja
1103,1285,Av. Colonial,0.937,3.65,2.61,media,baja
1103,1435,Av. Javier Prado,1.0952,3.75,2.15,media,baja
1103,1409,Av. Caminos del Inca,1.1522,4.41,1.71,baja,baja
1103,953,Av. Aviacion,1.2552,4.03,2.21,media,baja
1104,89,Av. Javier Prado,0.3663,1.49,1.01,baja,baja
1104,59,Av. 28 de Julio,0.423,2.3,1.06,alta,baja
1104,1471,Av. El Derby,0.4246,1.52,0.93,baja,baja
1104,1357,Av. Caminos del Inca,0.6816,3.22,1.67,baja,baja
1104,548,Av. Javier Prado,0.7181,2.82,2.3,alta,baja
1104,1014,Av. Angamos,0.7767,3.47,1.6,baja,baja
1105,763,Av. Angamos,0.2512,2.16,1.5,baja,baja
1105,955,Av. Larco,0.5463,3.09,1.94,media,baja
1105,877,Av. Petit Thouars,0.5811,1.86,2.17,alta,baja
1105,1391,Av. Caminos del Inca,0.9624,3.63,1.98,media,baja
1105,897,Av. Universitaria,1.2757,4.01,2.47,baja,baja
1105,503,Av. La Encalada,1.4003,4.39,2.9,alta,baja
1106,1252,Av. Petit Thouars,0.3676,2.11,1.38,alta,baja
1106,1167,Av. La Encalada,0.4875,2.55,1.01,baja,baja
1106,581,Av. Benavides,0.4986,3.11,1.57,alta,baja
1106,601,Av. Colonial,0.7566,3.52,2.18,alta,baja
1106,356,Av. Santa Cruz,0.8756,3.1,1.88,alta,baja
1106,804,Av. La Encalada,0.9159,3.23,1.79,baja,baja
1107,357,Av. Benavides,0.2562,2.01,1.65,alta,baja
1107,834,Av. La Encalada,0.5813,2.85,1.04,media,baja
1107,716,Av. Salaverry,0.6206,2.51,1.51,baja,baja
1107,794,Av. Santa Cruz,0.73,3.19,1.46,alta,baja
1107,974,Av. Colonial,0.7426,3.42,1.56,alta,baja
1107,447,Av. Caminos del Inca,0.7804,3.43,2.37,baja,baja
1108,1389,Av. El Derby,0.4202,1.6,1.36,alta,media
1108,278,Av. El Derby,0.4318,2.59,1.07,baja,media
1108,484,Av. La Encalada,0.4439,2.75,1.9,alta,media
1108,643,Av. Tomas Marsano,0.4957,2.19,2.06,alta,media
1108,340,Av. Arequipa,0.7154,3.5,1.84,baja,media
1108,748,Av. Angamos,0.7471,3.08,1.9,baja,media
1109,538,Av. Petit Thouars,0.2182,2.17,0.61,baja,baja
1109,365,Av. Primavera,0.5077,2.04,2.06,media,baja
1109,1151,Av. 28 de Julio,0.5108,2.14,1.76,baja,baja
1109,384,Av. Larco,0.7182,2.92,2.01,media,baja
1109,739,Av. Colonial,0.8103,3.59,2.42,alta,baja
1109,689,Av. Primavera,0.865,3.07,2.22,media,baja
1110,1111,Av. Brasil,0.1771,1.32,0.8,baja,media
1110,180,Av. Salaverry,0.2505,2.1,1.64,baja,media
1110,152,Av. Benavides,0.2946,1.62,1.73,alta,media
1110,1212,Av. El Derby,0.3162,2.45,1.36,baja,media
1110,632,Av. Larco,0.3426,1.52,1.75,media,media
1110,1143,Av. La Marina,0.4923,2.55,1.5,alta,media
1111,1110,Av. Aviacion,0.1771,1.58,0.53,alta,media
1111,180,Av. La Encalada,0.4143,2.8,1.92,media,media
1111,152,Av. Caminos del Inca,0.4636,3.18,1.98,media,media
1111,632,Av. Arequipa,0.4817,2.93,2.07,baja,media
1111,1212,Av. Primavera,0.4933,2.67,1.97,media,media
1111,1059,Av. Benavides,0.5243,2.37,1.26,alta,media
1112,1396,Av. La Encalada,0.5623,3.21,1.6,baja,media
1112,1182,Av. Colonial,0.6063,2.41,2.1,alta,media
1112,1230,Av. Angamos,0.712,3.06,1.73,media,media
1112,972,Av. Universitaria,0.7622,3.65,2.4,media,media
1112,495,Av. El Derby,0.8001,2.74,2.26,alta,media
1112,1003,Av. Arequipa,1.1638,4.86,2.39,alta,media
1113,1070,Av. Santa Cruz,0.0839,1.2,1.44,baja,media
1113,1445,Via Expresa,0.2577,2.56,1.81,media,media
1113,509,Av. Larco,0.3574,2.26,1.06,media,media
1113,852,Av. Benavides,0.3848,2.9,1.56,baja,media
1113,575,Av. La Marina,0.487,2.48,1.8,alta,media
1113,931,Av. 28 de Julio,0.6237,2.81,1.93,baja,media
1114,476,Av. Aviacion,0.1129,1.79,1.41,media,media
1114,412,Av. Universitaria,0.2026,1.39,1.34,baja,media
1114,1474,Av. Aviacion,0.26,1.74,1.53,baja,media
1114,40,Av. Caminos del Inca,0.2793,2.14,1.65,baja,media
1114,674,Av. Colonial,0.3256,1.58,1.07,alta,media
1114,1061,Av. Santa Cruz,0.3291,2.37,1.39,alta,media
1115,1158,Av. Larco,0.4397,2.48,1.13,alta,media
1115,1124,Av. La Encalada,0.673,3.61,1.9,baja,media
1115,755,Av. Javier Prado,0.9379,3.71,2.3,media,media
1115,781,Av. Universitaria,1.05,4.49,2.16,media,media
1115,750,Av. Javier Prado,1.0703,4.57,2.47,media,media
1115,279,Av. Santa Cruz,1.0885,3.58,2.01,media,media
1116,732,Av. Caminos del Inca,0.3107,2.42,1.3,media,media
1116,592,Av. Angamos,0.4484,2.91,1.91,alta,media
1116,613,Via Expresa,0.5148,2.51,1.61,baja,media
1116,1012,Av. Primavera,0.5257,2.57,2.05,alta,media
1116,497,Av. Salaverry,0.5747,2.32,1.05,media,media
1116,754,Av. Santa Cruz,0.6143,2.98,1.43,baja,media
1117,193,Av. Tomas Marsano,0.0791,1.01,1.07,baja,media
1117,659,Av. La Marina,0.1431,1.12,0.73,alta,media
1117,262,Av. Colonial,0.2541,2.71,1.46,media,media
1117,663,Av. Angamos,0.2658,2.32,1.06,media,media
1117,1386,Av. La Encalada,0.3086,1.64,1.62,media,media
1117,396,Av. Larco,0.4067,2.1,1.4,media,media
1118,49,Av. Tomas Marsano,0.2157,1.44,0.64,media,media
1118,295,Av. Colonial,0.2532,1.38,1.44,media,media
1118,376,Av. La Marina,0.367,2.7,1.2,baja,media
1118,1060,Av. La Encalada,0.6485,2.98,1.77,media,media
1118,1430,Av. Caminos del Inca,0.6768,3.19,2.16,media,media
1118,1335,Av. Benavides,0.7012,3.17,1.31,alta,media
1119,887,Av. Petit Thouars,0.2539,2.63,1.68,media,media
1119,1262,Av. El Derby,0.3856,2.13,1.96,media,media
1119,1193,Via Expresa,0.6506,3.31,1.89,alta,media
1119,473,Av. Javier Prado,0.7055,3.03,2.06,alta,media
1119,566,Av. Santa Cruz,0.8724,4.23,1.46,media,media
1119,1050,Av. La Marina,0.9921,3.44,2.51,media,media
1120,585,Av. 28 de Julio,0.1617,2.12,0.54,baja,baja
1120,318,Av. El Derby,0.2777,1.18,1.2,baja,baja
1120,743,Av. Colonial,0.3415,1.95,0.76,baja,baja
1120,660,Av. Brasil,0.5753,3.05,1.45,alta,baja
1120,1202,Av. Brasil,0.6632,2.05,1.65,alta,baja
1120,32,Av. Primavera,0.7342,2.62,1.91,alta,baja
1121,1385,Av. La Marina,0.2694,1.55,1.35,alta,baja
1121,823,Av. 28 de Julio,0.4816,2.14,1.94,baja,baja
1121,188,Av. La Marina,0.6605,2.77,1.23,alta,baja
1121,562,Av. Arequipa,0.6644,3.21,1.22,baja,baja
1121,878,Av. Primavera,0.8761,3.64,1.37,media,baja
1121,1100,Av. Tomas Marsano,0.9241,3.56,2.44,baja,baja
1122,228,Av. Petit Thouars,0.063,1.17,1.0,alta,media
1122,374,Av. Benavides,0.2875,2.41,0.66,alta,media
1122,679,Av. Larco,0.3049,2.1,1.84,alta,media
1122,964,Av. Primavera,0.3958,2.07,1.87,media,media
1122,1322,Via Expresa,0.398,2.87,1.43,alta,media
1122,924,Av. Santa Cruz,0.4646,2.18,1.01,media,media
1123,963,Av. Santa Cruz,0.1359,2.14,0.88,baja,baja
1123,414,Av. Colonial,0.2903,1.71,0.69,media,baja
1123,1435,Av. La Marina,1.1363,3.75,2.85,alta,baja
1123,848,Via Expresa,1.2817,4.44,2.85,alta,baja
1123,1433,Av. Petit Thouars,1.3879,3.85,2.69,alta,baja
1123,859,Av. Petit Thouars,1.5293,3.83,3.31,media,baja
1124,755,Av. Universitaria,0.4134,2.65,0.82,media,media
1124,212,Av. Aviacion,0.5659,3.55,1.19,alta,media
1124,1115,Av. La Marina,0.673,3.37,1.75,baja,media
1124,326,Av. 28 de Julio,0.7988,3.1,1.68,alta,media
1124,1096,Av. La Encalada,0.8243,3.91,1.86,alta,media
1124,781,Via Expresa,0.874,3.37,1.86,media,media
1125,1277,Av. Primavera,0.7342,3.41,1.97,baja,baja
1125,1279,Av. El Derby,0.9242,3.97,2.4,alta,baja
1125,159,Av. Arequipa,1.0295,3.14,1.88,media,baja
1125,647,Av. Angamos,1.2567,4.06,2.75,media,baja
1125,1188,Av. Javier Prado,1.2775,4.65,2.79,media,baja
1125,1354,Av. Arequipa,1.2978,4.29,1.97,alta,baja
1126,561,Av. Benavides,0.1062,1.86,1.46,baja,alta
1126,78,Av. Larco,0.1735,1.88,1.43,media,alta
1126,1473,Av. 28 de Julio,0.7661,4.31,1.24,baja,alta
1126,793,Av. Santa Cruz,0.9343,4.15,2.05,baja,alta
1126,1486,Av. Primavera,0.9398,4.17,2.61,media,alta
1126,847,Av. Benavides,1.2893,6.05,2.27,baja,alta
1127,163,Av. Tomas Marsano,0.3195,2.08,0.93,media,media
1127,381,Av. Caminos del Inca,0.3635,1.65,1.72,alta,media
1127,256,Av. El Derby,0.5161,2.3,1.92,alta,media
1127,1450,Av. Benavides,0.5319,3.17,1.65,alta,media
1127,1441,Av. Javier Prado,0.6308,3.07,1.74,media,media
1127,355,Av. Aviacion,0.6865,3.39,1.32,media,media
1128,1164,Av. Petit Thouars,0.4073,2.52,1.51,alta,baja
1128,883,Av. Primavera,0.4123,2.82,1.49,baja,baja
1128,66,Av. Benavides,0.4635,2.83,1.44,alta,baja
1128,419,Av. Petit Thouars,0.4883,1.65,1.67,baja,baja
1128,301,Av. Primavera,0.5023,2.25,1.31,media,baja
1128,997,Av. El Derby,0.677,2.54,1.72,media,baja
1129,1493,Av. El Derby,0.11,1.46,0.84,media,baja
1129,457,Av. Colonial,0.1992,1.13,0.84,media,baja
1129,1018,Av. Santa Cruz,0.341,1.62,1.9,alta,baja
1129,353,Av. La Marina,0.573,2.8,1.28,media,baja
1129,537,Av. 28 de Julio,0.6122,2.45,1.83,media,baja
1129,1365,Av. Petit Thouars,0.6486,2.14,1.1,baja,baja
1130,901,Av. La Marina,0.0825,1.78,1.46,media,alta
1130,729,Av. Aviacion,0.2703,2.66,1.59,media,alta
1130,1056,Av. Tomas Marsano,0.3197,2.76,1.22,media,alta
1130,769,Av. Javier Prado,0.3351,3.05,1.44,alta,alta
1130,397,Av. Angamos,0.3993,3.48,1.19,media,alta
1130,695,Av. Colonial,0.4436,2.9,1.91,alta,alta
1131,344,Av. La Encalada,0.3581,1.37,1.84,baja,baja
1131,1496,Av. Santa Cruz,0.3947,2.77,0.83,alta,baja
1131,534,Av. El Derby,0.7265,3.2,1.46,alta,baja
1131,655,Av. Petit Thouars,0.7759,2.34,1.72,alta,baja
1131,484,Av. La Encalada,0.8099,2.53,1.46,media,baja
1131,995,Av. Javier Prado,0.9924,3.81,1.56,alta,baja
1132,784,Av. Colonial,0.3563,2.62,0.85,alta,media
1132,1480,Av. La Encalada,0.5144,2.18,1.26,baja,media
1132,1230,Av. Aviacion,0.543,2.73,1.68,alta,media
1132,182,Av. Petit Thouars,0.5504,3.32,1.15,baja,media
1132,1396,Av. Santa Cruz,0.6992,3.23,1.31,alta,media
1132,688,Av. Primavera,0.8434,3.35,2.08,baja,media
1133,1089,Av. Brasil,0.3911,2.73,1.44,alta,media
1133,1091,Av. Brasil,0.6016,1.99,1.83,media,media
1133,797,Av. Caminos del Inca,0.6544,2.58,1.17,media,media
1133,685,Av. Primavera,0.6612,3.38,1.85,media,media
1133,215,Av. Caminos del Inca,1.1343,3.94,2.55,baja,media
1133,1320,Via Expresa,1.3933,5.0,2.62,media,media
1134,1022,Av. Aviacion,0.1387,1.19,1.24,baja,baja
1134,1149,Av. La Marina,0.1505,1.47,1.05,baja,baja
1134,913,Av. Javier Prado,0.7913,2.98,2.03,media,baja
1134,214,Av. Angamos,0.867,2.61,1.96,baja,baja
1134,213,Av. Universitaria,0.9309,3.47,2.38,baja,baja
1134,894,Av. Petit Thouars,0.9711,3.94,1.54,media,baja
1135,277,Av. Caminos del Inca,0.2665,2.08,1.67,media,baja
1135,1414,Av. Primavera,0.3998,1.85,1.42,alta,baja
1135,746,Av. La Marina,0.4505,1.98,1.27,baja,baja
1135,1464,Av. Angamos,0.6411,1.9,1.46,baja,baja
1135,639,Av. Javier Prado,0.6906,3.09,2.09,baja,baja
1135,726,Via Expresa,0.9838,3.51,1.83,alta,baja
1136,1392,Av. Brasil,0.1235,1.9,1.61,alta,media
1136,607,Av. Tomas Marsano,0.1543,1.96,1.03,alta,media
1136,415,Av. La Marina,0.1563,1.35,1.43,media,media
1136,45,Av. Colonial,0.4381,2.21,0.88,media,media
1136,1287,Av. El Derby,0.4746,1.91,1.95,media,media
1136,162,Av. Tomas Marsano,0.5376,3.02,0.95,media,media
1137,93,Via Expresa,0.7501,3.4,1.85,media,baja
1137,1036,Av. Arequipa,0.8103,3.32,1.88,media,baja
1137,545,Av. La Encalada,0.9821,3.51,2.01,alta,baja
1137,237,Av. Colonial,1.2303,3.29,2.05,baja,baja
1137,373,Av. Petit Thouars,1.2311,3.6,2.76,alta,baja
1137,339,Av. Brasil,1.2999,4.33,1.93,media,baja
1138,391,Av. La Marina,0.1825,1.13,0.67,media,baja
1138,1162,Av. Angamos,0.2113,1.57,1.64,media,baja
1138,1219,Av. El Derby,0.2357,2.52,1.57,media,baja
1138,1286,Av. El Derby,0.287,2.01,1.02,baja,baja
1138,1408,Av. Angamos,0.3129,2.66,1.85,baja,baja
1138,404,Av. Caminos del Inca,0.3347,1.81,0.91,baja,baja
1139,895,Av. Santa Cruz,0.4608,3.68,1.21,baja,alta
1139,1410,Av. Javier Prado,0.5648,3.61,1.04,media,alta
1139,555,Av. Salaverry,0.5665,3.95,1.32,media,alta
1139,1034,Av. Colonial,0.5789,4.04,1.41,baja,alta
1139,407,Av. Benavides,0.6035,3.59,1.55,alta,alta
1139,634,Av. Petit Thouars,0.616,3.95,1.9,alta,alta
1140,177,Av. Tomas Marsano,0.21,1.99,0.68,alta,media
1140,821,Av. Caminos del Inca,0.2518,1.65,1.45,media,media
1140,1260,Av. El Derby,0.2687,1.58,1.29,alta,media
1140,1499,Av. Primavera,0.3075,2.55,1.84,alta,media
1140,696,Av. La Encalada,0.3324,1.69,1.49,baja,media
1140,413,Av. Aviacion,0.4017,2.92,1.14,media,media
1141,530,Via Expresa,0.2073,1.77,0.76,alta,baja
1141,16,Av. Caminos del Inca,0.6491,2.64,1.86,alta,baja
1141,46,Av. Tomas Marsano,1.0567,3.35,2.18,alta,baja
1141,125,Av. Aviacion,1.0885,3.62,2.2,baja,baja
1141,1438,Av. Colonial,1.159,3.3,1.97,media,baja
1141,208,Av. Santa Cruz,1.2069,4.47,1.76,alta,baja
1142,335,Av. Benavides,0.0201,1.93,0.76,baja,baja
1142,1222,Via Expresa,0.1729,0.92,1.23,alta,baja
1142,18,Av. Petit Thouars,0.2242,2.48,1.06,baja,baja
1142,1009,Av. Universitaria,0.3152,1.91,1.33,media,baja
1142,1487,Av. Primavera,0.3503,2.2,1.61,baja,baja
1142,700,Av. El Derby,0.3701,2.68,1.52,media,baja
1143,616,Av. Benavides,0.193,2.22,0.65,alta,muy_alta
1143,379,Av. Petit Thouars,0.2244,1.98,0.69,baja,muy_alta
1143,1212,Av. Petit Thouars,0.4115,2.43,0.94,alta,muy_alta
1143,1110,Av. Petit Thouars,0.4923,3.43,1.55,alta,muy_alta
1143,152,Av. Benavides,0.5221,4.55,1.87,baja,muy_alta
1143,180,Av. 28 de Julio,0.5362,3.08,1.7,media,muy_alta
1144,1216,Av. Caminos del Inca,0.4194,2.5,1.91,media,baja
1144,1384,Av. Aviacion,0.7808,2.06,1.35,baja,baja
1144,1350,Av. Tomas Marsano,0.8093,2.39,1.34,alta,baja
1144,1170,Av. 28 de Julio,1.0819,3.5,2.69,alta,baja
1144,1232,Av. Aviacion,1.3306,3.83,2.57,baja,baja
1144,817,Av. Arequipa,1.4438,4.88,2.55,alta,baja
1145,1086,Av. La Encalada,0.2692,2.51,0.63,baja,baja
1145,266,Av. Aviacion,1.4259,3.91,2.9,media,baja
1145,1314,Av. Tomas Marsano,1.6098,3.74,2.28,alta,baja
1145,289,Av. Universitaria,1.6129,4.81,3.14,media,baja
1145,876,Av. Primavera,1.6927,5.76,3.51,media,baja
1145,828,Av. Aviacion,1.6954,4.5,2.54,alta,baja
1146,1032,Av. Santa Cruz,0.142,2.16,0.64,alta,baja
1146,681,Av. Santa Cruz,0.4772,1.68,1.48,alta,baja
1146,200,Av. Salaverry,0.8223,2.55,1.46,alta,baja
1146,458,Av. El Derby,0.8277,3.34,1.54,baja,baja
1146,1265,Av. 28 de Julio,1.0015,3.9,2.34,alta,baja
1146,403,Av. Angamos,1.0291,3.2,2.44,baja,baja
1147,1054,Av. Salaverry,0.3126,1.91,0.79,media,baja
1147,812,Av. Santa Cruz,0.3432,2.04,0.8,baja,baja
1147,1373,Av. La Encalada,0.4121,2.76,0.8,baja,baja
1147,524,Av. Aviacion,0.5839,3.25,1.19,media,baja
1147,1255,Av. Universitaria,0.6456,2.22,1.57,baja,baja
1147,916,Av. Angamos,0.8298,3.48,1.73,baja,baja
1148,1013,Av. El Derby,0.1748,1.29,1.58,media,alta
1148,387,Av. Larco,0.3087,2.89,1.06,alta,alta
1148,1476,Av. Angamos,0.3155,2.55,1.8,alta,alta
1148,1157,Av. Colonial,0.428,2.32,1.33,alta,alta
1148,858,Av. Tomas Marsano,0.4339,3.01,1.05,alta,alta
1148,485,Av. Angamos,0.4589,2.42,1.73,media,alta
1149,1022,Av. Arequipa,0.1422,1.61,1.51,alta,baja
1149,1134,Av. Benavides,0.1505,1.66,0.61,alta,baja
1149,913,Av. Universitaria,0.6804,2.31,1.49,alta,baja
1149,213,Av. Aviacion,0.8025,2.67,1.99,media,baja
1149,894,Av. Benavides,0.9364,3.09,2.27,baja,baja
1149,214,Av. Colonial,0.9534,3.5,2.13,alta,baja
1150,1006,Av. La Marina,0.2604,1.14,1.41,baja,baja
1150,475,Av. Javier Prado,0.4397,1.92,0.91,media,baja
1150,916,Av. Arequipa,0.5826,1.78,1.25,alta,baja
1150,1177,Av. La Encalada,0.8005,2.23,2.26,baja,baja
1150,1027,Av. Angamos,0.8051,2.47,1.79,baja,baja
1150,529,Av. Arequipa,0.8964,3.55,2.1,baja,baja
1151,538,Av. Tomas Marsano,0.3748,1.83,0.78,baja,baja
1151,776,Av. Primavera,0.4089,1.97,0.79,media,baja
1151,1109,Av. Colonial,0.5108,2.16,1.89,media,baja
1151,689,Av. Tomas Marsano,0.6093,2.63,1.81,alta,baja
1151,962,Av. La Marina,0.6346,2.74,1.09,alta,baja
1151,365,Av. Larco,0.6894,2.61,1.93,baja,baja
1152,1283,Av. Tomas Marsano,0.4288,3.07,1.02,media,alta
1152,881,Av. La Marina,0.5483,3.78,1.8,baja,alta
1152,935,Av. Javier Prado,0.5666,2.44,1.94,media,alta
1152,1035,Av. Benavides,0.613,3.99,1.38,alta,alta
1152,1044,Av. Universitaria,0.6761,4.21,1.21,media,alta
1152,1292,Av. Colonial,0.6877,3.63,2.13,media,alta
1153,1076,Av. Javier Prado,0.1286,1.54,1.06,media,media
1153,589,Av. Universitaria,0.289,1.86,1.48,baja,media
1153,370,Via Expresa,0.5375,3.05,1.78,media,media
1153,1084,Av. El Derby,0.5911,3.0,2.01,baja,media
1153,15,Av. Colonial,0.6328,2.79,1.76,alta,media
1153,1461,Av. Javier Prado,0.6374,3.59,1.2,alta,media
1154,179,Av. Javier Prado,0.2076,2.27,1.37,alta,baja
1154,768,Av. Colonial,0.304,1.9,0.82,alta,baja
1154,1284,Av. Angamos,0.4451,1.77,1.95,alta,baja
1154,140,Av. Larco,0.5964,2.94,1.47,baja,baja
1154,1325,Av. Colonial,0.7511,2.86,2.06,alta,baja
1154,1331,Av. Arequipa,0.9529,2.64,2.31,media,baja
1155,967,Av. Caminos del Inca,0.2189,2.41,1.52,baja,media
1155,1015,Av. Primavera,0.2896,2.26,1.27,baja,media
1155,1061,Av. Larco,0.2989,2.63,1.09,baja,media
1155,1114,Av. El Derby,0.3326,2.84,1.62,baja,media
1155,412,Av. Aviacion,0.3809,1.53,1.49,baja,media
1155,674,Av. La Encalada,0.3812,2.15,0.98,alta,media
1156,294,Av. Santa Cruz,0.2874,2.22,1.06,media,baja
1156,258,Av. La Encalada,0.3402,1.82,1.7,baja,baja
1156,430,Av. Arequipa,0.3589,2.62,1.39,baja,baja
1156,1381,Av. Santa Cruz,0.4399,1.59,1.78,alta,baja
1156,599,Av. Larco,0.4543,2.41,2.0,media,baja
1156,301,Av. La Encalada,0.4636,2.16,2.02,baja,baja
1157,400,Av. Universitaria,0.0591,0.89,1.11,alta,media
1157,1428,Av. Larco,0.2185,2.44,0.78,alta,media
1157,1374,Av. Brasil,0.2776,2.01,1.38,media,media
1157,1494,Av. La Marina,0.2865,1.44,0.95,media,media
1157,910,Av. Javier Prado,0.3308,2.19,1.45,alta,media
1157,1013,Av. Primavera,0.3567,2.88,1.55,alta,media
1158,1115,Av. Petit Thouars,0.4397,1.98,1.46,media,media
1158,750,Av. La Encalada,0.7573,2.82,2.25,media,media
1158,279,Av. Larco,0.842,3.76,1.44,baja,media
1158,1124,Av. La Marina,1.0804,4.5,2.45,baja,media
1158,755,Av. Javier Prado,1.3763,4.87,2.29,baja,media
1158,781,Av. Arequipa,1.4539,5.37,3.19,alta,media
1159,1294,Av. Petit Thouars,0.0862,1.75,1.21,media,baja
1159,1201,Av. Caminos del Inca,0.2214,2.09,1.33,baja,baja
1159,1189,Av. Arequipa,0.4064,2.77,1.22,baja,baja
1159,389,Av. Aviacion,0.4302,2.38,0.87,alta,baja
1159,116,Av. Javier Prado,0.5361,2.1,1.63,alta,baja
1159,999,Via Expresa,0.8498,3.09,2.29,media,baja
1160,431,Av. Angamos,0.4248,2.62,1.02,media,media
1160,126,Av. Caminos del Inca,0.427,1.79,1.92,baja,media
1160,418,Av. Arequipa,0.511,3.19,1.51,alta,media
1160,792,Av. Petit Thouars,0.5852,3.19,1.58,alta,media
1160,8,Av. Benavides,0.646,2.87,2.03,alta,media
1160,682,Av. La Encalada,0.6857,3.12,1.97,baja,media
1161,349,Av. Javier Prado,0.3261,1.59,1.38,media,media
1161,347,Av. La Encalada,0.4292,1.82,1.63,alta,media
1161,234,Av. Colonial,0.4348,2.31,1.3,alta,media
1161,196,Av. Petit Thouars,0.466,2.61,1.56,alta,media
1161,902,Av. 28 de Julio,0.4728,3.09,1.92,media,media
1161,328,Av. Angamos,0.5505,3.18,1.17,media,media
1162,1286,Av. Caminos del Inca,0.1566,1.73,1.31,alta,media
1162,391,Av. Primavera,0.197,2.43,1.68,alta,media
1162,1138,Av. 28 de Julio,0.2113,1.25,1.56,media,media
1162,1408,Av. Angamos,0.3965,2.75,1.36,baja,media
1162,1219,Av. El Derby,0.4415,3.06,1.98,alta,media
1162,422,Av. Arequipa,0.4823,2.63,1.38,baja,media
1163,346,Av. Santa Cruz,0.4923,2.42,1.76,alta,baja
1163,144,Av. Colonial,0.6747,2.7,1.41,baja,baja
1163,1439,Av. Aviacion,0.7575,2.39,1.58,media,baja
1163,758,Via Expresa,0.8853,2.77,2.53,alta,baja
1163,752,Av. Larco,1.0023,3.85,1.71,baja,baja
1163,1451,Av. La Marina,1.0328,2.88,2.52,media,baja
1164,1128,Av. Primavera,0.4073,1.46,1.33,alta,baja
1164,435,Av. 28 de Julio,0.4524,1.56,1.38,baja,baja
1164,997,Av. Angamos,0.4528,1.65,1.92,alta,baja
1164,531,Av. Benavides,0.5856,2.23,1.5,alta,baja
1164,419,Av. Arequipa,0.7283,2.57,1.73,baja,baja
1164,883,Av. Aviacion,0.7821,2.9,1.58,baja,baja
1165,1382,Av. Salaverry,0.0931,2.03,0.69,alta,baja
1165,358,Av. La Marina,0.3136,2.56,1.47,baja,baja
1165,1330,Av. Angamos,0.7821,3.34,1.47,alta,baja
1165,903,Av. El Derby,0.8371,2.7,1.72,alta,baja
1165,586,Av. Benavides,0.8782,2.97,1.92,media,baja
1165,930,Av. Javier Prado,0.9193,3.15,2.24,baja,baja
1166,1397,Av. Arequipa,0.5911,1.98,1.27,alta,baja
1166,216,Av. Benavides,0.7795,3.8,1.62,baja,baja
1166,300,Av. Aviacion,1.0657,3.13,2.02,alta,baja
1166,1297,Av. El Derby,1.1495,4.06,2.48,alta,baja
1166,1229,Av. Universitaria,1.2692,4.67,2.34,alta,baja
1166,1180,Av. 28 de Julio,1.3099,4.77,2.58,alta,baja
1167,1106,Av. La Encalada,0.4875,2.24,1.11,media,baja
1167,1197,Av. Universitaria,0.5794,1.76,1.36,baja,baja
1167,581,Av. Petit Thouars,0.7034,3.29,1.67,alta,baja
1167,1252,Av. Benavides,0.8112,2.8,1.8,baja,baja
1167,1207,Av. Tomas Marsano,0.8377,2.35,1.85,baja,baja
1167,12,Av. 28 de Julio,0.861,3.18,1.95,alta,baja
1168,451,Av. Javier Prado,0.1137,1.58,0.61,alta,baja
1168,173,Av. Benavides,0.2129,1.9,1.53,baja,baja
1168,437,Av. Petit Thouars,0.5186,1.84,1.2,baja,baja
1168,730,Av. 28 de Julio,0.5412,2.62,1.32,media,baja
1168,106,Av. 28 de Julio,0.8457,3.53,2.38,baja,baja
1168,450,Av. Javier Prado,0.8975,2.85,2.03,media,baja
1169,312,Av. La Marina,0.2646,2.55,1.19,media,media
1169,866,Av. 28 de Julio,0.4385,3.07,1.15,alta,media
1169,156,Av. Angamos,0.6689,2.46,2.07,media,media
1169,686,Av. Santa Cruz,0.6852,2.49,1.83,baja,media
1169,131,Av. Santa Cruz,0.6857,2.91,1.71,alta,media
1169,546,Av. Larco,0.7354,3.4,1.63,alta,media
1170,1232,Av. Aviacion,0.2976,1.72,1.13,baja,baja
1170,736,Av. Benavides,0.8197,3.0,1.9,media,baja
1170,19,Av. Javier Prado,0.8809,3.23,2.01,alta,baja
1170,1216,Av. La Marina,1.0696,3.05,1.76,media,baja
1170,1144,Av. Aviacion,1.0819,4.5,2.49,media,baja
1170,1350,Av. La Encalada,1.3593,4.44,2.92,alta,baja
1171,396,Av. Larco,0.0362,0.85,0.37,media,media
1171,1324,Av. Santa Cruz,0.1356,2.19,1.65,baja,media
1171,262,Av. Santa Cruz,0.2559,2.07,0.73,media,media
1171,459,Av. Primavera,0.2714,1.81,1.61,media,media
1171,1275,Av. Brasil,0.275,2.11,1.09,media,media
1171,306,Av. El Derby,0.336,2.28,1.71,baja,media
1172,1093,Av. La Encalada,0.2187,1.92,1.69,media,muy_alta
1172,129,Av. Salaverry,0.5543,3.99,2.1,baja,muy_alta
1172,316,Av. El Derby,0.6395,3.82,1.39,baja,muy_alta
1172,898,Av. La Encalada,0.7079,5.1,1.27,baja,muy_alta
1172,1057,Av. Larco,0.7759,5.81,2.23,media,muy_alta
1172,299,Av. Salaverry,0.8012,5.13,1.94,alta,muy_alta
1173,297,Av. Santa Cruz,0.3505,1.92,1.89,baja,baja
1173,21,Av. Angamos,0.3703,2.6,1.4,baja,baja
1173,787,Av. Universitaria,0.4809,2.69,1.07,baja,baja
1173,61,Av. Brasil,0.5708,2.98,1.39,baja,baja
1173,1053,Av. Universitaria,0.851,3.06,2.0,media,baja
1173,321,Av. Universitaria,0.8763,2.37,2.51,alta,baja
1174,602,Av. Javier Prado,0.0397,0.9,0.58,baja,muy_alta
1174,979,Av. Colonial,0.1735,2.05,0.92,media,muy_alta
1174,704,Av. 28 de Julio,0.3591,3.72,0.78,baja,muy_alta
1174,143,Av. Caminos del Inca,0.389,3.68,1.4,baja,muy_alta
1174,918,Av. Javier Prado,0.4071,3.63,1.04,baja,muy_alta
1174,123,Av. Salaverry,0.4219,2.76,1.08,alta,muy_alta
1175,283,Via Expresa,0.213,2.43,1.57,alta,baja
1175,1213,Av. Brasil,0.3809,2.68,0.87,baja,baja
1175,1109,Av. Brasil,1.2342,4.44,2.58,baja,baja
1175,689,Av. Primavera,1.2419,3.75,2.08,baja,baja
1175,1459,Via Expresa,1.3046,3.65,2.17,media,baja
1175,223,Av. Arequipa,1.3945,4.87,2.5,baja,baja
1176,361,Av. Benavides,0.7049,2.87,1.78,alta,baja
1176,109,Av. El Derby,0.7423,2.07,2.01,baja,baja
1176,965,Av. Universitaria,0.7515,3.34,2.15,alta,baja
1176,1379,Av. Santa Cruz,0.7627,2.33,2.0,baja,baja
1176,1077,Av. Brasil,0.779,2.94,1.33,media,baja
1176,39,Av. Tomas Marsano,0.7974,2.81,1.32,baja,baja
1177,265,Av. Colonial,0.408,2.92,1.63,media,baja
1177,206,Av. Santa Cruz,0.4311,1.66,1.61,baja,baja
1177,1006,Av. Brasil,0.7267,2.83,2.33,baja,baja
1177,1150,Av. Caminos del Inca,0.8005,3.5,1.95,media,baja
1177,47,Av. Universitaria,0.8177,2.76,1.31,alta,baja
1177,475,Via Expresa,0.8394,3.07,2.28,alta,baja
1178,1276,Av. Arequipa,0.285,2.18,1.52,media,alta
1178,477,Av. Tomas Marsano,0.3653,2.39,1.0,alta,alta
1178,426,Av. 28 de Julio,0.386,3.42,1.09,alta,alta
1178,657,Av. El Derby,0.436,2.28,1.16,baja,alta
1178,738,Av. La Marina,0.6111,4.31,1.94,baja,alta
1178,395,Av. Angamos,0.6436,2.93,1.3,alta,alta
1179,452,Av. 28 de Julio,0.369,2.5,1.25,alta,baja
1179,818,Via Expresa,0.4275,2.74,1.36,media,baja
1179,1094,Av. Javier Prado,0.4424,1.74,1.45,media,baja
1179,540,Av. Caminos del Inca,0.4497,2.23,1.23,alta,baja
1179,85,Av. Caminos del Inca,0.4782,2.44,1.81,baja,baja
1179,375,Av. Javier Prado,0.4787,2.91,1.47,baja,baja
1180,300,Av. La Encalada,0.3133,1.46,1.28,alta,baja
1180,597,Av. Brasil,0.3187,1.19,1.69,media,baja
1180,1407,Av. Brasil,0.4026,1.44,0.81,media,baja
1180,1229,Av. La Marina,0.4868,2.36,1.27,baja,baja
1180,1397,Av. Salaverry,0.7196,3.12,1.46,media,baja
1180,84,Av. Angamos,0.7622,2.73,1.6,media,baja
1181,619,Av. 28 de Julio,0.1797,2.13,1.13,media,alta
1181,1034,Av. Aviacion,0.2422,2.45,0.93,alta,alta
1181,559,Av. Tomas Marsano,0.271,1.99,1.38,alta,alta
1181,1208,Av. Angamos,0.3024,1.92,1.62,media,alta
1181,555,Av. Caminos del Inca,0.3287,2.0,1.55,media,alta
1181,737,Av. La Encalada,0.3376,1.88,0.72,alta,alta
1182,1396,Av. Universitaria,0.3053,2.25,1.51,baja,media
1182,1230,Av. Salaverry,0.4082,2.27,1.27,alta,media
1182,1003,Av. Caminos del Inca,0.5798,3.27,1.12,alta,media
1182,1112,Av. Larco,0.6063,2.75,1.63,alta,media
1182,182,Av. Brasil,0.6324,2.15,1.36,media,media
1182,1480,Av. Angamos,0.7005,2.63,1.69,media,media
1183,416,Av. Larco,0.5425,2.71,1.53,media,baja
1183,1191,Av. Javier Prado,0.6284,2.6,1.94,media,baja
1183,703,Av. Santa Cruz,0.8568,2.73,1.76,alta,baja
1183,791,Av. Tomas Marsano,0.959,4.02,1.68,alta,baja
1183,47,Av. 28 de Julio,1.3661,4.43,3.03,alta,baja
1183,487,Av. Javier Prado,1.6845,4.95,3.36,media,baja
1184,1308,Av. Tomas Marsano,0.1203,2.12,1.21,media,media
1184,119,Av. Universitaria,0.2251,1.68,1.01,baja,media
1184,789,Av. Salaverry,0.2893,2.72,1.44,baja,media
1184,543,Av. Javier Prado,0.33,2.49,1.2,media,media
1184,644,Av. Arequipa,0.3386,2.27,1.34,alta,media
1184,896,Av. Tomas Marsano,0.3823,1.65,0.9,media,media
1185,873,Av. Brasil,0.2218,2.86,1.41,baja,muy_alta
1185,536,Av. Universitaria,0.23,1.58,0.83,media,muy_alta
1185,470,Av. Benavides,0.3601,2.94,0.86,alta,muy_alta
1185,1268,Av. Universitaria,0.397,2.51,1.33,baja,muy_alta
1185,29,Av. Javier Prado,0.442,4.06,1.4,media,muy_alta
1185,1241,Av. Colonial,0.4901,3.17,1.2,alta,muy_alta
1186,652,Av. Salaverry,0.0679,0.89,0.73,baja,baja
1186,892,Av. Salaverry,0.4617,2.35,1.59,media,baja
1186,1372,Av. Javier Prado,0.7955,2.32,2.22,alta,baja
1186,442,Av. Arequipa,0.8653,3.68,2.1,baja,baja
1186,528,Av. Benavides,1.0478,3.05,2.66,media,baja
1186,1404,Av. Colonial,1.1481,3.16,2.7,baja,baja
1187,678,Av. La Marina,0.4904,2.0,1.05,alta,baja
1187,55,Av. La Marina,0.7902,2.99,2.25,media,baja
1187,1042,Av. Tomas Marsano,1.0463,2.68,2.4,media,baja
1187,556,Av. Caminos del Inca,1.086,3.65,1.75,alta,baja
1187,1358,Av. Benavides,1.2159,4.73,1.83,baja,baja
1187,786,Av. Javier Prado,1.2257,4.4,2.92,baja,baja
1188,159,Av. Brasil,0.2579,2.14,1.58,baja,baja
1188,466,Av. Petit Thouars,0.3284,2.03,1.82,baja,baja
1188,92,Via Expresa,0.5584,2.76,1.31,alta,baja
1188,713,Av. Javier Prado,0.6447,2.93,1.17,baja,baja
1188,4,Av. Larco,0.7752,2.79,1.37,baja,baja
1188,1277,Av. Arequipa,0.7957,2.37,1.51,alta,baja
1189,1294,Av. Aviacion,0.3284,2.22,1.52,alta,baja
1189,1201,Av. Aviacion,0.3992,2.63,1.82,media,baja
1189,1159,Via Expresa,0.4064,2.28,1.06,alta,baja
1189,389,Av. Colonial,0.5177,1.78,1.17,media,baja
1189,999,Av. Colonial,0.6106,2.42,1.4,alta,baja
1189,116,Via Expresa,0.813,3.43,1.59,alta,baja
1190,925,Av. Javier Prado,0.1538,1.04,1.26,media,baja
1190,52,Av. Salaverry,0.387,1.93,1.96,baja,baja
1190,923,Av. Larco,0.5202,2.76,1.69,baja,baja
1190,693,Av. Aviacion,0.8092,2.24,2.22,baja,baja
1190,22,Av. Angamos,0.9168,2.97,1.78,media,baja
1190,270,Av. Colonial,0.925,3.96,1.91,baja,baja
1191,791,Via Expresa,0.5782,2.29,1.44,baja,baja
1191,1183,Av. 28 de Julio,0.6284,2.04,1.32,media,baja
1191,47,Av. Universitaria,0.8847,3.43,2.07,baja,baja
1191,703,Av. Santa Cruz,0.9611,3.51,2.32,baja,baja
1191,416,Av. Primavera,1.0471,3.87,1.82,media,baja
1191,487,Av. Salaverry,1.0942,3.29,1.62,baja,baja
1192,333,Av. Petit Thouars,0.1037,2.16,1.3,alta,baja
1192,1472,Av. La Encalada,0.1685,2.31,1.51,alta,baja
1192,483,Av. El Derby,0.1746,1.78,1.4,alta,baja
1192,1402,Av. Caminos del Inca,0.4413,2.57,1.86,media,baja
1192,764,Av. Caminos del Inca,0.4886,2.49,1.35,baja,baja
1192,1494,Av. Universitaria,0.5018,2.16,0.97,media,baja
1193,1050,Av. El Derby,0.4105,2.93,0.85,media,media
1193,1119,Av. Brasil,0.6506,3.15,1.11,alta,media
1193,887,Av. La Encalada,0.7597,2.87,2.02,baja,media
1193,1262,Av. Arequipa,0.8646,3.09,1.37,alta,media
1193,473,Av. La Marina,0.9905,3.13,1.99,baja,media
1193,845,Av. Brasil,1.1774,4.48,2.77,media,media
1194,683,Av. Arequipa,0.2409,1.61,1.64,media,baja
1194,177,Av. Universitaria,0.3089,1.24,1.21,alta,baja
1194,1227,Av. Brasil,0.3232,1.75,0.94,alta,baja
1194,512,Av. Brasil,0.3743,2.06,1.92,alta,baja
1194,1458,Av. Javier Prado,0.464,2.09,1.03,alta,baja
1194,1140,Av. Salaverry,0.501,1.95,1.62,media,baja
1195,22,Av. 28 de Julio,0.1389,1.32,0.81,alta,baja
1195,95,Av. Brasil,0.4702,2.88,1.7,media,baja
1195,925,Av. Javier Prado,0.898,2.75,2.39,alta,baja
1195,630,Av. Santa Cruz,0.9634,2.99,1.99,alta,baja
1195,577,Av. 28 de Julio,1.0043,3.3,2.19,media,baja
1195,1190,Av. Salaverry,1.0153,3.38,2.07,alta,baja
1196,721,Av. Larco,0.1487,1.85,1.19,baja,baja
1196,359,Av. Arequipa,0.1764,1.96,1.11,baja,baja
1196,1371,Av. Benavides,0.2998,1.88,1.48,media,baja
1196,572,Av. Caminos del Inca,0.3914,2.23,1.26,baja,baja
1196,902,Av. El Derby,0.4224,1.76,1.89,media,baja
1196,234,Av. Aviacion,0.4459,2.22,1.48,media,baja
1197,1404,Av. Angamos,0.4927,2.66,1.98,alta,baja
1197,1167,Av. Larco,0.5794,2.9,1.95,baja,baja
1197,442,Av. Arequipa,0.7126,2.38,1.95,baja,baja
1197,12,Av. Universitaria,0.7546,3.46,2.39,alta,baja
1197,56,Av. Primavera,0.7928,3.1,2.25,alta,baja
1197,588,Av. Caminos del Inca,0.8591,3.5,1.45,baja,baja
1198,651,Av. La Encalada,0.1648,1.3,1.61,baja,media
1198,860,Av. 28 de Julio,0.2695,2.46,1.03,media,media
1198,680,Av. Aviacion,0.3435,2.47,1.28,media,media
1198,1490,Av. Javier Prado,0.3477,1.53,1.2,baja,media
1198,378,Av. La Encalada,0.5913,2.83,1.01,media,media
1198,150,Av. Primavera,0.6214,2.51,1.92,alta,media
1199,1360,Av. Universitaria,0.1871,1.59,1.23,baja,media
1199,928,Av. 28 de Julio,0.2436,2.68,1.42,media,media
1199,102,Av. La Encalada,0.3148,2.56,1.05,alta,media
1199,709,Av. Santa Cruz,0.4117,2.57,1.75,media,media
1199,1342,Av. La Marina,0.477,2.68,1.41,alta,media
1199,165,Av. Santa Cruz,0.533,3.33,1.37,baja,media
1200,690,Av. Aviacion,0.2227,1.24,1.41,alta,media
1200,1240,Av. Angamos,0.4834,3.18,1.57,alta,media
1200,929,Av. Salaverry,0.7466,4.15,2.34,media,media
1200,1020,Via Expresa,1.0123,3.27,2.69,alta,media
1200,1492,Av. La Marina,1.0277,4.27,1.89,media,media
1200,79,Av. Tomas Marsano,1.0925,4.0,2.22,baja,media
1201,1294,Av. 28 de Julio,0.1784,1.17,0.97,alta,baja
1201,1159,Av. Aviacion,0.2214,1.31,1.52,media,baja
1201,1189,Av. La Marina,0.3992,1.38,1.19,media,baja
1201,389,Av. Caminos del Inca,0.63,2.26,1.51,baja,baja
1201,116,Av. Javier Prado,0.7547,3.39,2.13,alta,baja
1201,999,Av. Tomas Marsano,0.9618,3.88,2.51,baja,baja
1202,660,Av. Tomas Marsano,0.1625,2.17,1.46,media,baja
1202,318,Av. Angamos,0.4613,2.45,1.7,alta,baja
1202,868,Av. Petit Thouars,0.5232,3.07,2.01,media,baja
1202,585,Av. Larco,0.5253,2.45,1.02,alta,baja
1202,743,Av. Colonial,0.5274,2.94,2.1,alta,baja
1202,1120,Av. Aviacion,0.6632,3.05,1.9,baja,baja
1203,1369,Av. Arequipa,0.5927,2.73,1.7,baja,alta
1203,550,Av. Santa Cruz,0.6586,3.88,1.54,alta,alta
1203,1478,Av. La Encalada,0.7208,3.8,2.32,baja,alta
1203,1394,Av. Benavides,0.7323,4.21,2.15,alta,alta
1203,198,Av. Javier Prado,0.7546,4.86,2.0,baja,alta
1203,983,Av. Larco,0.7635,3.04,1.82,alta,alta
1204,1043,Av. Benavides,0.3366,2.63,1.59,alta,baja
1204,624,Av. 28 de Julio,0.4141,2.21,1.6,media,baja
1204,567,Av. Aviacion,0.4224,1.8,1.95,alta,baja
1204,1460,Av. Benavides,0.6098,2.16,1.1,media,baja
1204,734,Av. Larco,0.6576,2.26,1.3,media,baja
1204,510,Av. Caminos del Inca,0.6597,2.69,2.2,baja,baja
1205,1017,Av. 28 de Julio,0.2909,1.91,1.34,baja,media
1205,139,Av. Primavera,0.2955,1.28,0.85,media,media
1205,76,Av. Colonial,0.3853,2.35,1.94,alta,media
1205,718,Av. Benavides,0.4323,1.74,1.77,baja,media
1205,65,Av. Colonial,0.4427,2.68,1.78,baja,media
1205,724,Av. Tomas Marsano,0.5251,2.81,1.65,alta,media
1206,405,Av. La Marina,0.1338,0.94,0.68,alta,media
1206,635,Av. 28 de Julio,0.2724,1.31,0.79,baja,media
1206,1040,Av. Benavides,0.2848,2.19,1.3,baja,media
1206,1081,Av. Colonial,0.4558,1.85,1.35,media,media
1206,578,Av. Larco,0.458,1.88,0.85,baja,media
1206,29,Av. Aviacion,0.5673,3.04,1.44,alta,media
1207,12,Av. Petit Thouars,0.3311,2.02,1.83,baja,baja
1207,581,Av. Angamos,0.8128,2.57,2.23,alta,baja
1207,1167,Av. Santa Cruz,0.8377,2.37,1.63,baja,baja
1207,1372,Av. Petit Thouars,0.8498,3.06,2.09,media,baja
1207,1197,Av. Brasil,0.9486,3.23,1.86,baja,baja
1207,1106,Av. Santa Cruz,1.0922,4.05,2.72,baja,baja
1208,737,Av. 28 de Julio,0.0382,1.49,0.51,media,alta
1208,559,Av. Benavides,0.1957,1.48,1.6,media,alta
1208,1034,Via Expresa,0.2471,1.75,0.76,media,alta
1208,634,Av. Caminos del Inca,0.2861,2.41,1.52,media,alta
1208,555,Av. Universitaria,0.2871,1.98,0.73,media,alta
1208,1181,Via Expresa,0.3024,1.85,0.77,baja,alta
1209,411,Av. Salaverry,0.0677,1.53,1.54,alta,media
1209,849,Av. Angamos,0.2088,1.15,1.18,alta,media
1209,516,Av. 28 de Julio,0.3273,1.52,1.23,alta,media
1209,479,Av. Arequipa,0.4555,1.85,0.93,media,media
1209,502,Av. Primavera,0.6011,3.65,1.96,baja,media
1209,328,Av. Aviacion,0.6041,3.46,1.24,media,media
1210,1249,Av. La Marina,0.5357,2.77,1.07,alta,baja
1210,1033,Av. Salaverry,0.719,3.14,2.31,baja,baja
1210,1082,Av. Primavera,1.2823,3.81,2.2,baja,baja
1210,1401,Av. Petit Thouars,1.5092,4.24,2.74,alta,baja
1210,260,Av. 28 de Julio,1.5399,4.53,3.2,alta,baja
1210,1406,Av. Tomas Marsano,1.5964,5.35,2.74,media,baja
1211,1495,Av. El Derby,0.2768,2.3,1.59,alta,baja
1211,969,Via Expresa,0.3787,1.94,0.97,baja,baja
1211,1412,Av. Primavera,0.7239,3.39,1.78,baja,baja
1211,673,Av. La Marina,0.8223,2.62,1.98,media,baja
1211,109,Av. La Encalada,0.9652,3.7,1.5,media,baja
1211,1019,Av. Javier Prado,1.0421,3.69,1.82,media,baja
1212,152,Av. 28 de Julio,0.1211,2.51,0.81,alta,muy_alta
1212,180,Av. Universitaria,0.1583,2.04,0.53,baja,muy_alta
1212,632,Av. Salaverry,0.2651,2.79,1.22,alta,muy_alta
1212,1110,Av. El Derby,0.3162,2.77,1.65,alta,muy_alta
1212,616,Av. Javier Prado,0.3232,2.2,0.81,alta,muy_alta
1212,1143,Av. Tomas Marsano,0.4115,2.8,1.67,baja,muy_alta
1213,283,Av. La Encalada,0.1873,2.29,1.05,baja,baja
1213,1175,Av. Petit Thouars,0.3809,1.85,0.79,baja,baja
1213,1109,Av. Benavides,0.9445,2.7,1.67,media,baja
1213,1459,Av. Larco,1.0573,3.6,1.66,media,baja
1213,176,Av. Primavera,1.0926,3.19,2.49,alta,baja
1213,521,Av. Arequipa,1.1066,3.88,2.43,alta,baja
1214,675,Av. Brasil,0.3065,1.3,1.39,media,baja
1214,844,Av. Tomas Marsano,0.3168,1.85,1.64,alta,baja
1214,1238,Av. Santa Cruz,0.3921,1.47,0.82,media,baja
1214,1363,Av. Larco,0.4071,2.47,1.36,alta,baja
1214,1387,Av. Colonial,0.4714,1.79,1.27,baja,baja
1214,523,Av. Salaverry,0.4826,3.06,1.3,baja,baja
1215,42,Av. 28 de Julio,0.2874,1.74,0.86,media,alta
1215,386,Av. La Marina,0.4686,2.95,1.86,media,alta
1215,1475,Av. Tomas Marsano,0.6019,3.34,1.19,baja,alta
1215,1429,Av. Primavera,0.7016,3.98,1.55,media,alta
1215,880,Av. La Encalada,0.7415,3.28,1.37,baja,alta
1215,345,Av. Universitaria,0.7866,4.16,1.51,media,alta
1216,1350,Av. Salaverry,0.4137,1.98,1.77,media,baja
1216,1144,Av. Arequipa,0.4194,2.83,1.9,alta,baja
1216,1384,Av. La Marina,0.4799,2.63,0.9,alta,baja
1216,1170,Via Expresa,1.0696,3.11,2.74,baja,baja
1216,1232,Av. El Derby,1.3592,4.28,2.67,baja,baja
1216,817,Av. Javier Prado,1.4257,4.52,2.83,media,baja
1217,202,Av. Larco,0.5679,2.88,2.04,baja,baja
1217,1488,Av. Santa Cruz,0.5965,2.3,1.83,media,baja
1217,125,Av. Arequipa,0.7891,3.08,1.91,alta,baja
1217,723,Av. Brasil,0.8341,3.34,1.55,alta,baja
1217,1000,Av. 28 de Julio,0.8636,2.7,1.68,media,baja
1217,904,Av. Javier Prado,0.8653,2.58,2.3,baja,baja
1218,987,Av. Arequipa,0.0337,1.64,0.93,media,media
1218,1228,Av. Colonial,0.1749,1.2,1.58,baja,media
1218,439,Av. El Derby,0.2894,2.42,0.95,alta,media
1218,933,Av. La Marina,0.3645,1.55,1.5,baja,media
1218,1380,Via Expresa,0.3786,2.94,1.87,alta,media
1218,966,Av. Angamos,0.4619,2.03,1.52,baja,media
1219,404,Av. La Encalada,0.134,1.24,1.1,baja,baja
1219,1138,Av. Caminos del Inca,0.2357,1.96,1.5,alta,baja
1219,1046,Av. Brasil,0.3016,1.17,0.99,baja,baja
1219,1408,Av. La Marina,0.3044,1.55,0.93,alta,baja
1219,1231,Av. La Marina,0.3098,2.14,1.04,baja,baja
1219,391,Av. Brasil,0.3915,1.71,0.91,alta,baja
1220,650,Av. El Derby,0.6197,2.89,1.97,baja,baja
1220,684,Av. Universitaria,0.7147,2.17,2.29,media,baja
1220,842,Via Expresa,0.8647,2.81,1.45,media,baja
1220,603,Av. Tomas Marsano,0.9172,3.57,1.59,media,baja
1220,311,Av. Universitaria,1.0311,3.42,2.09,media,baja
1220,206,Av. Colonial,1.3073,4.21,2.32,alta,baja
1221,146,Av. Primavera,0.1199,1.88,1.03,media,baja
1221,795,Av. El Derby,0.6979,2.19,2.07,baja,baja
1221,815,Av. La Marina,0.7478,2.84,2.28,media,baja
1221,209,Av. Arequipa,0.8604,3.5,1.59,baja,baja
1221,37,Via Expresa,1.0483,3.67,2.59,baja,baja
1221,927,Av. Benavides,1.3939,5.04,2.18,baja,baja
1222,335,Av. La Encalada,0.1581,1.43,0.91,media,baja
1222,1142,Av. Brasil,0.1729,1.68,1.36,baja,baja
1222,18,Av. Tomas Marsano,0.1859,1.72,1.6,alta,baja
1222,1487,Av. Santa Cruz,0.2748,1.25,1.1,baja,baja
1222,284,Av. Universitaria,0.4222,1.72,1.08,media,baja
1222,67,Av. Arequipa,0.4716,2.49,1.42,media,baja
1223,1455,Av. Javier Prado,0.4757,1.89,1.41,media,baja
1223,708,Av. Aviacion,0.5362,2.93,1.74,baja,baja
1223,617,Av. 28 de Julio,0.5879,3.26,2.16,media,baja
1223,171,Av. Santa Cruz,0.6524,2.27,1.35,baja,baja
1223,351,Av. Salaverry,0.693,3.47,1.4,baja,baja
1223,745,Av. Caminos del Inca,0.7288,3.58,1.19,baja,baja
1224,432,Av. Tomas Marsano,0.7852,3.16,2.42,baja,media
1224,782,Av. Salaverry,0.7933,3.16,2.07,media,media
1224,761,Av. 28 de Julio,0.8051,2.79,1.83,baja,media
1224,220,Av. El Derby,0.8632,3.95,1.84,alta,media
1224,1254,Av. Universitaria,0.9299,3.91,1.83,baja,media
1224,454,Av. Primavera,0.9658,3.28,1.99,media,media
1225,490,Av. Santa Cruz,0.0718,1.34,0.54,baja,baja
1225,1424,Av. Tomas Marsano,0.2179,1.08,1.56,baja,baja
1225,810,Av. Universitaria,0.6348,1.9,1.33,baja,baja
1225,403,Av. 28 de Julio,0.9707,3.1,1.88,baja,baja
1225,1265,Av. Caminos del Inca,1.313,4.36,1.97,media,baja
1225,458,Via Expresa,1.3636,4.36,3.08,alta,baja
1226,563,Av. Javier Prado,0.1381,1.24,1.66,media,media
1226,26,Av. Javier Prado,0.3158,1.83,1.1,alta,media
1226,502,Av. Santa Cruz,0.3495,2.51,1.44,media,media
1226,1441,Av. Javier Prado,0.4148,2.1,1.41,alta,media
1226,968,Av. 28 de Julio,0.4735,2.3,0.93,media,media
1226,355,Av. Brasil,0.4921,3.0,1.32,media,media
1227,683,Av. Universitaria,0.1048,1.01,1.52,baja,baja
1227,1362,Av. Santa Cruz,0.2177,2.48,0.9,alta,baja
1227,1194,Av. Salaverry,0.3232,2.22,1.47,media,baja
1227,177,Av. Javier Prado,0.3667,1.86,1.82,baja,baja
1227,413,Av. Angamos,0.4132,2.89,0.8,baja,baja
1227,696,Av. El Derby,0.4406,1.9,1.16,media,baja
1228,987,Av. Salaverry,0.1487,1.06,1.31,baja,media
1228,1218,Av. Colonial,0.1749,2.27,1.64,baja,media
1228,933,Av. La Encalada,0.1922,1.06,1.63,media,media
1228,1380,Av. 28 de Julio,0.2102,2.17,1.5,alta,media
1228,439,Av. Tomas Marsano,0.4389,1.97,1.63,media,media
1228,1377,Av. Larco,0.4593,1.76,1.55,baja,media
1229,1407,Av. Javier Prado,0.1339,0.91,0.74,baja,baja
1229,84,Av. Petit Thouars,0.4454,2.53,1.22,media,baja
1229,1180,Av. Santa Cruz,0.4868,3.02,1.78,media,baja
1229,597,Av. Benavides,0.5089,2.2,1.11,alta,baja
1229,300,Av. Angamos,0.658,2.58,2.24,alta,baja
1229,1100,Av. Angamos,0.671,2.15,1.62,alta,baja
1230,1396,Av. Caminos del Inca,0.1593,2.38,1.0,baja,media
1230,1182,Av. Aviacion,0.4082,2.1,1.65,alta,media
1230,1132,Av. Larco,0.543,2.59,1.21,alta,media
1230,182,Av. Colonial,0.6311,2.66,1.14,media,media
1230,1480,Av. Brasil,0.6647,3.68,1.96,baja,media
1230,1112,Av. La Encalada,0.712,2.47,1.58,alta,media
1231,523,Av. Primavera,0.127,1.98,1.24,baja,baja
1231,844,Av. Javier Prado,0.295,1.5,1.56,media,baja
1231,404,Av. Larco,0.2968,1.39,0.9,baja,baja
1231,1363,Av. La Marina,0.3057,1.62,1.07,baja,baja
1231,1219,Av. Aviacion,0.3098,1.18,0.88,media,baja
1231,1046,Av. Arequipa,0.3526,2.03,0.91,alta,baja
1232,1170,Av. Colonial,0.2976,2.19,1.11,alta,baja
1232,19,Av. Salaverry,0.6397,2.1,1.47,alta,baja
1232,736,Av. Colonial,0.8961,3.04,2.45,baja,baja
1232,1367,Av. Angamos,1.2265,3.17,2.96,alta,baja
1232,1144,Av. Salaverry,1.3306,3.82,2.91,baja,baja
1232,425,Av. El Derby,1.3536,3.6,3.03,baja,baja
1233,348,Av. Primavera,0.2226,1.23,1.03,media,baja
1233,671,Av. La Encalada,0.2538,2.36,1.5,media,baja
1233,343,Av. Aviacion,0.2556,1.86,1.55,baja,baja
1233,1469,Av. La Marina,0.8534,2.37,1.56,baja,baja
1233,103,Av. Benavides,0.9574,2.89,2.49,alta,baja
1233,186,Av. 28 de Julio,0.9586,3.7,1.5,alta,baja
1234,759,Av. La Encalada,0.2183,1.69,1.02,baja,muy_alta
1234,1421,Av. La Encalada,0.227,1.91,1.71,media,muy_alta
1234,1241,Av. Colonial,0.2537,2.54,1.78,baja,muy_alta
1234,722,Av. Salaverry,0.2753,3.02,0.92,baja,muy_alta
1234,1251,Av. Salaverry,0.2993,3.26,1.79,alta,muy_alta
1234,1268,Av. Arequipa,0.4092,3.74,1.23,baja,muy_alta
1235,919,Av. Tomas Marsano,0.3321,1.99,1.34,baja,baja
1235,706,Av. Petit Thouars,0.3545,2.45,1.48,alta,baja
1235,435,Av. Aviacion,0.7043,3.04,1.46,alta,baja
1235,997,Av. Colonial,0.705,2.77,1.79,baja,baja
1235,1051,Av. Larco,0.7633,3.12,2.2,media,baja
1235,419,Av. La Marina,1.1036,3.47,2.5,baja,baja
1236,1460,Av. El Derby,0.2923,2.09,1.21,alta,baja
1236,1043,Av. Javier Prado,0.3849,1.32,1.61,media,baja
1236,147,Av. Salaverry,0.3975,2.32,1.81,alta,baja
1236,567,Av. Larco,0.6539,2.8,1.57,alta,baja
1236,1204,Av. Primavera,0.6778,2.04,1.85,media,baja
1236,371,Av. Larco,0.7031,3.55,1.48,baja,baja
1237,1027,Av. Benavides,0.3829,1.74,1.39,media,baja
1237,311,Av. Petit Thouars,0.4583,2.07,0.88,alta,baja
1237,842,Av. 28 de Julio,0.8409,3.24,2.49,media,baja
1237,529,Av. Santa Cruz,0.9067,2.97,1.75,baja,baja
1237,684,Av. Santa Cruz,1.046,3.85,2.56,media,baja
1237,1150,Av. Benavides,1.1848,3.58,1.87,alta,baja
1238,1058,Av. El Derby,0.1143,0.83,1.54,alta,baja
1238,1363,Via Expresa,0.174,2.11,1.54,baja,baja
1238,844,Av. Caminos del Inca,0.3428,2.49,1.34,alta,baja
1238,480,Via Expresa,0.3693,1.44,1.35,media,baja
1238,720,Av. El Derby,0.3822,2.76,1.58,media,baja
1238,1214,Av. Larco,0.3921,2.73,0.96,baja,baja
1239,354,Av. Caminos del Inca,0.3843,2.71,1.54,baja,baja
1239,779,Av. Universitaria,0.5346,2.62,1.6,media,baja
1239,73,Av. Angamos,0.7851,3.29,1.8,baja,baja
1239,100,Av. Universitaria,0.8517,3.73,1.78,media,baja
1239,288,Av. Brasil,0.8967,3.94,1.98,media,baja
1239,506,Av. Primavera,0.9004,2.96,2.5,media,baja
1240,1200,Av. Javier Prado,0.4834,2.98,1.97,media,media
1240,690,Av. Larco,0.503,2.73,0.93,baja,media
1240,1020,Av. 28 de Julio,0.6233,2.41,1.3,media,media
1240,1282,Av. 28 de Julio,0.8121,3.95,1.39,media,media
1240,929,Via Expresa,0.9573,3.44,1.56,baja,media
1240,1492,Av. La Marina,0.9684,4.21,1.72,alta,media
1241,722,Av. Javier Prado,0.0262,2.01,1.14,media,media
1241,1268,Av. Santa Cruz,0.1675,2.21,1.17,baja,media
1241,1234,Av. Petit Thouars,0.2537,1.4,1.35,alta,media
1241,759,Av. La Encalada,0.416,2.99,1.66,media,media
1241,1421,Av. Caminos del Inca,0.4644,1.93,1.32,baja,media
1241,1185,Av. Santa Cruz,0.4901,2.13,1.99,media,media
1242,1056,Av. Universitaria,0.2255,1.9,1.61,baja,alta
1242,1092,Av. Petit Thouars,0.4907,2.66,1.78,media,alta
1242,729,Av. Aviacion,0.5277,2.63,1.72,alta,alta
1242,841,Av. La Marina,0.5408,3.3,2.01,baja,alta
1242,1130,Av. Salaverry,0.5409,3.33,1.92,baja,alta
1242,901,Av. 28 de Julio,0.5503,2.8,1.31,alta,alta
1243,115,Av. Larco,0.6195,2.48,1.53,media,alta
1243,801,Av. La Encalada,0.6485,3.32,1.33,media,alta
1243,253,Av. 28 de Julio,0.678,3.2,1.33,alta,alta
1243,570,Av. Colonial,0.7417,4.13,1.58,media,alta
1243,707,Av. Santa Cruz,0.7477,4.09,1.28,media,alta
1243,961,Av. Primavera,0.8349,4.31,2.23,baja,alta
1244,1272,Av. Arequipa,0.2997,2.65,1.83,baja,baja
1244,90,Av. La Marina,0.5291,2.21,1.81,baja,baja
1244,875,Av. Brasil,0.5939,3.15,1.37,baja,baja
1244,97,Av. Primavera,0.6256,3.17,1.41,baja,baja
1244,341,Av. Brasil,0.8224,3.4,1.87,media,baja
1244,1466,Av. Angamos,0.9,3.33,2.02,media,baja
1245,669,Via Expresa,0.1411,1.51,0.82,alta,alta
1245,1087,Av. Salaverry,0.2702,2.46,0.72,media,alta
1245,640,Av. Caminos del Inca,0.2968,2.61,1.46,alta,alta
1245,395,Av. Angamos,0.3239,2.13,1.8,baja,alta
1245,276,Av. Petit Thouars,0.4247,2.01,1.26,media,alta
1245,738,Av. Universitaria,0.4691,2.94,1.07,alta,alta
1246,513,Av. El Derby,0.4137,2.4,1.92,alta,baja
1246,74,Av. Tomas Marsano,0.4369,1.99,1.0,baja,baja
1246,467,Via Expresa,0.4685,2.62,1.76,baja,baja
1246,869,Av. Caminos del Inca,0.5208,2.52,1.94,alta,baja
1246,248,Av. Petit Thouars,0.5723,3.16,1.48,baja,baja
1246,108,Av. Santa Cruz,0.6608,2.4,2.05,baja,baja
1247,503,Av. Caminos del Inca,0.7158,3.31,1.73,baja,baja
1247,897,Av. Universitaria,0.8534,3.47,1.98,media,baja
1247,358,Av. Benavides,0.9064,3.04,2.23,baja,baja
1247,877,Av. La Marina,0.9593,3.94,2.17,media,baja
1247,1255,Av. 28 de Julio,0.975,3.46,1.83,media,baja
1247,1165,Av. La Encalada,0.9806,3.26,2.55,alta,baja
1248,712,Av. Petit Thouars,0.3644,2.23,1.11,baja,alta
1248,230,Av. El Derby,0.4111,3.07,1.65,media,alta
1248,793,Av. Aviacion,0.6144,4.17,1.78,media,alta
1248,274,Av. Petit Thouars,0.7387,4.8,2.11,media,alta
1248,184,Av. Arequipa,0.7803,3.94,1.57,baja,alta
1248,633,Av. Aviacion,0.8069,5.21,1.42,alta,alta
1249,1210,Av. La Encalada,0.5357,3.08,1.31,baja,baja
1249,1033,Av. 28 de Julio,0.6085,2.48,1.86,baja,baja
1249,1082,Av. Benavides,0.7541,2.57,1.48,media,baja
1249,1401,Av. Javier Prado,1.012,3.49,1.63,baja,baja
1249,1406,Av. Angamos,1.0798,3.26,2.61,alta,baja
1249,248,Av. Primavera,1.2036,3.84,2.5,media,baja
1250,885,Av. 28 de Julio,0.2735,2.15,0.79,media,media
1250,81,Av. Universitaria,0.3009,2.68,1.61,baja,media
1250,978,Via Expresa,0.3206,1.57,1.11,alta,media
1250,507,Av. Angamos,0.3236,1.99,0.74,alta,media
1250,918,Av. Santa Cruz,0.3391,1.67,1.54,media,media
1250,315,Av. Larco,0.4611,2.76,1.73,alta,media
1251,1421,Av. Javier Prado,0.1624,2.26,1.35,baja,media
1251,759,Av. La Marina,0.2646,2.01,0.67,alta,media
1251,1234,Av. Santa Cruz,0.2993,2.13,1.77,media,media
1251,123,Av. Arequipa,0.3014,2.41,1.16,alta,media
1251,1295,Av. Universitaria,0.3421,2.55,0.79,media,media
1251,704,Via Expresa,0.3469,1.72,1.35,media,media
1252,1106,Av. Brasil,0.3676,2.81,1.91,alta,baja
1252,601,Av. Arequipa,0.5263,2.64,1.14,media,baja
1252,804,Av. Arequipa,0.7502,2.73,1.71,media,baja
1252,356,Av. Brasil,0.769,2.99,1.25,media,baja
1252,581,Av. Salaverry,0.775,3.09,1.84,media,baja
1252,1167,Av. Tomas Marsano,0.8112,2.75,2.11,alta,baja
1253,1459,Av. La Marina,0.2843,1.44,1.01,media,baja
1253,176,Av. Salaverry,0.3583,1.85,0.9,baja,baja
1253,521,Av. Caminos del Inca,0.6543,3.07,2.25,baja,baja
1253,25,Av. Brasil,0.755,3.19,1.46,alta,baja
1253,741,Av. Santa Cruz,0.8709,2.65,1.43,media,baja
1253,417,Av. Arequipa,1.0016,3.88,2.56,baja,baja
1254,454,Av. Benavides,0.7076,3.94,1.73,baja,media
1254,1224,Av. 28 de Julio,0.9299,4.42,1.84,baja,media
1254,761,Av. Caminos del Inca,1.1565,4.1,2.62,baja,media
1254,432,Av. Benavides,1.3233,5.35,2.12,media,media
1254,378,Av. Tomas Marsano,1.4027,5.46,2.04,alta,media
1254,782,Av. Colonial,1.5418,4.87,3.29,baja,media
1255,524,Av. La Encalada,0.2769,1.72,1.68,baja,baja
1255,1054,Av. La Encalada,0.3737,2.75,1.48,baja,baja
1255,897,Av. Petit Thouars,0.5349,2.23,1.1,media,baja
1255,1373,Av. Colonial,0.5734,2.37,1.25,alta,baja
1255,812,Av. Caminos del Inca,0.584,3.05,1.36,media,baja
1255,1147,Av. Angamos,0.6456,2.94,2.27,media,baja
1256,694,Av. Benavides,0.2737,1.77,0.83,media,baja
1256,1357,Av. Angamos,0.4545,2.68,1.92,media,baja
1256,1471,Av. Brasil,0.6556,2.48,1.97,alta,baja
1256,23,Av. Caminos del Inca,0.7112,2.46,1.83,alta,baja
1256,298,Av. Arequipa,0.7303,3.38,2.0,baja,baja
1256,532,Av. Tomas Marsano,0.8398,2.48,2.38,alta,baja
1257,1477,Av. Brasil,0.4375,2.27,1.76,baja,baja
1257,23,Av. La Encalada,0.7435,2.56,1.47,baja,baja
1257,488,Av. El Derby,0.9676,3.38,2.53,alta,baja
1257,694,Av. Santa Cruz,0.9749,2.98,1.7,media,baja
1257,1256,Av. La Encalada,1.0956,4.49,2.64,alta,baja
1257,1471,Av. 28 de Julio,1.2231,4.35,2.96,media,baja
1258,1266,Via Expresa,0.2561,1.05,1.06,alta,baja
1258,1425,Av. Arequipa,0.346,1.95,0.8,alta,baja
1258,505,Av. Santa Cruz,0.4225,2.59,1.27,media,baja
1258,1378,Av. Javier Prado,0.476,2.47,1.37,baja,baja
1258,977,Av. Colonial,0.4951,2.44,1.11,media,baja
1258,229,Av. Angamos,0.8997,2.89,2.58,baja,baja
1259,968,Av. Universitaria,0.1319,1.31,0.69,baja,media
1259,1450,Av. La Marina,0.3613,2.46,1.09,alta,media
1259,1441,Av. Arequipa,0.4361,3.16,1.33,baja,media
1259,479,Av. Larco,0.4898,3.25,0.89,media,media
1259,381,Av. Tomas Marsano,0.5091,3.06,1.02,alta,media
1259,1226,Av. La Marina,0.5213,3.06,1.23,media,media
1260,1499,Av. Aviacion,0.1283,1.73,1.33,media,media
1260,821,Av. La Encalada,0.2126,2.63,1.43,media,media
1260,196,Av. Aviacion,0.2646,1.18,1.54,media,media
1260,1140,Av. Angamos,0.2687,1.52,1.18,baja,media
1260,349,Av. Brasil,0.3167,1.81,1.44,media,media
1260,676,Av. Tomas Marsano,0.3387,2.08,1.07,baja,media
1261,839,Av. Tomas Marsano,0.3326,1.79,1.39,media,baja
1261,383,Av. Primavera,0.8474,3.07,1.37,baja,baja
1261,174,Av. 28 de Julio,0.8633,2.97,2.02,media,baja
1261,1467,Av. Benavides,0.9683,2.83,1.88,baja,baja
1261,341,Av. Aviacion,1.1648,3.21,1.9,media,baja
1261,1069,Av. Angamos,1.2106,4.23,2.64,baja,baja
1262,1119,Av. Primavera,0.3856,2.38,1.76,media,media
1262,887,Av. Caminos del Inca,0.6093,2.79,1.15,baja,media
1262,566,Av. Angamos,0.7307,3.61,2.07,alta,media
1262,1193,Av. 28 de Julio,0.8646,3.8,1.69,baja,media
1262,715,Av. Larco,0.9618,3.72,2.3,baja,media
1262,473,Av. La Marina,1.0689,3.68,2.67,baja,media
1263,175,Av. Angamos,0.189,2.08,1.67,media,baja
1263,443,Av. Aviacion,0.7858,3.43,1.74,alta,baja
1263,366,Av. 28 de Julio,0.8676,3.14,1.59,media,baja
1263,625,Av. 28 de Julio,0.9849,3.02,2.25,media,baja
1263,72,Av. Aviacion,0.9983,3.96,2.52,media,baja
1263,514,Av. Caminos del Inca,1.1866,3.86,1.77,alta,baja
1264,1304,Av. Brasil,0.127,0.79,0.51,baja,baja
1264,1077,Av. La Marina,0.1295,1.25,0.52,baja,baja
1264,890,Av. Petit Thouars,0.2406,1.78,1.02,media,baja
1264,103,Av. Tomas Marsano,0.2603,2.43,1.31,baja,baja
1264,361,Av. Santa Cruz,0.4765,2.25,1.84,baja,baja
1264,965,Av. Tomas Marsano,0.5304,2.71,1.42,baja,baja
1265,458,Via Expresa,0.1824,1.15,1.6,baja,baja
1265,810,Av. Javier Prado,0.6854,2.44,1.78,alta,baja
1265,403,Av. La Encalada,0.695,2.26,1.14,alta,baja
1265,1032,Av. El Derby,0.88,3.3,2.39,media,baja
1265,1146,Av. Larco,1.0015,2.92,2.61,alta,baja
1265,1424,Av. Santa Cruz,1.1337,3.45,1.72,alta,baja
1266,977,Av. Colonial,0.2448,1.16,1.13,baja,baja
1266,1258,Av. Benavides,0.2561,1.26,1.07,media,baja
1266,505,Via Expresa,0.3969,1.73,1.78,media,baja
1266,1378,Av. Brasil,0.5125,2.15,1.14,baja,baja
1266,1425,Av. Caminos del Inca,0.5377,1.73,1.15,alta,baja
1266,229,Av. Arequipa,0.6897,2.8,2.27,alta,baja
1267,5,Av. Caminos del Inca,0.4937,3.86,1.14,baja,alta
1267,656,Av. Petit Thouars,0.543,3.52,1.43,alta,alta
1267,898,Av. Santa Cruz,0.8197,4.3,1.83,media,alta
1267,705,Av. Larco,0.9366,5.49,2.09,media,alta
1267,1437,Av. La Encalada,1.0301,5.11,1.55,alta,alta
1267,1093,Av. Colonial,1.1191,5.45,2.19,alta,alta
1268,722,Av. Santa Cruz,0.1577,2.12,1.55,alta,media
1268,1241,Av. Caminos del Inca,0.1675,2.22,1.01,media,media
1268,1185,Av. Primavera,0.397,1.82,1.8,alta,media
1268,1234,Via Expresa,0.4092,2.35,1.96,baja,media
1268,873,Av. Aviacion,0.4444,2.96,1.77,alta,media
1268,29,Av. Universitaria,0.561,2.44,1.37,alta,media
1269,305,Av. El Derby,0.3837,2.58,1.07,alta,baja
1269,241,Av. Primavera,0.4923,1.5,1.62,alta,baja
1269,1313,Av. La Marina,0.5033,2.56,0.92,baja,baja
1269,372,Av. Primavera,0.5162,2.65,1.28,alta,baja
1269,48,Av. Tomas Marsano,0.5699,2.66,2.09,media,baja
1269,614,Av. Angamos,0.5772,3.18,1.76,media,baja
1270,1356,Av. Caminos del Inca,0.3862,1.44,1.85,media,baja
1270,547,Av. Arequipa,0.533,2.36,1.94,alta,baja
1270,116,Av. 28 de Julio,0.7359,2.82,2.36,alta,baja
1270,500,Av. La Encalada,0.8337,3.46,2.45,alta,baja
1270,1159,Av. La Encalada,0.875,3.64,2.11,media,baja
1270,1294,Av. Santa Cruz,0.9574,3.34,1.91,alta,baja
1271,282,Av. Aviacion,0.4385,2.5,1.31,baja,baja
1271,1303,Av. Larco,0.5911,2.43,1.58,baja,baja
1271,775,Av. Tomas Marsano,0.5971,1.98,1.81,baja,baja
1271,1280,Av. Caminos del Inca,0.6115,2.25,1.03,alta,baja
1271,321,Av. Caminos del Inca,0.6832,3.46,1.67,alta,baja
1271,233,Av. El Derby,0.6838,2.23,1.21,baja,baja
1272,1244,Av. Primavera,0.2997,1.93,1.17,media,baja
1272,875,Av. Arequipa,0.3556,2.18,1.56,baja,baja
1272,1466,Av. Salaverry,0.6046,2.75,1.18,alta,baja
1272,90,Av. Larco,0.6618,2.05,1.84,media,baja
1272,427,Av. Benavides,0.7373,2.94,1.47,baja,baja
1272,1353,Av. Salaverry,0.757,2.47,1.98,alta,baja
1273,975,Av. Arequipa,0.2968,2.78,1.21,baja,alta
1273,441,Av. Angamos,0.5365,3.83,1.28,media,alta
1273,829,Av. Caminos del Inca,0.5687,2.55,2.16,alta,alta
1273,86,Av. Santa Cruz,0.6031,2.93,1.24,baja,alta
1273,1283,Av. 28 de Julio,0.9061,3.53,1.53,alta,alta
1273,1044,Av. Tomas Marsano,0.9208,3.75,2.52,media,alta
1274,872,Av. 28 de Julio,0.1662,2.02,0.57,media,media
1274,854,Av. 28 de Julio,0.2223,2.46,0.6,baja,media
1274,727,Av. Arequipa,0.2802,2.55,1.76,alta,media
1274,268,Av. 28 de Julio,0.3497,2.27,0.82,media,media
1274,709,Via Expresa,0.3613,2.62,1.68,alta,media
1274,165,Av. Benavides,0.4709,2.49,1.22,alta,media
1275,1171,Av. 28 de Julio,0.275,2.38,0.88,baja,media
1275,396,Av. Colonial,0.3058,2.75,0.72,baja,media
1275,262,Av. Benavides,0.3402,1.84,1.29,alta,media
1275,1324,Av. 28 de Julio,0.3655,2.75,1.34,media,media
1275,658,Av. Primavera,0.407,2.28,1.42,media,media
1275,814,Av. Tomas Marsano,0.4286,3.09,0.92,baja,media
1276,657,Av. Aviacion,0.1533,1.26,0.64,media,alta
1276,1178,Av. Tomas Marsano,0.285,3.05,1.76,media,alta
1276,756,Av. Santa Cruz,0.5736,3.46,1.14,media,alta
1276,71,Av. Petit Thouars,0.5835,3.85,1.27,baja,alta
1276,477,Av. Salaverry,0.6275,4.24,1.22,baja,alta
1276,426,Av. La Encalada,0.649,3.39,2.08,alta,alta
1277,159,Av. Petit Thouars,0.6443,3.44,1.95,alta,baja
1277,69,Av. Caminos del Inca,0.721,2.32,1.67,media,baja
1277,1125,Av. El Derby,0.7342,3.71,2.15,baja,baja
1277,1188,Av. Aviacion,0.7957,2.36,1.92,alta,baja
1277,401,Av. Petit Thouars,0.8046,2.84,1.68,baja,baja
1277,62,Av. Javier Prado,1.0425,3.98,2.47,media,baja
1278,978,Av. Benavides,0.2765,1.31,0.83,baja,media
1278,896,Via Expresa,0.2849,1.81,0.7,alta,media
1278,865,Av. Angamos,0.3219,2.07,1.08,media,media
1278,460,Av. Colonial,0.3718,1.96,1.9,media,media
1278,885,Av. Salaverry,0.4187,2.29,1.93,alta,media
1278,119,Av. Colonial,0.4451,1.84,1.75,baja,media
1279,1354,Av. La Marina,0.4114,2.67,1.71,alta,baja
1279,1422,Av. Petit Thouars,0.4927,1.69,1.93,baja,baja
1279,647,Av. Colonial,0.6475,2.53,1.64,media,baja
1279,453,Av. La Marina,0.6731,2.34,1.26,alta,baja
1279,1418,Av. Colonial,0.9079,3.76,1.78,media,baja
1279,1125,Av. La Marina,0.9242,3.67,1.53,baja,baja
1280,1303,Av. Salaverry,0.1227,0.81,1.35,baja,baja
1280,63,Av. El Derby,0.1624,0.99,1.18,media,baja
1280,1368,Av. Javier Prado,0.2978,2.59,1.62,baja,baja
1280,775,Av. Brasil,0.3115,1.81,0.97,alta,baja
1280,1405,Av. Angamos,0.5283,1.95,1.79,baja,baja
1280,1271,Av. Colonial,0.6115,2.38,1.55,baja,baja
1281,931,Av. Santa Cruz,0.2275,2.29,1.5,media,media
1281,1289,Av. Arequipa,0.3414,2.62,1.58,alta,media
1281,852,Av. Arequipa,0.5531,2.29,1.59,media,media
1281,1351,Av. Colonial,0.6008,3.49,2.04,alta,media
1281,575,Av. Larco,0.7255,3.03,1.94,media,media
1281,1070,Av. Benavides,0.7966,3.62,1.49,alta,media
1282,1020,Av. La Marina,0.2223,1.25,1.43,media,media
1282,691,Av. Salaverry,0.7352,2.9,1.62,alta,media
1282,62,Av. Primavera,0.7986,3.38,2.43,media,media
1282,1240,Av. La Marina,0.8121,3.39,1.6,baja,media
1282,1492,Av. El Derby,0.8799,3.1,2.46,baja,media
1282,1072,Av. Aviacion,1.0861,4.71,2.55,alta,media
1283,86,Av. El Derby,0.3548,2.42,0.89,baja,media
1283,1152,Av. Angamos,0.4288,3.17,0.85,media,media
1283,1044,Av. Santa Cruz,0.6697,2.63,1.61,baja,media
1283,1035,Av. Caminos del Inca,0.7468,3.62,1.43,baja,media
1283,829,Av. Arequipa,0.8372,3.76,2.17,alta,media
1283,1273,Av. Angamos,0.9061,3.52,2.31,alta,media
1284,140,Av. Benavides,0.1778,2.02,1.24,alta,baja
1284,1154,Av. Benavides,0.4451,2.12,1.85,alta,baja
1284,1331,Av. Petit Thouars,0.5102,1.77,1.7,alta,baja
1284,1325,Av. Colonial,0.5951,3.12,1.73,baja,baja
1284,768,Av. Colonial,0.6045,1.98,1.14,baja,baja
1284,179,Av. El Derby,0.6238,1.96,2.21,alta,baja
1285,953,Via Expresa,0.3703,1.83,1.77,alta,baja
1285,749,Av. Caminos del Inca,0.3808,2.23,1.12,baja,baja
1285,307,Av. Caminos del Inca,0.5659,2.95,1.1,alta,baja
1285,1468,Av. Tomas Marsano,0.7353,2.4,1.28,media,baja
1285,1327,Av. 28 de Julio,0.7605,3.33,1.26,baja,baja
1285,906,Av. Universitaria,0.7939,2.66,2.31,alta,baja
1286,1162,Av. Angamos,0.1566,1.24,0.88,media,baja
1286,1138,Av. Primavera,0.287,1.19,1.42,baja,baja
1286,1408,Av. Salaverry,0.3187,1.61,1.72,baja,baja
1286,422,Av. Javier Prado,0.334,1.89,1.14,media,baja
1286,391,Av. Aviacion,0.345,2.77,0.8,alta,baja
1286,1319,Av. El Derby,0.3988,2.72,1.07,alta,baja
1287,607,Av. Colonial,0.37,1.98,0.96,alta,media
1287,415,Av. Brasil,0.4369,1.66,1.34,alta,media
1287,1136,Av. Aviacion,0.4746,3.26,1.12,media,media
1287,15,Av. Petit Thouars,0.4883,3.25,1.81,baja,media
1287,1392,Av. Colonial,0.5131,2.07,1.81,media,media
1287,1076,Av. Primavera,0.7725,2.84,1.24,baja,media
1288,1352,Av. Petit Thouars,0.1766,2.06,0.54,alta,baja
1288,303,Av. Brasil,0.5023,2.19,1.04,baja,baja
1288,655,Av. Larco,0.8413,3.46,1.97,alta,baja
1288,1496,Av. La Marina,0.8436,3.22,1.82,alta,baja
1288,254,Av. Caminos del Inca,1.0161,3.56,2.55,alta,baja
1288,440,Av. Brasil,1.021,3.39,2.09,baja,baja
1289,1281,Av. El Derby,0.3414,2.86,1.37,baja,media
1289,931,Av. El Derby,0.5177,1.89,1.05,media,media
1289,852,Av. La Encalada,0.742,3.05,2.18,alta,media
1289,575,Av. Benavides,0.8304,3.65,1.78,baja,media
1289,399,Via Expresa,0.9328,3.78,2.57,media,media
1289,1351,Av. La Encalada,0.9354,4.21,1.79,media,media
1290,382,Av. Brasil,0.2139,2.03,1.29,baja,baja
1290,1063,Av. Javier Prado,0.3029,1.72,1.45,baja,baja
1290,302,Av. Santa Cruz,0.7593,3.29,1.73,baja,baja
1290,1409,Av. Larco,1.0495,3.88,1.86,media,baja
1290,1325,Av. La Encalada,1.4955,4.33,2.81,baja,baja
1290,837,Av. La Encalada,1.5153,4.08,3.04,media,baja
1291,1319,Av. Primavera,0.2073,2.12,0.99,media,media
1291,38,Av. Benavides,0.3693,1.66,0.77,media,media
1291,884,Av. Primavera,0.3904,2.63,1.61,alta,media
1291,422,Av. La Encalada,0.3938,2.66,1.96,baja,media
1291,988,Av. Aviacion,0.4486,1.79,1.32,alta,media
1291,1286,Av. Aviacion,0.6048,2.05,1.04,alta,media
1292,281,Av. Petit Thouars,0.1471,2.23,0.86,baja,alta
1292,1035,Av. Benavides,0.2897,1.97,0.93,alta,alta
1292,527,Av. Arequipa,0.401,2.3,1.72,media,alta
1292,935,Via Expresa,0.5455,2.91,1.74,media,alta
1292,1152,Av. Benavides,0.6877,4.52,1.93,alta,alta
1292,1445,Av. Santa Cruz,0.7545,4.23,2.2,media,alta
1293,428,Via Expresa,0.5627,2.04,1.01,media,baja
1293,130,Av. Caminos del Inca,0.6376,2.48,1.77,media,baja
1293,1470,Av. Colonial,0.7031,2.55,1.27,media,baja
1293,804,Av. Javier Prado,0.8001,2.63,2.04,baja,baja
1293,601,Av. El Derby,0.8632,3.65,2.52,media,baja
1293,264,Av. Salaverry,0.8644,2.51,1.77,baja,baja
1294,1159,Av. Primavera,0.0862,1.2,0.95,baja,baja
1294,1201,Av. Universitaria,0.1784,0.9,1.07,alta,baja
1294,1189,Av. Brasil,0.3284,1.92,1.57,baja,baja
1294,389,Av. Brasil,0.4517,2.47,1.44,media,baja
1294,116,Av. 28 de Julio,0.6055,2.49,1.74,baja,baja
1294,999,Av. Caminos del Inca,0.8162,2.95,1.55,media,baja
1295,507,Av. Javier Prado,0.2367,2.47,1.11,media,media
1295,704,Av. 28 de Julio,0.2629,2.07,1.45,alta,media
1295,1251,Av. Salaverry,0.3421,2.13,1.32,baja,media
1295,918,Av. Benavides,0.3948,2.82,0.87,alta,media
1295,1234,Av. Brasil,0.4291,2.83,1.65,alta,media
1295,123,Av. Javier Prado,0.4473,3.04,1.8,baja,media
1296,571,Av. Brasil,0.2538,2.02,0.61,baja,muy_alta
1296,1001,Av. El Derby,0.3036,2.76,0.96,alta,muy_alta
1296,198,Av. El Derby,0.4022,4.05,1.05,media,muy_alta
1296,293,Av. Petit Thouars,0.4042,3.17,1.83,media,muy_alta
1296,1394,Av. Petit Thouars,0.4155,3.5,1.69,baja,muy_alta
1296,983,Av. Benavides,0.4157,3.37,1.05,baja,muy_alta
1297,300,Av. El Derby,0.5855,1.88,1.59,media,baja
1297,1397,Av. Benavides,0.813,3.02,1.64,media,baja
1297,1180,Av. Primavera,0.8521,2.31,1.85,alta,baja
1297,597,Av. Arequipa,1.1404,4.32,2.25,media,baja
1297,1166,Via Expresa,1.1495,4.05,2.74,media,baja
1297,1407,Av. Arequipa,1.212,4.37,2.66,baja,baja
1298,172,Av. La Encalada,0.4623,2.08,1.17,baja,baja
1298,995,Av. Universitaria,0.5181,2.38,1.74,media,baja
1298,534,Av. Arequipa,0.8566,2.69,1.66,media,baja
1298,243,Av. Arequipa,0.8712,2.65,2.54,baja,baja
1298,1068,Av. El Derby,0.8809,3.89,2.0,alta,baja
1298,344,Av. Tomas Marsano,0.942,2.57,2.05,media,baja
1299,324,Av. Petit Thouars,0.411,2.2,1.27,alta,baja
1299,594,Av. La Encalada,0.446,1.89,1.03,baja,baja
1299,1483,Av. Caminos del Inca,0.7466,2.78,1.32,media,baja
1299,1049,Av. Aviacion,0.8818,2.4,2.35,media,baja
1299,64,Av. Angamos,0.8943,2.71,1.44,baja,baja
1299,649,Av. Brasil,0.9101,2.86,2.15,media,baja
1300,822,Av. Caminos del Inca,0.2715,2.07,0.89,baja,baja
1300,638,Av. Larco,0.429,2.04,0.9,media,baja
1300,214,Av. Angamos,0.8274,3.7,1.92,baja,baja
1300,280,Av. Salaverry,0.9138,2.78,1.59,media,baja
1300,1431,Av. Tomas Marsano,1.4229,4.94,2.69,baja,baja
1300,1102,Via Expresa,1.5722,5.14,3.21,baja,baja
1301,847,Av. El Derby,0.585,3.47,2.06,media,alta
1301,1039,Av. Petit Thouars,0.6132,4.23,1.28,media,alta
1301,1486,Via Expresa,0.8711,3.95,2.02,media,alta
1301,1463,Av. Arequipa,0.9728,4.87,1.52,alta,alta
1301,836,Av. Aviacion,1.0072,4.89,2.4,alta,alta
1301,286,Av. Angamos,1.0611,5.72,2.51,baja,alta
1302,489,Via Expresa,0.3862,2.69,1.06,alta,baja
1302,796,Av. Arequipa,0.5339,3.05,1.56,alta,baja
1302,675,Av. Angamos,0.5938,2.39,1.3,media,baja
1302,1008,Av. Angamos,0.6885,2.99,1.28,baja,baja
1302,744,Av. Javier Prado,0.829,3.2,2.43,baja,baja
1302,1214,Av. Angamos,0.8782,2.71,1.42,baja,baja
1303,1280,Av. Brasil,0.1227,1.84,0.73,alta,baja
1303,63,Av. Aviacion,0.143,1.14,1.07,media,baja
1303,1368,Av. Javier Prado,0.3738,2.2,1.02,alta,baja
1303,775,Av. Petit Thouars,0.4199,1.55,1.69,media,baja
1303,1271,Av. Javier Prado,0.5911,2.98,1.71,alta,baja
1303,1405,Av. El Derby,0.6401,3.32,2.09,media,baja
1304,1264,Av. Universitaria,0.127,1.1,1.62,baja,baja
1304,890,Av. Arequipa,0.1993,1.7,0.83,media,baja
1304,103,Av. Petit Thouars,0.2132,2.18,1.72,media,baja
1304,1077,Av. Caminos del Inca,0.2558,1.6,1.02,alta,baja
1304,361,Av. Petit Thouars,0.4499,2.78,1.25,baja,baja
1304,965,Av. Colonial,0.4911,2.14,1.48,alta,baja
1305,1317,Av. Primavera,0.235,2.22,0.73,media,baja
1305,3,Av. Primavera,0.3818,1.97,1.63,baja,baja
1305,7,Via Expresa,0.4043,2.41,0.94,baja,baja
1305,718,Av. 28 de Julio,0.4969,2.29,1.99,baja,baja
1305,719,Av. Aviacion,0.5964,2.16,1.15,baja,baja
1305,642,Av. Santa Cruz,0.6092,3.04,1.45,media,baja
1306,194,Av. Angamos,0.0784,0.99,0.83,alta,baja
1306,375,Av. Angamos,0.2852,2.1,1.75,media,baja
1306,748,Av. 28 de Julio,0.4539,1.6,1.58,alta,baja
1306,540,Av. Benavides,0.4761,2.97,1.77,alta,baja
1306,508,Av. Salaverry,0.508,1.84,2.08,media,baja
1306,160,Av. Primavera,0.512,2.44,1.62,baja,baja
1307,1374,Av. Benavides,0.1446,1.31,0.93,baja,media
1307,783,Av. 28 de Julio,0.1477,2.09,0.59,alta,media
1307,1157,Av. Benavides,0.4108,2.77,1.23,media,media
1307,1013,Av. Aviacion,0.4319,3.03,1.01,alta,media
1307,400,Av. El Derby,0.4355,2.62,1.66,media,media
1307,858,Av. Colonial,0.5224,3.37,1.24,baja,media
1308,1184,Av. Colonial,0.1203,1.47,1.22,baja,media
1308,543,Av. Angamos,0.289,2.14,0.77,baja,media
1308,644,Av. Petit Thouars,0.3087,2.47,0.85,alta,media
1308,119,Av. Salaverry,0.3242,1.44,1.33,alta,media
1308,789,Av. Larco,0.4,2.89,0.86,alta,media
1308,1375,Av. La Marina,0.431,1.8,1.75,alta,media
1309,155,Av. Colonial,0.2393,1.48,1.54,alta,baja
1309,66,Av. Tomas Marsano,0.2752,2.09,0.92,alta,baja
1309,436,Av. Caminos del Inca,0.3177,1.7,1.07,baja,baja
1309,301,Av. Primavera,0.399,2.65,1.13,alta,baja
1309,883,Av. Universitaria,0.424,1.68,1.36,media,baja
1309,294,Av. Brasil,0.5377,1.73,1.32,media,baja
1310,239,Av. Salaverry,0.3146,1.98,0.96,baja,media
1310,420,Av. Javier Prado,0.483,3.13,1.26,media,media
1310,1413,Av. Brasil,0.5967,2.73,1.34,alta,media
1310,504,Av. El Derby,0.651,2.59,1.09,alta,media
1310,132,Av. 28 de Julio,0.6537,2.81,1.55,baja,media
1310,10,Via Expresa,0.6655,3.1,1.85,baja,media
1311,504,Av. Colonial,0.1992,2.08,0.98,baja,media
1311,178,Av. Petit Thouars,0.3209,2.0,1.04,baja,media
1311,1275,Av. Benavides,0.708,3.74,1.98,alta,media
1311,658,Av. Primavera,0.7092,3.34,1.2,baja,media
1311,459,Av. Aviacion,0.7404,3.0,1.86,alta,media
1311,1310,Av. Universitaria,0.7411,3.44,1.54,media,media
1312,838,Av. Caminos del Inca,0.3829,1.44,1.84,media,baja
1312,542,Av. Salaverry,0.3913,1.88,1.2,alta,baja
1312,980,Av. Salaverry,0.5792,2.96,1.02,media,baja
1312,778,Av. Brasil,0.6451,2.21,1.22,media,baja
1312,499,Av. Arequipa,0.8075,2.43,2.05,alta,baja
1312,1321,Av. Javier Prado,0.8929,3.53,2.05,alta,baja
1313,614,Av. Larco,0.3381,2.38,0.84,media,baja
1313,373,Av. La Marina,0.4266,2.15,1.27,baja,baja
1313,305,Av. Aviacion,0.4646,2.31,1.32,baja,baja
1313,1269,Av. Aviacion,0.5033,1.69,0.94,baja,baja
1313,813,Av. Salaverry,0.5666,3.01,2.07,media,baja
1313,922,Av. La Encalada,0.5889,2.25,1.08,media,baja
1314,699,Av. Javier Prado,0.7638,3.34,2.16,baja,baja
1314,1489,Av. Tomas Marsano,0.787,2.64,1.5,baja,baja
1314,990,Av. El Derby,0.9484,2.72,1.8,alta,baja
1314,371,Av. Aviacion,0.9588,2.96,2.38,media,baja
1314,828,Av. La Encalada,1.0521,3.69,2.05,baja,baja
1314,876,Av. Benavides,1.0535,3.14,2.34,alta,baja
1315,1355,Av. Arequipa,0.3158,2.85,1.63,media,muy_alta
1315,646,Av. Salaverry,0.4231,3.52,1.25,media,muy_alta
1315,105,Av. Benavides,0.4556,3.11,1.53,alta,muy_alta
1315,255,Av. La Encalada,0.6696,4.98,2.06,alta,muy_alta
1315,1426,Via Expresa,0.7129,5.66,2.0,alta,muy_alta
1315,448,Av. Universitaria,0.7236,5.43,2.26,baja,muy_alta
1316,914,Av. Arequipa,0.0883,0.71,0.55,alta,baja
1316,423,Av. La Marina,0.1865,1.05,1.17,baja,baja
1316,1411,Av. La Marina,0.2903,1.41,1.2,media,baja
1316,628,Av. Tomas Marsano,0.2983,1.77,1.59,baja,baja
1316,241,Av. Primavera,0.364,2.13,1.08,media,baja
1316,48,Via Expresa,0.4351,1.61,1.39,media,baja
1317,1305,Av. Angamos,0.235,1.95,1.5,baja,media
1317,642,Av. La Encalada,0.3919,2.55,1.84,media,media
1317,7,Av. Aviacion,0.414,2.89,1.03,baja,media
1317,718,Av. Salaverry,0.4825,2.77,1.68,baja,media
1317,3,Av. Petit Thouars,0.5885,2.52,1.35,alta,media
1317,1017,Av. Angamos,0.6418,2.87,1.64,alta,media
1318,707,Via Expresa,0.3606,1.96,1.49,media,alta
1318,886,Av. La Encalada,0.5235,2.87,1.07,baja,alta
1318,961,Av. Tomas Marsano,0.6362,3.55,1.41,baja,alta
1318,135,Av. Caminos del Inca,0.7003,3.88,1.4,baja,alta
1318,1418,Av. La Encalada,0.8052,3.37,2.11,media,alta
1318,1009,Av. Petit Thouars,0.8101,3.62,1.49,alta,alta
1319,1291,Av. Benavides,0.2073,1.98,1.62,media,baja
1319,422,Av. Salaverry,0.2561,1.8,0.78,media,baja
1319,38,Av. Brasil,0.2789,1.25,0.81,alta,baja
1319,1286,Av. Universitaria,0.3988,2.09,1.03,media,baja
1319,1408,Av. La Encalada,0.5056,2.11,2.09,alta,baja
1319,1162,Av. El Derby,0.5505,1.61,1.83,media,baja
1320,688,Av. Caminos del Inca,0.5193,3.04,1.98,alta,media
1320,1359,Via Expresa,0.8511,3.99,1.84,media,media
1320,1091,Av. Colonial,0.9576,3.35,2.23,baja,media
1320,685,Av. Primavera,1.0194,4.96,1.78,alta,media
1320,1089,Av. La Encalada,1.1493,4.94,2.86,media,media
1320,784,Av. Arequipa,1.1916,4.7,1.74,baja,media
1321,867,Av. Salaverry,0.2256,1.1,1.08,baja,baja
1321,980,Av. Salaverry,0.41,1.9,1.41,alta,baja
1321,566,Av. Petit Thouars,0.4511,2.97,1.12,alta,baja
1321,1312,Av. 28 de Julio,0.8929,3.82,2.55,media,baja
1321,236,Av. Santa Cruz,1.1065,4.49,2.04,media,baja
1321,1262,Av. Universitaria,1.1818,3.22,1.82,baja,baja
1322,924,Av. Universitaria,0.0876,1.5,1.52,alta,media
1322,185,Av. La Encalada,0.1605,2.03,1.56,media,media
1322,1375,Av. Primavera,0.1979,1.87,0.93,media,media
1322,679,Av. 28 de Julio,0.3145,2.49,1.66,baja,media
1322,627,Via Expresa,0.3425,1.63,0.73,media,media
1322,1122,Av. La Encalada,0.398,2.59,0.8,baja,media
1323,1002,Av. Primavera,0.1491,1.01,1.05,baja,media
1323,1370,Av. Petit Thouars,0.3181,1.99,1.6,media,media
1323,368,Av. Salaverry,0.4129,2.16,1.3,baja,media
1323,151,Av. Arequipa,0.4847,2.16,1.38,media,media
1323,697,Av. 28 de Julio,0.502,2.7,1.01,baja,media
1323,131,Av. Caminos del Inca,0.5385,2.65,1.2,alta,media
1324,1171,Av. 28 de Julio,0.1356,1.99,0.7,alta,media
1324,459,Av. Javier Prado,0.1358,1.41,0.84,alta,media
1324,396,Av. Primavera,0.1413,1.82,1.25,alta,media
1324,306,Av. Universitaria,0.2573,1.24,0.96,alta,media
1324,145,Av. Universitaria,0.3264,2.85,0.87,media,media
1324,1275,Av. Tomas Marsano,0.3655,1.46,1.59,baja,media
1325,140,Av. Universitaria,0.5038,1.77,1.32,media,baja
1325,1284,Av. Javier Prado,0.5951,2.09,1.79,alta,baja
1325,1331,Via Expresa,0.718,2.69,2.22,media,baja
1325,302,Av. Benavides,0.7383,2.21,1.92,baja,baja
1325,433,Av. Tomas Marsano,0.7452,2.59,2.06,alta,baja
1325,1154,Av. Tomas Marsano,0.7511,3.03,2.0,media,baja
1326,1026,Av. Arequipa,0.2104,1.5,1.67,alta,muy_alta
1326,385,Av. Larco,0.2124,1.53,1.13,alta,muy_alta
1326,41,Av. Aviacion,0.2813,1.88,1.71,baja,muy_alta
1326,926,Av. 28 de Julio,0.4092,4.27,1.92,media,muy_alta
1326,954,Av. La Encalada,0.4868,4.08,1.78,baja,muy_alta
1326,695,Av. Santa Cruz,0.494,4.52,1.46,alta,muy_alta
1327,1390,Av. Javier Prado,0.3028,2.19,1.61,baja,baja
1327,337,Av. Caminos del Inca,0.4212,2.32,1.68,media,baja
1327,953,Av. Primavera,0.4578,3.0,1.32,alta,baja
1327,906,Av. Petit Thouars,0.6026,2.5,1.05,baja,baja
1327,1468,Av. Petit Thouars,0.7382,3.32,2.26,baja,baja
1327,1285,Av. Petit Thouars,0.7605,2.56,2.19,baja,baja
1328,197,Av. Tomas Marsano,0.0792,0.76,0.4,alta,baja
1328,367,Av. Primavera,0.2158,1.82,0.82,baja,baja
1328,909,Av. Larco,0.268,1.38,0.66,alta,baja
1328,665,Av. Benavides,1.0209,3.46,2.23,alta,baja
1328,296,Av. Primavera,1.4634,4.87,2.39,alta,baja
1328,830,Av. Caminos del Inca,1.5292,4.43,2.31,media,baja
1329,55,Av. Salaverry,0.7184,2.35,2.06,baja,baja
1329,786,Av. Benavides,0.7842,3.37,1.92,media,baja
1329,711,Av. Brasil,0.7897,3.35,2.16,media,baja
1329,1000,Av. Caminos del Inca,0.7976,3.38,1.62,media,baja
1329,904,Av. Caminos del Inca,0.9177,2.71,2.39,media,baja
1329,899,Av. Universitaria,0.9229,2.8,2.56,alta,baja
1330,358,Av. Universitaria,0.5181,2.1,1.55,alta,baja
1330,1165,Av. Salaverry,0.7821,3.11,1.62,media,baja
1330,1382,Av. Santa Cruz,0.7941,3.05,2.33,baja,baja
1330,503,Av. Petit Thouars,1.1596,4.56,2.65,baja,baja
1330,1247,Via Expresa,1.286,4.49,2.61,media,baja
1330,903,Av. Arequipa,1.3969,4.22,2.37,alta,baja
1331,433,Av. Petit Thouars,0.2561,1.35,1.26,alta,baja
1331,140,Av. La Encalada,0.3654,2.29,1.53,media,baja
1331,1284,Av. La Encalada,0.5102,1.72,1.25,media,baja
1331,906,Av. La Encalada,0.5974,1.81,1.25,alta,baja
1331,1468,Av. Angamos,0.6523,2.89,1.46,baja,baja
1331,1325,Av. Arequipa,0.718,3.17,1.49,media,baja
1332,286,Av. Salaverry,0.3668,1.74,1.07,alta,alta
1332,461,Av. Benavides,0.4074,2.06,1.44,baja,alta
1332,847,Av. Tomas Marsano,0.8212,4.65,2.46,baja,alta
1332,1463,Av. Brasil,0.8434,4.46,2.35,alta,alta
1332,1486,Av. La Marina,0.8574,3.65,1.65,baja,alta
1332,1039,Av. Tomas Marsano,0.9835,5.43,1.72,alta,alta
1333,851,Av. Colonial,0.2034,0.96,1.15,baja,baja
1333,1484,Av. Brasil,0.6798,2.28,2.31,media,baja
1333,354,Av. Benavides,0.6858,2.6,1.47,media,baja
1333,958,Av. El Derby,0.73,2.31,1.23,media,baja
1333,1239,Av. Universitaria,0.9294,3.35,2.29,baja,baja
1333,825,Av. Tomas Marsano,0.9594,2.77,2.58,alta,baja
1334,738,Av. Colonial,0.2656,3.21,1.57,media,muy_alta
1334,640,Av. Larco,0.3193,3.23,1.3,alta,muy_alta
1334,780,Av. Benavides,0.3426,3.24,1.41,baja,muy_alta
1334,477,Av. La Marina,0.4953,4.46,1.4,baja,muy_alta
1334,669,Av. La Marina,0.5297,4.27,1.79,baja,muy_alta
1334,771,Av. Caminos del Inca,0.6146,4.12,1.75,baja,muy_alta
1335,1430,Av. Larco,0.1724,0.89,0.57,baja,baja
1335,398,Av. Primavera,0.249,1.3,1.15,baja,baja
1335,49,Av. Santa Cruz,0.5212,2.82,1.19,media,baja
1335,58,Via Expresa,0.616,2.63,2.23,baja,baja
1335,94,Av. Brasil,0.6384,3.17,1.56,media,baja
1335,748,Av. Angamos,0.6993,3.19,2.03,media,baja
1336,60,Av. Caminos del Inca,0.488,3.74,1.87,baja,alta
1336,668,Av. La Marina,0.5265,2.6,1.95,baja,alta
1336,645,Av. Tomas Marsano,0.5497,3.37,2.03,baja,alta
1336,2,Av. Santa Cruz,0.5512,4.04,1.79,alta,alta
1336,580,Av. Javier Prado,0.5716,2.88,1.44,alta,alta
1336,456,Av. Aviacion,0.584,3.14,1.46,alta,alta
1337,612,Av. La Marina,0.4805,2.23,1.56,media,media
1337,616,Av. El Derby,0.6537,3.69,1.3,alta,media
1337,379,Av. Brasil,0.7007,3.73,1.74,media,media
1337,714,Av. Angamos,0.7502,3.38,2.35,media,media
1337,68,Av. 28 de Julio,0.8016,2.64,1.57,alta,media
1337,1143,Av. La Encalada,0.8181,3.12,2.16,baja,media
1338,323,Av. El Derby,0.2223,2.0,1.04,baja,baja
1338,84,Av. Brasil,0.6165,2.51,1.09,baja,baja
1338,75,Av. Primavera,0.7472,3.24,1.47,media,baja
1338,1100,Av. La Encalada,0.7896,2.84,1.38,baja,baja
1338,597,Av. Universitaria,0.9952,3.47,2.57,baja,baja
1338,1407,Av. La Marina,1.003,3.04,2.39,alta,baja
1339,787,Av. Arequipa,0.6085,2.06,1.68,baja,baja
1339,61,Av. Javier Prado,0.7218,3.04,1.72,alta,baja
1339,21,Av. Petit Thouars,0.8677,3.6,1.97,baja,baja
1339,741,Av. Primavera,0.9634,3.35,2.37,baja,baja
1339,1416,Via Expresa,1.0119,3.52,2.1,alta,baja
1339,1173,Av. Primavera,1.0863,3.83,1.61,alta,baja
1340,724,Av. La Encalada,0.096,1.19,1.51,baja,media
1340,760,Av. Caminos del Inca,0.0997,1.96,1.16,alta,media
1340,391,Av. Colonial,0.4076,2.64,1.0,baja,media
1340,1138,Av. Universitaria,0.5598,2.14,1.69,alta,media
1340,1162,Av. 28 de Julio,0.5894,3.4,1.6,baja,media
1340,1205,Av. La Marina,0.5902,2.47,1.51,alta,media
1341,143,Av. Brasil,0.1225,1.9,1.14,alta,media
1341,535,Av. Salaverry,0.1548,1.34,1.63,media,media
1341,932,Av. Santa Cruz,0.1616,1.48,1.64,media,media
1341,99,Av. Benavides,0.2649,1.76,0.87,baja,media
1341,124,Av. Javier Prado,0.2925,2.49,0.84,baja,media
1341,238,Av. Aviacion,0.3134,2.38,1.63,media,media
1342,465,Av. La Encalada,0.2032,1.77,1.25,baja,media
1342,833,Via Expresa,0.3167,2.24,1.25,media,media
1342,1360,Av. Javier Prado,0.4487,1.89,1.07,baja,media
1342,122,Av. Colonial,0.458,2.38,1.66,baja,media
1342,928,Av. La Encalada,0.4626,1.82,1.85,baja,media
1342,1199,Av. Angamos,0.477,2.88,1.2,alta,media
1343,1048,Av. Aviacion,0.5121,3.13,1.57,baja,baja
1343,362,Av. Aviacion,0.614,3.04,1.96,media,baja
1343,547,Av. La Encalada,0.992,3.13,1.64,alta,baja
1343,1356,Av. Universitaria,1.0638,3.01,2.7,media,baja
1343,419,Av. Santa Cruz,1.2123,3.98,2.22,alta,baja
1343,1038,Av. Petit Thouars,1.2658,3.34,2.14,media,baja
1344,826,Av. Brasil,0.3647,1.23,1.13,alta,baja
1344,1393,Av. Aviacion,0.833,3.48,1.92,media,baja
1344,260,Av. La Encalada,0.8383,3.1,2.18,alta,baja
1344,223,Av. Brasil,1.0046,2.53,1.55,media,baja
1344,1416,Av. Angamos,1.1094,3.58,2.8,alta,baja
1344,741,Av. 28 de Julio,1.2669,4.21,2.54,baja,baja
1345,845,Av. Brasil,0.4465,1.95,1.04,alta,media
1345,170,Av. Benavides,0.6174,2.41,1.9,alta,media
1345,1096,Av. Tomas Marsano,0.9073,3.66,2.27,baja,media
1345,715,Av. Javier Prado,0.9835,4.8,2.19,alta,media
1345,212,Av. Tomas Marsano,1.0906,4.47,2.37,baja,media
1345,784,Av. Salaverry,1.1615,4.65,2.12,alta,media
1346,807,Av. Brasil,0.5328,2.09,1.29,baja,baja
1346,598,Av. Brasil,0.582,2.78,2.15,alta,baja
1346,107,Av. Primavera,0.6045,1.98,1.53,baja,baja
1346,1482,Av. Brasil,0.6505,2.9,1.68,media,baja
1346,853,Av. Caminos del Inca,0.6789,2.92,1.66,baja,baja
1346,1417,Av. El Derby,0.8278,3.05,1.45,alta,baja
1347,811,Via Expresa,0.1956,2.05,1.0,media,media
1347,592,Av. Salaverry,0.5041,2.41,1.71,media,media
1347,15,Av. Primavera,0.535,2.25,1.11,alta,media
1347,1031,Av. La Marina,0.5407,2.89,1.34,baja,media
1347,607,Av. Aviacion,0.6382,3.07,1.22,baja,media
1347,1136,Av. La Encalada,0.6891,3.85,1.48,media,media
1348,390,Av. Colonial,0.2276,1.48,1.76,alta,baja
1348,1361,Av. El Derby,0.5422,2.02,1.46,baja,baja
1348,208,Av. Brasil,0.8576,2.83,1.4,alta,baja
1348,1236,Av. Brasil,1.1042,3.84,1.66,baja,baja
1348,567,Av. Javier Prado,1.1992,3.52,2.08,baja,baja
1348,147,Av. Primavera,1.2165,4.71,2.55,media,baja
1349,554,Av. Petit Thouars,0.0779,1.84,1.21,alta,media
1349,53,Av. Angamos,0.3795,2.48,0.76,alta,media
1349,985,Av. Colonial,0.4306,3.08,0.94,baja,media
1349,98,Av. Tomas Marsano,0.6088,3.09,1.21,baja,media
1349,156,Via Expresa,0.7519,2.58,1.92,alta,media
1349,205,Av. 28 de Julio,0.8883,3.02,1.55,baja,media
1350,1384,Av. La Encalada,0.2561,1.18,1.01,media,baja
1350,1216,Av. Brasil,0.4137,1.66,1.77,alta,baja
1350,1144,Av. Arequipa,0.8093,3.24,2.31,media,baja
1350,973,Av. Tomas Marsano,1.094,3.97,2.78,alta,baja
1350,464,Av. La Marina,1.2606,3.76,2.92,alta,baja
1350,817,Av. Santa Cruz,1.3311,3.88,3.03,alta,baja
1351,161,Av. La Encalada,0.5217,2.66,1.9,baja,alta
1351,931,Av. Caminos del Inca,0.5432,2.61,2.09,alta,alta
1351,1281,Av. Tomas Marsano,0.6008,4.26,2.07,media,alta
1351,1445,Av. Larco,0.6198,4.18,1.21,media,alta
1351,1070,Av. El Derby,0.7162,4.04,1.24,media,alta
1351,852,Av. Tomas Marsano,0.7773,5.01,2.14,baja,alta
1352,1288,Av. El Derby,0.1766,2.29,1.22,alta,baja
1352,303,Av. Aviacion,0.3918,1.83,1.64,alta,baja
1352,655,Av. Caminos del Inca,0.7552,2.4,1.55,media,baja
1352,1496,Av. Arequipa,0.8381,3.66,1.59,baja,baja
1352,534,Via Expresa,1.0047,3.26,1.59,alta,baja
1352,1068,Via Expresa,1.0566,3.4,1.97,media,baja
1353,609,Av. Caminos del Inca,0.2794,2.3,1.79,alta,baja
1353,1466,Av. Brasil,0.6162,2.12,1.6,baja,baja
1353,210,Av. Aviacion,0.6386,1.94,2.23,alta,baja
1353,118,Av. La Encalada,0.681,2.32,1.17,baja,baja
1353,1272,Av. Benavides,0.757,2.23,1.88,alta,baja
1353,427,Av. Javier Prado,0.7825,2.75,1.64,media,baja
1354,1422,Av. Colonial,0.0865,1.48,1.6,media,baja
1354,453,Av. 28 de Julio,0.3817,2.76,1.7,media,baja
1354,1279,Av. Caminos del Inca,0.4114,2.4,1.53,media,baja
1354,647,Av. Colonial,0.4641,2.8,2.02,alta,baja
1354,1418,Av. Primavera,0.8448,3.74,1.71,alta,baja
1354,421,Av. Tomas Marsano,0.8672,3.27,1.83,alta,baja
1355,646,Av. Colonial,0.1171,1.81,1.1,baja,muy_alta
1355,1315,Av. Primavera,0.3158,2.65,1.08,baja,muy_alta
1355,105,Av. Javier Prado,0.373,2.5,1.72,baja,muy_alta
1355,1426,Av. Brasil,0.5232,3.32,2.06,baja,muy_alta
1355,1457,Av. Javier Prado,0.7394,4.76,2.37,baja,muy_alta
1355,448,Av. Primavera,0.8634,5.37,1.41,baja,muy_alta
1356,547,Av. Larco,0.1527,2.16,0.51,baja,baja
1356,1270,Av. Santa Cruz,0.3862,1.59,1.78,baja,baja
1356,500,Av. Petit Thouars,0.6563,3.2,2.11,baja,baja
1356,116,Av. Javier Prado,0.9006,3.11,1.49,media,baja
1356,496,Av. Tomas Marsano,0.9167,3.45,2.11,alta,baja
1356,1343,Av. Universitaria,1.0638,3.4,2.38,alta,baja
1357,1471,Av. Arequipa,0.2903,1.67,1.39,baja,baja
1357,1256,Av. Larco,0.4545,2.44,1.53,baja,baja
1357,89,Via Expresa,0.5978,2.38,1.35,alta,baja
1357,1452,Av. Petit Thouars,0.6788,3.45,1.82,baja,baja
1357,1104,Av. Aviacion,0.6816,2.81,1.19,alta,baja
1357,694,Via Expresa,0.7215,2.71,1.92,baja,baja
1358,1042,Av. Brasil,0.6528,2.85,2.04,alta,baja
1358,556,Av. Petit Thouars,0.7004,2.13,1.88,media,baja
1358,369,Av. Primavera,0.7103,2.44,1.84,baja,baja
1358,678,Av. Colonial,0.8326,3.84,2.19,alta,baja
1358,1187,Av. La Encalada,1.2159,4.51,2.43,alta,baja
1358,870,Av. Petit Thouars,1.2874,4.08,3.04,alta,baja
1359,1320,Via Expresa,0.8511,3.4,2.14,baja,media
1359,279,Av. El Derby,0.9682,3.52,2.32,media,media
1359,750,Av. Caminos del Inca,1.0818,4.1,2.17,baja,media
1359,336,Av. Aviacion,1.1217,3.83,2.8,media,media
1359,688,Av. Benavides,1.3271,4.78,2.98,baja,media
1359,215,Av. Angamos,1.514,5.69,3.13,baja,media
1360,928,Av. Arequipa,0.0568,1.86,0.47,baja,muy_alta
1360,1199,Av. Aviacion,0.1871,1.6,1.31,alta,muy_alta
1360,1342,Av. Aviacion,0.4487,4.43,0.92,alta,muy_alta
1360,1059,Av. Universitaria,0.4679,3.72,1.15,baja,muy_alta
1360,102,Av. Arequipa,0.4889,3.64,1.57,media,muy_alta
1360,709,Av. Santa Cruz,0.4995,4.15,1.95,alta,muy_alta
1361,1348,Av. Petit Thouars,0.5422,2.36,1.77,media,baja
1361,292,Av. Colonial,0.7044,2.41,2.15,baja,baja
1361,390,Av. La Marina,0.769,2.27,2.16,alta,baja
1361,539,Av. Aviacion,1.0524,3.81,2.1,media,baja
1361,530,Av. El Derby,1.1137,4.2,2.35,baja,baja
1361,208,Av. Aviacion,1.1983,3.49,2.03,alta,baja
1362,1227,Av. El Derby,0.2177,1.8,1.43,media,media
1362,413,Av. Arequipa,0.2892,2.12,1.26,media,media
1362,683,Av. La Marina,0.3225,1.97,1.27,media,media
1362,696,Av. La Marina,0.3473,2.14,1.3,alta,media
1362,177,Av. Santa Cruz,0.4466,2.74,1.26,alta,media
1362,1194,Av. Benavides,0.5221,3.4,1.78,baja,media
1363,1238,Av. Larco,0.174,2.19,0.77,alta,baja
1363,1058,Via Expresa,0.1911,1.24,1.21,media,baja
1363,844,Av. Caminos del Inca,0.2153,2.09,0.92,media,baja
1363,523,Via Expresa,0.2245,2.36,0.85,media,baja
1363,1231,Av. Salaverry,0.3057,2.59,0.97,baja,baja
1363,1214,Av. Santa Cruz,0.4071,1.92,1.14,baja,baja
1364,879,Av. Angamos,0.4622,2.41,1.38,alta,media
1364,1026,Av. Benavides,0.4983,2.42,2.0,alta,media
1364,1066,Via Expresa,0.5279,3.03,1.17,baja,media
1364,1326,Av. Petit Thouars,0.7078,2.62,2.29,media,media
1364,917,Av. Aviacion,0.7153,3.7,1.79,alta,media
1364,379,Av. Brasil,0.7424,3.84,1.99,alta,media
1365,1079,Av. La Encalada,0.2286,1.12,0.67,alta,baja
1365,506,Av. Aviacion,0.2491,1.2,0.85,baja,baja
1365,537,Av. Primavera,0.2809,2.43,1.56,media,baja
1365,353,Av. Benavides,0.4477,2.82,1.52,baja,baja
1365,1497,Av. Arequipa,0.471,1.88,1.3,baja,baja
1365,1018,Av. Universitaria,0.527,2.3,1.99,baja,baja
1366,455,Av. Salaverry,0.2356,1.72,1.45,media,media
1366,864,Av. La Marina,0.2496,1.28,0.76,media,media
1366,1491,Via Expresa,0.3493,2.98,1.17,alta,media
1366,460,Av. La Encalada,0.3691,2.51,1.06,alta,media
1366,627,Av. Javier Prado,0.3792,3.03,1.41,baja,media
1366,865,Av. Arequipa,0.4268,3.2,1.88,baja,media
1367,425,Av. El Derby,0.198,1.35,0.8,baja,baja
1367,808,Av. Salaverry,0.6238,3.17,2.0,media,baja
1367,19,Av. Javier Prado,0.6278,3.31,2.25,alta,baja
1367,736,Av. Tomas Marsano,1.0508,3.1,2.68,media,baja
1367,921,Av. Caminos del Inca,1.1117,3.13,2.12,alta,baja
1367,1464,Via Expresa,1.2163,3.58,2.71,media,baja
1368,63,Av. Brasil,0.2618,1.79,0.8,baja,baja
1368,1280,Av. Petit Thouars,0.2978,2.18,1.5,baja,baja
1368,1405,Av. Arequipa,0.325,1.53,1.32,alta,baja
1368,1303,Av. Angamos,0.3738,1.96,1.26,alta,baja
1368,775,Av. El Derby,0.4432,2.08,1.4,baja,baja
1368,943,Av. Larco,0.7508,3.2,1.86,media,baja
1369,983,Av. Angamos,0.2387,1.78,1.48,baja,alta
1369,1478,Av. La Marina,0.5712,4.38,2.02,alta,alta
1369,1203,Av. Salaverry,0.5927,4.18,1.26,baja,alta
1369,1296,Av. Javier Prado,0.6012,4.42,2.12,media,alta
1369,1394,Av. Javier Prado,0.7619,3.37,1.46,baja,alta
1369,198,Av. Caminos del Inca,0.7697,3.68,1.65,media,alta
1370,1323,Av. Aviacion,0.3181,2.03,1.67,alta,media
1370,1002,Av. Salaverry,0.3641,2.5,1.39,alta,media
1370,814,Av. Angamos,0.439,2.24,1.57,baja,media
1370,622,Av. Caminos del Inca,0.4963,3.25,1.87,alta,media
1370,151,Av. 28 de Julio,0.4994,2.34,1.14,baja,media
1370,368,Av. Caminos del Inca,0.5181,3.09,1.44,baja,media
1371,1196,Av. Benavides,0.2998,1.55,1.43,baja,media
1371,359,Av. Javier Prado,0.3666,2.73,1.16,baja,media
1371,572,Av. Colonial,0.3736,1.93,1.52,alta,media
1371,721,Av. Salaverry,0.4129,2.89,0.91,alta,media
1371,447,Av. Caminos del Inca,0.4249,2.96,1.49,media,media
1371,902,Av. Aviacion,0.4606,2.07,1.74,alta,media
1372,12,Av. Javier Prado,0.5524,2.62,1.4,baja,baja
1372,652,Av. Benavides,0.7276,2.46,1.32,alta,baja
1372,1186,Av. Caminos del Inca,0.7955,2.65,2.33,alta,baja
1372,1207,Av. Santa Cruz,0.8498,3.07,2.43,media,baja
1372,892,Av. Larco,0.9137,3.53,2.23,baja,baja
1372,1197,Via Expresa,0.9852,2.78,2.64,baja,baja
1373,812,Av. Benavides,0.0718,0.86,1.39,baja,baja
1373,1054,Av. Tomas Marsano,0.2608,1.22,1.13,alta,baja
1373,524,Av. Primavera,0.3457,1.98,0.72,media,baja
1373,1147,Av. Universitaria,0.4121,2.48,1.71,baja,baja
1373,487,Av. Santa Cruz,0.46,1.77,1.19,alta,baja
1373,1255,Av. Benavides,0.5734,2.12,1.99,alta,baja
1374,1307,Av. Salaverry,0.1446,1.82,0.65,media,alta
1374,783,Av. Universitaria,0.2031,2.39,1.23,media,alta
1374,1157,Av. La Marina,0.2776,2.58,1.45,baja,alta
1374,400,Av. Santa Cruz,0.3118,2.67,0.7,baja,alta
1374,1013,Av. Aviacion,0.3176,1.76,1.08,alta,alta
1374,1148,Av. Colonial,0.477,2.55,1.47,media,alta
1375,924,Av. Angamos,0.1147,1.39,1.16,media,media
1375,627,Av. Benavides,0.1807,1.21,0.74,media,media
1375,1322,Av. La Encalada,0.1979,2.51,1.03,media,media
1375,185,Av. Santa Cruz,0.2279,2.6,1.4,media,media
1375,865,Av. Angamos,0.3146,2.81,1.19,baja,media
1375,1308,Av. Javier Prado,0.431,2.59,1.59,media,media
1376,654,Av. Benavides,0.3002,1.96,0.95,alta,baja
1376,560,Av. Colonial,0.4954,2.27,1.14,media,baja
1376,1431,Av. Colonial,0.802,2.55,1.82,media,baja
1376,1102,Av. Angamos,1.1195,3.49,2.27,media,baja
1376,1395,Av. Benavides,1.4494,4.27,2.32,media,baja
1376,96,Av. La Marina,1.4772,4.22,2.51,alta,baja
1377,1007,Av. Colonial,0.3347,2.66,1.8,baja,media
1377,1380,Av. Javier Prado,0.4457,2.66,1.72,alta,media
1377,987,Av. Universitaria,0.4532,1.93,1.42,baja,media
1377,1228,Av. La Encalada,0.4593,2.25,1.48,baja,media
1377,1218,Av. Salaverry,0.4793,1.85,1.83,alta,media
1377,933,Av. Primavera,0.5497,2.05,1.48,alta,media
1378,505,Av. Universitaria,0.1404,1.46,0.51,baja,baja
1378,1258,Av. Angamos,0.476,1.96,1.71,alta,baja
1378,1266,Av. Universitaria,0.5125,1.61,1.48,media,baja
1378,977,Av. Caminos del Inca,0.6961,2.5,2.33,media,baja
1378,229,Av. Universitaria,0.7223,2.57,1.42,alta,baja
1378,154,Av. Brasil,0.7825,2.65,1.58,alta,baja
1379,104,Av. Brasil,0.2202,1.86,0.73,media,baja
1379,39,Av. Larco,0.599,2.64,1.66,alta,baja
1379,1176,Av. Aviacion,0.7627,2.87,1.96,alta,baja
1379,1467,Av. 28 de Julio,0.9616,3.7,2.32,baja,baja
1379,965,Av. Arequipa,1.0407,3.52,1.75,alta,baja
1379,361,Av. Santa Cruz,1.0465,3.32,2.55,media,baja
1380,933,Av. Salaverry,0.122,1.32,0.91,baja,media
1380,1228,Av. Primavera,0.2102,2.25,0.75,alta,media
1380,971,Av. Arequipa,0.3289,2.02,1.54,alta,media
1380,987,Av. Tomas Marsano,0.348,2.38,0.91,alta,media
1380,1218,Av. Javier Prado,0.3786,2.88,0.85,media,media
1380,145,Av. Caminos del Inca,0.4337,1.81,1.61,baja,media
1381,430,Av. Universitaria,0.2381,1.31,0.91,alta,baja
1381,272,Av. Salaverry,0.4376,2.42,1.66,media,baja
1381,1156,Av. Universitaria,0.4399,2.83,1.81,media,baja
1381,258,Av. La Encalada,0.476,2.27,1.13,baja,baja
1381,1403,Av. Primavera,0.4896,2.51,1.72,alta,baja
1381,599,Av. Larco,0.5275,2.77,1.56,baja,baja
1382,1165,Av. Tomas Marsano,0.0931,1.19,0.61,media,baja
1382,358,Av. 28 de Julio,0.369,1.64,1.56,media,baja
1382,903,Av. Salaverry,0.7539,2.57,2.25,alta,baja
1382,1330,Av. Brasil,0.7941,2.41,2.28,baja,baja
1382,930,Av. Angamos,0.8341,3.78,2.47,baja,baja
1382,576,Av. Angamos,0.8752,3.51,1.85,media,baja
1383,463,Av. Benavides,0.2727,1.86,0.64,baja,baja
1383,994,Av. Primavera,0.32,2.3,1.46,media,baja
1383,65,Av. Aviacion,0.3486,1.79,1.19,media,baja
1383,56,Av. Angamos,0.3946,1.9,1.32,media,baja
1383,701,Av. Javier Prado,0.4093,2.59,1.81,alta,baja
1383,139,Av. Primavera,0.4182,2.78,1.2,baja,baja
1384,1350,Av. Aviacion,0.2561,1.26,1.53,media,baja
1384,1216,Av. Salaverry,0.4799,2.62,1.19,media,baja
1384,1144,Av. Universitaria,0.7808,2.4,1.76,alta,baja
1384,817,Av. La Encalada,1.077,3.41,1.83,baja,baja
1384,973,Av. Angamos,1.0975,4.14,1.86,baja,baja
1384,464,Av. Petit Thouars,1.2255,3.35,2.31,baja,baja
1385,1121,Av. Primavera,0.2694,2.13,1.6,baja,baja
1385,1100,Av. Larco,0.6801,3.26,2.22,alta,baja
1385,188,Av. Petit Thouars,0.7268,2.78,1.91,baja,baja
1385,823,Av. Colonial,0.7281,2.28,2.32,alta,baja
1385,878,Av. Angamos,0.8045,3.36,1.37,alta,baja
1385,562,Av. Universitaria,0.8605,3.07,1.78,baja,baja
1386,663,Av. Petit Thouars,0.0813,0.98,0.57,baja,media
1386,193,Av. Aviacion,0.2296,1.76,1.07,baja,media
1386,1117,Av. La Marina,0.3086,2.61,1.74,alta,media
1386,933,Av. La Encalada,0.3882,2.87,1.34,alta,media
1386,306,Av. Santa Cruz,0.3896,2.96,1.41,media,media
1386,659,Av. Santa Cruz,0.4385,2.6,1.43,media,media
1387,1214,Av. Universitaria,0.4714,2.85,1.69,baja,baja
1387,429,Av. La Marina,0.5753,2.92,2.16,baja,baja
1387,1238,Av. Tomas Marsano,0.6252,2.43,1.5,media,baja
1387,590,Av. Santa Cruz,0.6574,2.39,1.84,alta,baja
1387,675,Av. Aviacion,0.6781,3.05,1.96,alta,baja
1387,1058,Av. Tomas Marsano,0.7253,2.15,1.89,alta,baja
1388,57,Av. Brasil,0.3071,2.53,1.82,baja,baja
1388,97,Av. Aviacion,0.4217,1.74,1.29,baja,baja
1388,330,Av. Caminos del Inca,0.5164,2.7,1.05,baja,baja
1388,51,Via Expresa,0.5802,2.5,1.96,baja,baja
1388,90,Av. Colonial,0.7199,2.92,2.0,baja,baja
1388,164,Av. La Encalada,0.7324,3.15,1.4,alta,baja
1389,278,Av. La Encalada,0.1301,2.13,0.86,baja,media
1389,643,Via Expresa,0.3368,2.49,0.79,media,media
1389,1108,Av. Universitaria,0.4202,3.04,1.21,alta,media
1389,748,Av. Larco,0.5438,2.38,1.6,baja,media
1389,484,Av. Arequipa,0.5811,2.07,1.59,alta,media
1389,1306,Av. La Marina,0.7407,2.58,2.11,media,media
1390,337,Av. Petit Thouars,0.1582,1.04,0.9,alta,baja
1390,1327,Av. Larco,0.3028,2.18,1.44,alta,baja
1390,906,Av. Universitaria,0.5959,2.03,1.09,alta,baja
1390,953,Av. Caminos del Inca,0.7544,2.15,2.37,baja,baja
1390,1468,Av. El Derby,0.7758,2.34,1.86,media,baja
1390,542,Av. Larco,0.838,2.88,1.33,alta,baja
1391,897,Av. Brasil,0.519,3.06,1.32,baja,baja
1391,877,Av. El Derby,0.5927,2.78,1.92,media,baja
1391,955,Av. Javier Prado,0.7502,2.02,1.5,baja,baja
1391,916,Av. Santa Cruz,0.9319,2.95,1.72,alta,baja
1391,1105,Av. Primavera,0.9624,2.6,2.58,alta,baja
1391,1255,Av. Universitaria,1.0073,3.4,2.28,alta,baja
1392,415,Av. La Encalada,0.0887,1.69,0.82,alta,media
1392,1136,Av. Larco,0.1235,2.0,1.56,media,media
1392,607,Av. Angamos,0.2623,2.3,1.68,alta,media
1392,45,Av. Santa Cruz,0.3263,1.83,0.72,baja,media
1392,162,Av. Javier Prado,0.4155,1.84,1.3,media,media
1392,1287,Av. Tomas Marsano,0.5131,2.3,0.99,media,media
1393,223,Av. Colonial,0.6681,3.03,2.22,alta,baja
1393,741,Av. Arequipa,0.7131,3.27,2.01,alta,baja
1393,1344,Via Expresa,0.833,2.85,2.05,alta,baja
1393,1416,Av. Javier Prado,0.8456,2.23,1.33,baja,baja
1393,826,Av. Aviacion,0.9727,3.29,1.77,media,baja
1393,1459,Av. 28 de Julio,1.1262,3.71,2.55,media,baja
1394,198,Via Expresa,0.0246,1.22,0.43,baja,alta
1394,1001,Av. La Marina,0.1674,1.55,1.6,media,alta
1394,263,Av. Petit Thouars,0.2282,1.59,0.68,alta,alta
1394,747,Av. 28 de Julio,0.4025,1.94,0.87,baja,alta
1394,1296,Av. Larco,0.4155,3.29,1.96,media,alta
1394,293,Av. Caminos del Inca,0.4351,2.3,2.02,media,alta
1395,936,Av. Petit Thouars,0.3801,2.53,1.83,baja,baja
1395,96,Av. Colonial,0.5507,3.24,1.81,baja,baja
1395,1102,Via Expresa,0.5518,2.12,1.33,media,baja
1395,785,Av. Colonial,0.5677,1.76,2.14,baja,baja
1395,992,Av. Angamos,0.5836,2.37,1.05,alta,baja
1395,1420,Av. 28 de Julio,0.7453,3.26,1.53,baja,baja
1396,1230,Av. Benavides,0.1593,1.84,1.5,media,media
1396,1182,Av. 28 de Julio,0.3053,1.99,1.51,baja,media
1396,1112,Av. La Marina,0.5623,2.88,2.14,alta,media
1396,1132,Av. El Derby,0.6992,3.21,2.17,media,media
1396,182,Av. La Marina,0.7062,3.11,2.07,media,media
1396,1480,Av. 28 de Julio,0.7528,3.26,1.39,media,media
1397,300,Av. Larco,0.5012,3.05,2.06,media,baja
1397,1166,Av. Petit Thouars,0.5911,2.66,1.88,baja,baja
1397,1180,Av. La Encalada,0.7196,2.79,2.22,baja,baja
1397,1229,Av. Aviacion,0.7392,2.52,1.71,baja,baja
1397,1407,Av. 28 de Julio,0.8009,2.5,1.62,alta,baja
1397,1297,Av. Santa Cruz,0.813,3.19,2.39,media,baja
1398,687,Av. Arequipa,0.2106,2.48,0.68,alta,media
1398,1030,Av. Caminos del Inca,0.2877,1.8,0.71,alta,media
1398,967,Av. Tomas Marsano,0.3451,1.8,1.38,baja,media
1398,1114,Av. La Encalada,0.3835,2.44,1.49,alta,media
1398,526,Av. Angamos,0.3896,2.09,1.93,alta,media
1398,476,Av. La Encalada,0.446,2.23,1.93,media,media
1399,261,Av. La Encalada,0.2463,1.56,1.78,baja,baja
1399,157,Av. Santa Cruz,0.6921,2.4,1.19,media,baja
1399,141,Av. 28 de Julio,0.7141,3.25,1.78,media,baja
1399,853,Av. 28 de Julio,0.827,3.3,1.37,baja,baja
1399,807,Av. Aviacion,1.028,3.13,2.02,media,baja
1399,587,Av. Salaverry,1.1731,3.52,2.77,baja,baja
1400,816,Av. Petit Thouars,0.5106,3.15,1.13,media,media
1400,731,Av. Angamos,0.5504,2.63,1.95,alta,media
1400,1453,Via Expresa,0.5965,3.18,1.25,media,media
1400,497,Av. El Derby,0.6149,2.4,1.7,media,media
1400,1031,Av. Aviacion,0.6335,3.23,1.53,media,media
1400,732,Av. Santa Cruz,0.8034,2.61,2.4,alta,media
1401,1406,Av. Colonial,0.1644,2.12,1.66,alta,baja
1401,1082,Av. Larco,0.6441,3.06,2.09,alta,baja
1401,260,Av. Colonial,0.9596,3.38,2.24,baja,baja
1401,108,Av. Arequipa,0.979,2.83,2.41,media,baja
1401,1249,Av. Santa Cruz,1.012,4.1,2.05,baja,baja
1401,1033,Av. Angamos,1.0419,4.18,1.57,media,baja
1402,764,Av. Colonial,0.0474,0.98,1.43,baja,alta
1402,1472,Av. Salaverry,0.273,2.63,1.57,media,alta
1402,483,Av. La Marina,0.2964,2.09,1.57,baja,alta
1402,253,Av. Benavides,0.3184,2.8,1.73,alta,alta
1402,271,Av. Larco,0.3559,1.95,1.92,baja,alta
1402,1192,Av. Petit Thouars,0.4413,3.24,1.5,baja,alta
1403,190,Av. Javier Prado,0.1628,1.65,0.66,alta,baja
1403,142,Av. Salaverry,0.4248,1.56,1.71,media,baja
1403,907,Av. La Marina,0.4289,1.7,1.11,alta,baja
1403,577,Av. Caminos del Inca,0.4495,1.76,1.32,media,baja
1403,604,Av. Brasil,0.481,2.78,1.23,alta,baja
1403,1381,Av. Angamos,0.4896,1.67,2.08,media,baja
1404,442,Av. Javier Prado,0.3456,2.7,1.25,alta,baja
1404,588,Av. Aviacion,0.4191,2.61,1.68,baja,baja
1404,56,Av. Tomas Marsano,0.4212,1.76,1.01,baja,baja
1404,1197,Av. Angamos,0.4927,2.15,1.15,alta,baja
1404,666,Av. La Marina,0.5737,2.08,1.91,media,baja
1404,528,Av. Salaverry,0.684,2.67,2.04,media,baja
1405,1368,Av. Caminos del Inca,0.325,1.86,1.15,baja,baja
1405,775,Av. Larco,0.4586,1.84,2.01,baja,baja
1405,1280,Av. Tomas Marsano,0.5283,2.44,1.04,media,baja
1405,63,Via Expresa,0.5656,2.6,1.47,alta,baja
1405,1303,Av. 28 de Julio,0.6401,2.46,2.24,baja,baja
1405,320,Av. Benavides,0.8944,3.04,1.67,media,baja
1406,1401,Av. Petit Thouars,0.1644,1.72,0.95,media,baja
1406,1082,Av. Universitaria,0.5854,2.08,1.34,alta,baja
1406,108,Av. Universitaria,0.8149,3.68,2.01,alta,baja
1406,248,Av. Petit Thouars,0.9998,3.21,2.34,baja,baja
1406,1249,Av. Brasil,1.0798,3.06,1.63,media,baja
1406,260,Av. Santa Cruz,1.1205,3.92,2.27,baja,baja
1407,1229,Av. Salaverry,0.1339,1.15,1.56,baja,baja
1407,597,Av. Colonial,0.3765,1.55,1.04,baja,baja
1407,1180,Av. Larco,0.4026,1.85,1.35,media,baja
1407,84,Av. Primavera,0.4074,2.02,0.91,alta,baja
1407,300,Av. Javier Prado,0.6282,2.87,1.47,media,baja
1407,1100,Av. El Derby,0.7265,2.92,1.65,alta,baja
1408,422,Av. La Encalada,0.2721,2.68,1.47,media,media
1408,1219,Av. Arequipa,0.3044,2.47,0.97,alta,media
1408,1138,Av. El Derby,0.3129,2.75,0.85,baja,media
1408,1286,Av. La Encalada,0.3187,1.68,0.98,baja,media
1408,1162,Av. La Encalada,0.3965,3.05,1.19,media,media
1408,404,Av. Arequipa,0.4342,2.95,0.95,baja,media
1409,307,Av. 28 de Julio,0.7023,2.34,1.75,alta,baja
1409,1063,Av. Universitaria,0.7903,2.69,1.62,alta,baja
1409,1290,Via Expresa,1.0495,3.45,2.03,alta,baja
1409,302,Av. Arequipa,1.0524,3.99,2.23,baja,baja
1409,382,Av. Tomas Marsano,1.0806,3.02,2.63,baja,baja
1409,1468,Av. Angamos,1.1115,3.24,1.69,alta,baja
1410,798,Av. La Marina,0.4714,2.92,1.63,baja,alta
1410,1139,Av. La Encalada,0.5648,2.99,1.8,baja,alta
1410,352,Av. Benavides,0.5799,4.26,2.04,baja,alta
1410,407,Av. Colonial,0.5962,3.12,2.01,alta,alta
1410,874,Av. Benavides,0.6913,4.48,2.13,baja,alta
1410,895,Via Expresa,0.7856,4.26,1.25,baja,alta
1411,628,Via Expresa,0.0322,1.41,0.61,alta,baja
1411,914,Av. Caminos del Inca,0.212,1.89,1.0,baja,baja
1411,225,Av. Arequipa,0.2514,1.39,0.75,baja,baja
1411,1316,Av. Benavides,0.2903,2.6,1.62,baja,baja
1411,48,Av. Colonial,0.3539,2.58,0.78,baja,baja
1411,372,Av. Salaverry,0.4235,1.95,1.88,baja,baja
1412,982,Av. Brasil,0.6311,2.0,1.63,alta,baja
1412,244,Av. Javier Prado,0.6897,3.35,2.2,baja,baja
1412,493,Av. 28 de Julio,0.7037,2.66,1.95,media,baja
1412,1211,Av. Brasil,0.7239,2.15,1.52,baja,baja
1412,1495,Av. Petit Thouars,0.9871,3.07,2.5,baja,baja
1412,969,Av. Universitaria,1.0192,3.32,2.1,media,baja
1413,1101,Av. Arequipa,0.1737,1.47,0.58,baja,media
1413,434,Av. Tomas Marsano,0.2162,1.88,0.74,media,media
1413,623,Av. La Encalada,0.3456,2.24,1.47,alta,media
1413,178,Av. Arequipa,0.4786,1.94,1.64,media,media
1413,1310,Av. Tomas Marsano,0.5967,2.39,1.27,baja,media
1413,314,Av. Santa Cruz,0.7251,3.68,1.26,baja,media
1414,746,Av. Salaverry,0.3637,2.19,1.46,baja,baja
1414,1135,Av. La Encalada,0.3998,2.79,1.15,media,baja
1414,639,Av. Aviacion,0.6112,3.02,1.12,alta,baja
1414,277,Av. La Encalada,0.6279,2.58,2.21,media,baja
1414,1464,Av. La Marina,0.9023,3.66,1.85,alta,baja
1414,117,Av. Santa Cruz,1.0146,3.2,2.11,baja,baja
1415,565,Av. Salaverry,1.024,2.93,2.37,media,baja
1415,770,Av. Salaverry,1.2109,4.39,1.83,baja,baja
1415,154,Av. Petit Thouars,1.2235,3.19,2.85,alta,baja
1415,207,Av. Benavides,1.2491,3.79,2.48,alta,baja
1415,229,Av. Javier Prado,1.3759,4.3,3.1,media,baja
1415,1097,Av. Javier Prado,1.4538,4.85,2.09,alta,baja
1416,741,Av. Larco,0.3869,2.36,1.83,alta,baja
1416,1393,Av. Santa Cruz,0.8456,4.0,2.42,baja,baja
1416,826,Av. Salaverry,0.9315,2.7,1.76,baja,baja
1416,1339,Via Expresa,1.0119,3.81,2.31,media,baja
1416,1344,Av. El Derby,1.1094,4.15,2.53,media,baja
1416,1253,Av. El Derby,1.2499,4.36,2.02,baja,baja
1417,940,Av. Universitaria,0.1327,0.83,0.62,media,baja
1417,107,Av. Tomas Marsano,0.2235,1.14,1.7,alta,baja
1417,1482,Av. Arequipa,0.5085,2.5,0.96,media,baja
1417,313,Av. La Marina,0.7429,2.51,2.05,baja,baja
1417,1346,Av. Petit Thouars,0.8278,2.2,2.43,baja,baja
1417,598,Av. Javier Prado,0.8915,3.29,1.51,alta,baja
1418,135,Av. Aviacion,0.5402,2.58,1.69,media,baja
1418,1011,Av. El Derby,0.5477,2.54,1.99,baja,baja
1418,453,Av. Angamos,0.5534,2.56,2.16,media,baja
1418,1318,Av. Primavera,0.8052,3.83,2.02,baja,baja
1418,1354,Av. La Marina,0.8448,3.15,2.25,media,baja
1418,1422,Av. La Encalada,0.8872,2.83,2.18,alta,baja
1419,948,Av. Salaverry,0.5026,3.87,1.83,baja,alta
1419,30,Av. Aviacion,0.5183,2.87,1.79,alta,alta
1419,168,Av. Petit Thouars,0.7203,4.41,1.58,baja,alta
1419,620,Av. Universitaria,0.7425,3.43,1.84,baja,alta
1419,269,Av. Caminos del Inca,0.8445,3.61,2.21,media,alta
1419,34,Av. Primavera,0.8567,4.82,2.45,baja,alta
1420,827,Av. Caminos del Inca,0.3681,1.59,0.81,baja,baja
1420,219,Av. Angamos,0.5386,2.47,2.07,baja,baja
1420,992,Av. Colonial,0.6698,3.29,2.19,media,baja
1420,1395,Av. Arequipa,0.7453,2.74,1.78,alta,baja
1420,785,Av. Salaverry,0.785,2.33,1.38,baja,baja
1420,1102,Av. Tomas Marsano,0.8463,3.72,1.39,alta,baja
1421,759,Av. La Encalada,0.103,0.84,1.58,media,media
1421,1251,Av. Tomas Marsano,0.1624,2.0,1.49,baja,media
1421,1234,Av. 28 de Julio,0.227,1.82,1.26,alta,media
1421,725,Av. Colonial,0.4129,1.74,0.84,alta,media
1421,670,Av. Aviacion,0.4366,2.63,1.68,baja,media
1421,123,Av. Larco,0.4385,1.89,1.23,baja,media
1422,1354,Av. 28 de Julio,0.0865,1.83,1.15,alta,baja
1422,453,Av. Caminos del Inca,0.3852,2.77,1.29,alta,baja
1422,647,Av. Benavides,0.4316,2.58,1.31,media,baja
1422,1279,Av. Aviacion,0.4927,2.65,1.43,baja,baja
1422,421,Av. Angamos,0.8133,3.77,1.58,alta,baja
1422,1418,Av. Arequipa,0.8872,2.9,1.47,alta,baja
1423,511,Av. 28 de Julio,0.0984,1.49,0.88,baja,media
1423,251,Av. Brasil,0.1904,1.75,1.61,baja,media
1423,1099,Av. Larco,0.2033,2.14,1.58,baja,media
1423,525,Av. 28 de Julio,0.4091,2.74,1.38,baja,media
1423,322,Av. Caminos del Inca,0.5433,3.36,1.92,alta,media
1423,375,Av. La Encalada,0.5724,2.25,1.55,alta,media
1424,490,Av. Javier Prado,0.1979,1.96,1.24,baja,baja
1424,1225,Av. Salaverry,0.2179,2.33,1.28,media,baja
1424,810,Av. Javier Prado,0.4483,2.6,1.53,alta,baja
1424,403,Av. Arequipa,0.7529,2.92,2.1,media,baja
1424,1265,Av. Larco,1.1337,3.92,2.21,baja,baja
1424,458,Av. Petit Thouars,1.1685,3.09,2.23,alta,baja
1425,1258,Av. Petit Thouars,0.346,1.51,1.55,alta,baja
1425,1266,Av. Benavides,0.5377,1.83,1.38,alta,baja
1425,977,Av. La Marina,0.7226,2.5,2.0,alta,baja
1425,505,Av. Santa Cruz,0.7641,2.39,1.73,media,baja
1425,1378,Av. Benavides,0.7966,2.41,2.01,alta,baja
1425,1265,Av. Caminos del Inca,1.2047,3.5,2.36,alta,baja
1426,1457,Av. Colonial,0.3775,3.55,1.1,baja,muy_alta
1426,70,Av. Angamos,0.4281,3.77,1.02,alta,muy_alta
1426,646,Av. El Derby,0.4375,2.97,0.87,baja,muy_alta
1426,1355,Av. La Marina,0.5232,3.5,1.17,media,muy_alta
1426,772,Av. Brasil,0.5303,4.3,1.12,media,muy_alta
1426,267,Av. Salaverry,0.5488,3.44,1.03,alta,muy_alta
1427,1433,Av. Larco,0.5418,2.36,1.36,alta,baja
1427,796,Av. Tomas Marsano,0.9012,3.87,2.33,media,baja
1427,472,Av. Javier Prado,1.3028,3.62,2.95,alta,baja
1427,1302,Av. Universitaria,1.3782,3.96,3.05,alta,baja
1427,1440,Av. Benavides,1.4688,4.45,2.13,baja,baja
1427,489,Av. Javier Prado,1.5273,4.31,3.27,baja,baja
1428,1494,Av. 28 de Julio,0.0695,1.03,0.58,media,media
1428,910,Av. El Derby,0.1442,1.93,0.83,media,media
1428,400,Av. Benavides,0.1692,1.14,1.01,media,media
1428,1157,Av. Petit Thouars,0.2185,1.55,0.91,alta,media
1428,1374,Av. Brasil,0.4788,1.97,1.22,baja,media
1428,1478,Av. Colonial,0.5349,2.34,1.5,media,media
1429,1476,Av. Universitaria,0.222,2.39,1.47,alta,alta
1429,880,Av. Santa Cruz,0.2993,2.63,1.06,baja,alta
1429,386,Av. Benavides,0.3286,3.27,0.77,alta,alta
1429,485,Av. Benavides,0.3416,2.21,1.77,alta,alta
1429,42,Av. Colonial,0.4146,3.25,1.39,baja,alta
1429,1148,Av. Larco,0.4681,3.05,1.81,media,alta
1430,1335,Av. Santa Cruz,0.1724,1.31,0.61,baja,media
1430,398,Av. Santa Cruz,0.3667,1.97,1.69,alta,media
1430,49,Av. El Derby,0.4704,2.49,1.4,alta,media
1430,1060,Av. El Derby,0.6036,2.67,1.5,baja,media
1430,376,Av. 28 de Julio,0.635,2.85,1.67,media,media
1430,748,Av. Larco,0.6581,2.35,1.31,baja,media
1431,560,Av. Salaverry,0.6518,2.74,2.14,baja,baja
1431,1376,Via Expresa,0.802,3.6,2.3,media,baja
1431,1102,Av. Santa Cruz,0.9844,3.79,1.86,media,baja
1431,654,Av. Benavides,1.0742,3.19,2.39,alta,baja
1431,638,Av. Javier Prado,1.0907,3.38,1.81,alta,baja
1431,822,Av. Angamos,1.1549,2.95,2.1,alta,baja
1432,14,Av. Tomas Marsano,0.7182,3.35,1.96,alta,baja
1432,213,Av. Primavera,0.7849,2.87,2.07,alta,baja
1432,409,Av. Arequipa,0.9965,3.2,2.56,alta,baja
1432,366,Av. Arequipa,1.5295,4.72,3.09,media,baja
1432,1149,Av. Salaverry,1.5787,4.87,2.61,media,baja
1432,280,Av. 28 de Julio,1.6724,4.57,3.05,alta,baja
1433,1427,Av. La Encalada,0.5418,2.91,1.39,alta,baja
1433,472,Av. Brasil,0.9133,3.28,2.57,baja,baja
1433,796,Av. Brasil,1.1637,4.31,1.8,baja,baja
1433,334,Av. Larco,1.2668,4.06,2.41,baja,baja
1433,6,Av. Tomas Marsano,1.2897,4.44,2.21,media,baja
1433,963,Av. Colonial,1.3495,3.82,2.84,media,baja
1434,593,Av. Primavera,0.1201,2.51,1.23,alta,muy_alta
1434,1442,Av. Larco,0.6611,4.61,1.98,baja,muy_alta
1434,11,Av. Larco,0.7647,5.37,2.26,baja,muy_alta
1434,68,Av. La Marina,0.9372,6.2,2.39,baja,muy_alta
1434,317,Av. 28 de Julio,0.9611,5.66,1.85,alta,muy_alta
1434,618,Av. Santa Cruz,1.0687,7.29,2.57,alta,muy_alta
1435,848,Av. Javier Prado,0.6038,3.29,1.62,alta,baja
1435,1080,Av. El Derby,0.6183,1.81,1.78,alta,baja
1435,749,Av. Caminos del Inca,0.8139,3.25,2.23,media,baja
1435,859,Av. Javier Prado,0.833,2.67,1.51,baja,baja
1435,414,Av. Tomas Marsano,0.9398,2.68,2.05,baja,baja
1435,1103,Av. Salaverry,1.0952,4.0,2.2,alta,baja
1436,1448,Av. Benavides,0.3223,1.74,1.85,alta,baja
1436,517,Av. Petit Thouars,0.5693,2.64,1.71,alta,baja
1436,717,Av. Larco,0.5989,2.31,1.29,media,baja
1436,118,Av. Arequipa,0.8836,3.82,2.18,baja,baja
1436,9,Av. La Encalada,0.9189,3.21,2.34,media,baja
1436,609,Av. Colonial,1.0378,3.75,1.88,media,baja
1437,636,Av. Aviacion,0.2915,1.53,0.89,alta,alta
1437,656,Av. Benavides,0.4934,2.82,1.99,alta,alta
1437,1078,Av. Tomas Marsano,0.6861,3.04,1.84,alta,alta
1437,705,Av. Aviacion,0.6966,3.8,1.56,alta,alta
1437,829,Av. Petit Thouars,0.7552,3.75,1.49,media,alta
1437,227,Av. Salaverry,0.773,5.07,1.78,alta,alta
1438,46,Via Expresa,0.3446,1.43,0.94,baja,media
1438,774,Av. Javier Prado,0.5191,2.41,1.08,baja,media
1438,16,Av. El Derby,0.5999,3.0,1.19,alta,media
1438,1005,Av. Salaverry,0.7814,3.79,2.01,baja,media
1438,137,Via Expresa,0.834,4.3,2.44,media,media
1438,319,Av. Salaverry,0.8749,3.27,2.45,baja,media
1439,996,Av. Santa Cruz,0.647,2.82,1.5,alta,baja
1439,1451,Av. Angamos,0.6924,3.01,2.2,media,baja
1439,339,Av. Caminos del Inca,0.7309,3.4,1.72,media,baja
1439,1163,Av. Brasil,0.7575,2.64,2.22,media,baja
1439,911,Av. Colonial,0.7604,3.46,1.37,alta,baja
1439,346,Av. La Marina,0.7814,2.95,2.2,baja,baja
1440,859,Av. Primavera,0.3693,1.94,1.26,baja,baja
1440,848,Av. Arequipa,0.6144,2.07,1.21,alta,baja
1440,1080,Av. Angamos,0.7237,2.99,1.65,media,baja
1440,468,Av. Aviacion,0.9231,2.64,2.03,media,baja
1440,606,Av. Primavera,1.0919,3.86,2.79,alta,baja
1440,380,Av. Petit Thouars,1.1345,3.55,2.81,baja,baja
1441,355,Av. El Derby,0.2746,1.44,0.76,alta,media
1441,381,Av. La Marina,0.3066,2.56,0.68,alta,media
1441,1226,Av. El Derby,0.4148,2.18,1.27,baja,media
1441,1450,Av. Primavera,0.4247,2.9,1.92,baja,media
1441,1259,Av. Angamos,0.4361,2.7,1.78,alta,media
1441,563,Av. Tomas Marsano,0.4819,2.67,1.47,baja,media
1442,317,Av. Colonial,0.3058,1.87,0.76,alta,media
1442,618,Av. Aviacion,0.4433,2.44,1.22,baja,media
1442,1434,Av. La Marina,0.6611,2.86,1.36,alta,media
1442,593,Av. Aviacion,0.673,3.45,1.18,baja,media
1442,573,Av. La Encalada,0.7493,2.73,1.94,alta,media
1442,578,Av. Universitaria,0.7498,3.11,1.33,baja,media
1443,695,Av. Primavera,0.0638,1.04,1.07,media,alta
1443,769,Av. La Encalada,0.1508,2.07,1.65,alta,alta
1443,989,Av. Tomas Marsano,0.2202,1.66,1.7,alta,alta
1443,41,Av. Tomas Marsano,0.3852,2.55,0.96,alta,alta
1443,901,Av. La Marina,0.4339,3.8,1.71,alta,alta
1443,970,Av. Angamos,0.4576,3.47,1.31,alta,alta
1444,417,Av. Primavera,0.4912,1.69,1.61,alta,baja
1444,806,Av. Brasil,0.5823,2.07,2.13,baja,baja
1444,25,Av. Universitaria,0.6203,2.35,2.19,baja,baja
1444,521,Av. Aviacion,1.0218,2.81,1.62,media,baja
1444,1479,Av. Javier Prado,1.125,3.99,1.91,media,baja
1444,176,Av. Salaverry,1.1813,3.91,2.67,baja,baja
1445,1070,Av. Arequipa,0.1938,1.63,0.57,alta,alta
1445,1113,Av. Brasil,0.2577,1.58,1.79,alta,alta
1445,852,Av. Universitaria,0.5352,3.71,1.11,alta,alta
1445,509,Av. Santa Cruz,0.6144,3.34,2.15,media,alta
1445,1351,Av. La Marina,0.6198,3.29,1.29,alta,alta
1445,931,Av. Arequipa,0.6378,3.86,1.84,alta,alta
1446,894,Av. Arequipa,0.0581,0.85,1.32,alta,baja
1446,363,Av. Salaverry,0.3741,2.81,1.08,media,baja
1446,1098,Via Expresa,0.5035,1.7,1.06,alta,baja
1446,913,Av. La Marina,0.5531,2.79,1.94,media,baja
1446,514,Av. Javier Prado,0.8686,2.61,1.93,alta,baja
1446,1022,Av. Salaverry,0.8897,3.31,1.8,media,baja
1447,539,Av. Primavera,0.4235,2.12,1.17,baja,baja
1447,292,Av. Primavera,0.8152,2.85,1.45,media,baja
1447,999,Av. Aviacion,1.0994,3.56,1.74,baja,baja
1447,389,Av. El Derby,1.3351,4.03,1.97,media,baja
1447,116,Av. Aviacion,1.4572,5.26,2.28,baja,baja
1447,1361,Av. Angamos,1.4702,4.34,3.18,alta,baja
1448,517,Av. La Encalada,0.2478,1.82,1.63,media,baja
1448,1436,Av. Tomas Marsano,0.3223,2.61,1.67,alta,baja
1448,717,Av. La Encalada,0.3965,1.56,1.54,baja,baja
1448,210,Av. Salaverry,0.8003,3.18,1.76,baja,baja
1448,609,Av. Tomas Marsano,0.844,3.35,2.43,alta,baja
1448,9,Av. Angamos,0.8647,2.61,1.48,media,baja
1449,857,Av. Caminos del Inca,0.2229,1.14,1.34,alta,baja
1449,800,Av. La Encalada,0.8788,2.89,1.98,media,baja
1449,471,Av. Universitaria,1.2521,3.38,2.63,alta,baja
1449,962,Av. Javier Prado,1.293,3.66,2.01,alta,baja
1449,449,Av. El Derby,1.3421,4.05,1.95,media,baja
1449,33,Av. 28 de Julio,1.448,5.39,2.08,alta,baja
1450,381,Av. Santa Cruz,0.2472,2.13,1.27,media,media
1450,1259,Av. Colonial,0.3613,1.77,1.6,alta,media
1450,163,Av. Larco,0.4184,2.18,1.62,media,media
1450,1441,Av. Colonial,0.4247,2.42,1.32,baja,media
1450,968,Av. Santa Cruz,0.4929,2.97,1.82,baja,media
1450,1127,Av. Salaverry,0.5319,2.98,1.67,baja,media
1451,911,Av. Santa Cruz,0.0914,1.73,0.95,alta,baja
1451,752,Av. Universitaria,0.3838,1.72,1.43,alta,baja
1451,579,Av. Benavides,0.6251,2.83,1.09,baja,baja
1451,346,Av. Petit Thouars,0.6677,3.18,1.49,media,baja
1451,1439,Av. Tomas Marsano,0.6924,2.61,2.2,baja,baja
1451,221,Av. Salaverry,0.735,2.75,2.18,alta,baja
1452,1085,Av. Universitaria,0.3674,1.89,1.88,alta,baja
1452,548,Av. Colonial,0.5431,2.81,1.62,baja,baja
1452,770,Av. Javier Prado,0.616,2.51,1.15,alta,baja
1452,298,Av. Arequipa,0.6757,2.76,1.24,alta,baja
1452,1357,Av. Santa Cruz,0.6788,2.53,1.54,alta,baja
1452,89,Av. Angamos,0.6845,2.15,1.38,media,baja
1453,1400,Av. La Marina,0.5965,2.32,1.32,baja,media
1453,731,Av. Arequipa,0.7485,3.72,1.39,media,media
1453,497,Av. 28 de Julio,0.8316,3.89,2.45,alta,media
1453,816,Av. Larco,0.8797,3.88,1.79,baja,media
1453,664,Av. Primavera,1.0779,4.42,2.44,baja,media
1453,732,Av. 28 de Julio,1.0972,3.91,2.37,baja,media
1454,117,Av. Petit Thouars,0.1936,1.7,0.97,alta,baja
1454,639,Av. Primavera,0.8367,2.46,1.44,baja,baja
1454,101,Av. La Encalada,0.8575,3.61,1.5,media,baja
1454,332,Av. Aviacion,0.8694,3.52,2.06,alta,baja
1454,1414,Av. Primavera,1.0745,3.66,2.36,baja,baja
1454,438,Av. Universitaria,1.0997,4.55,1.96,alta,baja
1455,171,Av. Larco,0.3187,2.1,1.51,baja,baja
1455,1223,Av. El Derby,0.4757,2.6,1.03,media,baja
1455,617,Via Expresa,0.5902,2.15,1.44,media,baja
1455,745,Av. La Encalada,0.7264,2.94,2.26,alta,baja
1455,252,Av. Primavera,0.7662,3.63,1.74,baja,baja
1455,762,Av. Primavera,0.7673,2.37,1.64,baja,baja
1456,100,Av. Javier Prado,0.3164,1.58,0.91,baja,baja
1456,779,Av. Benavides,0.5343,2.09,1.57,alta,baja
1456,537,Av. 28 de Julio,0.6413,2.99,1.08,baja,baja
1456,506,Av. 28 de Julio,0.71,2.21,2.23,baja,baja
1456,486,Av. Santa Cruz,0.7152,2.46,1.2,alta,baja
1456,752,Av. Aviacion,0.7955,3.31,1.85,alta,baja
1457,772,Av. Universitaria,0.1701,2.41,0.69,baja,media
1457,1426,Av. Larco,0.3775,1.9,1.24,alta,media
1457,268,Av. Santa Cruz,0.4138,2.15,0.82,media,media
1457,854,Av. Angamos,0.5847,3.1,1.27,alta,media
1457,70,Av. Brasil,0.6163,3.29,2.11,media,media
1457,872,Av. Arequipa,0.6334,3.4,1.95,alta,media
1458,512,Av. Santa Cruz,0.2996,2.34,1.34,baja,baja
1458,947,Av. Tomas Marsano,0.3072,2.5,1.7,media,baja
1458,169,Av. Arequipa,0.4089,1.94,1.64,media,baja
1458,85,Av. Tomas Marsano,0.4127,2.7,1.83,baja,baja
1458,1194,Av. Colonial,0.464,2.72,1.83,alta,baja
1458,818,Av. Universitaria,0.5081,1.68,2.08,baja,baja
1459,1253,Av. Primavera,0.2843,2.0,1.83,baja,baja
1459,176,Av. Larco,0.311,1.49,1.54,baja,baja
1459,521,Av. El Derby,0.6186,2.23,1.15,media,baja
1459,25,Av. Arequipa,0.8654,2.96,1.58,media,baja
1459,741,Av. Caminos del Inca,0.9806,2.93,2.45,alta,baja
1459,1213,Av. La Marina,1.0573,3.33,2.67,baja,baja
1460,1043,Av. Primavera,0.2751,2.23,1.25,baja,baja
1460,1236,Av. La Marina,0.2923,1.88,1.11,alta,baja
1460,371,Via Expresa,0.4133,2.23,1.73,alta,baja
1460,147,Av. Larco,0.4532,2.25,1.55,media,baja
1460,1204,Via Expresa,0.6098,2.8,1.32,alta,baja
1460,567,Av. Aviacion,0.7656,3.36,1.74,baja,baja
1461,820,Av. Brasil,0.2275,1.44,0.96,baja,media
1461,1084,Via Expresa,0.3761,1.92,1.81,media,media
1461,195,Av. Javier Prado,0.3884,3.01,1.16,alta,media
1461,589,Av. Caminos del Inca,0.3937,1.92,1.58,baja,media
1461,1490,Av. Salaverry,0.4893,1.93,1.25,media,media
1461,680,Av. 28 de Julio,0.4937,3.17,1.44,baja,media
1462,0,Av. Angamos,0.3657,2.57,1.21,alta,muy_alta
1462,310,Av. Tomas Marsano,0.3858,3.0,1.07,baja,muy_alta
1462,410,Av. Benavides,0.573,4.47,1.65,baja,muy_alta
1462,158,Av. 28 de Julio,0.8283,5.73,2.13,media,muy_alta
1462,646,Av. El Derby,0.8568,6.09,2.32,media,muy_alta
1462,105,Av. Brasil,0.8892,5.82,1.84,baja,muy_alta
1463,1039,Av. Universitaria,0.3612,2.62,1.75,alta,alta
1463,836,Av. La Marina,0.5368,3.19,2.07,alta,alta
1463,847,Av. Caminos del Inca,0.7788,4.7,1.97,media,alta
1463,286,Av. Petit Thouars,0.8159,4.08,1.34,media,alta
1463,1332,Av. Primavera,0.8434,4.25,1.56,alta,alta
1463,461,Av. Javier Prado,0.919,4.21,1.85,media,alta
1464,639,Av. Angamos,0.6348,2.18,2.21,media,baja
1464,1135,Av. La Marina,0.6411,2.01,1.1,baja,baja
1464,736,Via Expresa,0.6863,2.99,1.37,baja,baja
1464,277,Av. Larco,0.742,2.39,1.45,media,baja
1464,1414,Av. Angamos,0.9023,3.59,2.06,baja,baja
1464,746,Av. Santa Cruz,1.0863,2.98,2.29,baja,baja
1465,1094,Av. Arequipa,0.1443,1.15,1.52,alta,media
1465,818,Av. La Encalada,0.166,1.32,0.63,media,media
1465,85,Av. Petit Thouars,0.2249,1.71,1.08,baja,media
1465,452,Av. 28 de Julio,0.2974,2.46,1.59,media,media
1465,631,Av. Colonial,0.3673,2.52,1.37,media,media
1465,133,Av. Aviacion,0.3759,2.79,1.52,alta,media
1466,427,Av. La Encalada,0.1825,1.24,0.99,alta,baja
1466,875,Av. Brasil,0.3929,1.93,1.01,media,baja
1466,210,Av. Javier Prado,0.5082,3.04,1.95,media,baja
1466,609,Av. Colonial,0.5555,2.07,1.9,media,baja
1466,1272,Av. Universitaria,0.6046,2.24,1.04,alta,baja
1466,1353,Av. El Derby,0.6162,1.93,1.38,alta,baja
1467,427,Av. Caminos del Inca,0.6649,2.28,1.25,baja,baja
1467,210,Av. Colonial,0.8281,2.62,1.75,baja,baja
1467,1466,Av. Benavides,0.8414,2.63,2.04,media,baja
1467,39,Av. Petit Thouars,0.8512,3.43,1.43,baja,baja
1467,104,Av. Petit Thouars,0.8903,2.58,2.1,alta,baja
1467,1379,Av. 28 de Julio,0.9616,2.95,1.78,baja,baja
1468,906,Av. La Encalada,0.1896,2.3,0.99,baja,baja
1468,433,Av. La Marina,0.4551,1.61,1.84,media,baja
1468,1331,Av. Santa Cruz,0.6523,3.16,1.22,alta,baja
1468,337,Av. Colonial,0.7042,2.52,1.43,baja,baja
1468,1285,Av. Primavera,0.7353,3.12,1.32,alta,baja
1468,1327,Via Expresa,0.7382,2.76,1.46,media,baja
1469,1062,Av. Universitaria,0.33,2.18,1.04,baja,baja
1469,343,Av. El Derby,0.6472,3.17,1.18,baja,baja
1469,1069,Via Expresa,0.6593,2.51,1.26,alta,baja
1469,383,Via Expresa,0.813,2.65,2.07,alta,baja
1469,1233,Av. El Derby,0.8534,3.39,1.94,alta,baja
1469,348,Av. Aviacion,0.9523,3.06,2.07,alta,baja
1470,250,Av. Angamos,0.5398,3.06,1.3,media,media
1470,824,Av. Benavides,0.5465,2.27,1.73,media,media
1470,1293,Av. Arequipa,0.7031,2.5,1.49,baja,media
1470,130,Av. Colonial,0.8087,3.57,1.86,alta,media
1470,325,Av. Colonial,0.8517,4.16,1.57,baja,media
1470,716,Av. Aviacion,0.8757,3.74,2.06,media,media
1471,1357,Av. El Derby,0.2903,2.06,0.66,alta,baja
1471,1104,Av. Universitaria,0.4246,1.78,1.37,alta,baja
1471,89,Av. Javier Prado,0.4864,2.78,0.94,media,baja
1471,1256,Av. Santa Cruz,0.6556,2.46,1.92,media,baja
1471,59,Av. Benavides,0.7107,2.76,1.84,baja,baja
1471,548,Av. El Derby,0.812,3.28,2.44,alta,baja
1472,483,Av. Salaverry,0.0854,1.58,1.05,alta,baja
1472,1192,Av. Caminos del Inca,0.1685,2.32,0.99,baja,baja
1472,333,Av. Angamos,0.2224,1.25,1.11,baja,baja
1472,1402,Av. Brasil,0.273,1.54,1.26,media,baja
1472,764,Av. Javier Prado,0.3203,1.39,1.8,media,baja
1472,253,Av. Javier Prado,0.494,2.86,1.08,baja,baja
1473,78,Av. El Derby,0.6446,3.38,2.21,media,alta
1473,1126,Av. Universitaria,0.7661,3.13,1.99,media,alta
1473,561,Av. Arequipa,0.8721,5.17,2.46,media,alta
1473,793,Av. La Marina,1.0272,5.0,1.8,alta,alta
1473,712,Av. El Derby,1.211,5.66,2.04,baja,alta
1473,1248,Av. Primavera,1.4976,6.71,2.79,alta,alta
1474,476,Av. Colonial,0.1553,1.25,1.57,baja,media
1474,964,Av. La Encalada,0.1583,1.3,1.5,alta,media
1474,40,Av. Salaverry,0.2118,1.93,0.62,baja,media
1474,1114,Av. Petit Thouars,0.26,1.76,1.69,alta,media
1474,412,Av. Larco,0.3348,2.58,1.75,baja,media
1474,481,Av. Petit Thouars,0.4241,1.86,1.51,alta,media
1475,345,Av. Santa Cruz,0.2384,1.73,1.15,baja,media
1475,386,Av. Tomas Marsano,0.2857,2.53,1.75,media,media
1475,880,Av. Salaverry,0.3428,2.19,1.35,media,media
1475,713,Av. Primavera,0.4358,2.34,1.04,media,media
1475,42,Av. Petit Thouars,0.4639,2.55,0.91,media,media
1475,1429,Av. Primavera,0.5668,3.04,1.62,media,media
1476,485,Av. Arequipa,0.1908,1.64,1.61,baja,media
1476,1429,Av. Primavera,0.222,2.24,1.02,alta,media
1476,387,Av. Tomas Marsano,0.2883,2.25,1.17,baja,media
1476,1148,Av. La Marina,0.3155,1.65,1.71,baja,media
1476,1013,Av. Larco,0.4199,2.4,1.24,baja,media
1476,858,Av. Javier Prado,0.433,2.34,0.94,alta,media
1477,1257,Av. Brasil,0.4375,2.2,1.63,alta,baja
1477,23,Av. Caminos del Inca,0.7665,2.58,1.58,alta,baja
1477,694,Via Expresa,1.1514,4.05,2.62,alta,baja
1477,1256,Av. Javier Prado,1.3466,3.65,2.36,alta,baja
1477,488,Av. Aviacion,1.3976,4.0,2.32,media,baja
1477,382,Av. Javier Prado,1.5685,4.7,2.32,baja,baja
1478,910,Av. Benavides,0.3927,1.78,1.78,alta,baja
1478,1494,Av. Aviacion,0.5173,1.73,0.93,baja,baja
1478,1428,Av. Tomas Marsano,0.5349,2.9,1.27,baja,baja
1478,1369,Av. Tomas Marsano,0.5712,3.07,1.04,baja,baja
1478,483,Av. Universitaria,0.6183,2.78,1.74,media,baja
1478,400,Av. Salaverry,0.6197,2.62,1.66,baja,baja
1479,739,Av. Primavera,0.2338,2.2,1.21,media,baja
1479,384,Av. Larco,0.2931,1.76,1.76,alta,baja
1479,710,Av. Tomas Marsano,0.4438,1.9,0.95,baja,baja
1479,365,Av. Primavera,0.6475,2.15,1.58,alta,baja
1479,128,Av. Javier Prado,0.7662,3.15,1.5,alta,baja
1479,806,Av. Brasil,0.8698,3.75,1.45,alta,baja
1480,182,Av. Larco,0.0771,1.02,0.86,media,media
1480,715,Av. Arequipa,0.4022,2.55,0.9,alta,media
1480,1132,Av. Javier Prado,0.5144,2.1,1.74,media,media
1480,1003,Av. 28 de Julio,0.528,2.57,1.92,media,media
1480,170,Av. Primavera,0.6524,2.48,1.45,media,media
1480,1230,Av. Benavides,0.6647,3.88,1.51,alta,media
1481,494,Av. La Encalada,0.0895,2.23,1.19,media,media
1481,905,Av. Aviacion,0.1211,1.44,0.93,baja,media
1481,222,Av. Aviacion,0.194,1.75,1.04,alta,media
1481,568,Av. Larco,0.2091,2.18,1.3,media,media
1481,518,Av. Angamos,0.2826,1.65,1.46,alta,media
1481,661,Av. Aviacion,0.3372,2.74,1.74,alta,media
1482,313,Via Expresa,0.3729,2.25,1.1,baja,baja
1482,598,Av. Larco,0.4099,1.55,1.04,alta,baja
1482,107,Av. Angamos,0.4177,2.56,1.61,baja,baja
1482,940,Av. Larco,0.4633,2.73,1.78,baja,baja
1482,1417,Av. Arequipa,0.5085,2.2,1.62,baja,baja
1482,1346,Av. Brasil,0.6505,2.48,2.1,media,baja
1483,138,Av. La Marina,0.4292,1.85,0.84,baja,baja
1483,1299,Av. Universitaria,0.7466,2.76,2.26,alta,baja
1483,200,Av. El Derby,0.8199,3.42,1.65,baja,baja
1483,681,Av. La Marina,0.9936,3.69,1.92,baja,baja
1483,324,Av. Javier Prado,1.0519,4.12,2.74,baja,baja
1483,594,Av. Primavera,1.1524,4.16,2.79,alta,baja
1484,958,Av. 28 de Julio,0.2463,1.65,1.32,alta,baja
1484,522,Av. 28 de Julio,0.3571,2.02,0.79,media,baja
1484,519,Av. Tomas Marsano,0.476,3.09,0.91,media,baja
1484,249,Av. Colonial,0.5406,1.78,0.99,alta,baja
1484,851,Av. Salaverry,0.6081,3.32,2.15,media,baja
1484,825,Av. Benavides,0.6102,3.05,1.26,media,baja
1485,291,Av. Tomas Marsano,0.3312,1.28,1.64,alta,baja
1485,830,Av. Primavera,0.6709,2.96,1.81,media,baja
1485,128,Av. Javier Prado,0.6787,2.14,2.05,alta,baja
1485,710,Av. Salaverry,0.7339,2.47,1.95,alta,baja
1485,665,Av. Universitaria,0.9613,2.77,2.45,media,baja
1485,1479,Av. El Derby,1.1365,3.9,2.5,alta,baja
1486,847,Av. 28 de Julio,0.3923,3.03,1.3,baja,alta
1486,461,Av. Colonial,0.4525,3.54,1.47,alta,alta
1486,286,Av. Angamos,0.4996,2.83,1.46,alta,alta
1486,561,Av. La Marina,0.834,4.74,1.37,baja,alta
1486,1332,Av. Universitaria,0.8574,4.54,2.12,media,alta
1486,1301,Av. La Encalada,0.8711,5.39,2.37,media,alta
1487,18,Av. Javier Prado,0.1273,1.65,0.78,media,baja
1487,1222,Av. Brasil,0.2748,1.17,1.31,alta,baja
1487,67,Av. Colonial,0.2826,1.9,1.05,baja,baja
1487,377,Av. Brasil,0.301,1.79,1.5,baja,baja
1487,846,Av. Tomas Marsano,0.3135,1.35,1.06,alta,baja
1487,1142,Av. Benavides,0.3503,1.27,1.25,media,baja
1488,904,Av. Santa Cruz,0.3075,2.2,1.75,media,baja
1488,1000,Av. 28 de Julio,0.5055,2.73,1.93,alta,baja
1488,1217,Av. Tomas Marsano,0.5965,1.99,1.33,baja,baja
1488,723,Av. Petit Thouars,0.9074,3.86,2.15,alta,baja
1488,28,Av. Brasil,0.9191,3.53,2.13,media,baja
1488,202,Av. La Encalada,0.9381,3.21,2.14,media,baja
1489,289,Av. Brasil,0.7681,2.4,1.49,media,baja
1489,1314,Av. Javier Prado,0.787,3.27,2.4,alta,baja
1489,862,Av. Benavides,0.7996,2.41,1.58,media,baja
1489,699,Av. Universitaria,1.1396,3.0,2.84,alta,baja
1489,371,Av. Aviacion,1.5504,4.43,2.9,media,baja
1489,990,Av. La Encalada,1.7208,4.71,3.22,baja,baja
1490,680,Av. Benavides,0.0189,1.93,0.47,media,media
1490,651,Av. Arequipa,0.2045,1.24,0.82,baja,media
1490,860,Av. Benavides,0.299,2.46,1.43,alta,media
1490,820,Av. Javier Prado,0.3206,2.26,1.06,media,media
1490,1198,Av. Benavides,0.3477,2.09,1.53,media,media
1490,195,Av. Benavides,0.4552,3.17,1.69,media,media
1491,408,Av. Petit Thouars,0.1053,1.13,0.72,media,media
1491,891,Av. Arequipa,0.1677,1.3,1.26,alta,media
1491,460,Av. Colonial,0.2242,1.13,0.82,media,media
1491,455,Av. La Encalada,0.2529,1.85,0.65,alta,media
1491,1366,Av. Universitaria,0.3493,2.48,1.25,alta,media
1491,315,Av. Tomas Marsano,0.3743,1.98,1.15,alta,media
1492,929,Av. Aviacion,0.543,2.77,2.07,media,media
1492,691,Av. Santa Cruz,0.5783,1.93,1.46,alta,media
1492,1020,Av. El Derby,0.7308,2.68,2.34,media,media
1492,1282,Av. La Marina,0.8799,3.88,2.15,alta,media
1492,1240,Via Expresa,0.9684,3.85,2.46,alta,media
1492,1200,Av. Brasil,1.0277,3.97,2.52,baja,media
1493,1129,Av. Tomas Marsano,0.11,1.96,0.94,media,baja
1493,1018,Av. Santa Cruz,0.2387,1.62,1.5,media,baja
1493,457,Av. Petit Thouars,0.2945,2.15,0.88,media,baja
1493,353,Av. Aviacion,0.4637,2.71,1.88,baja,baja
1493,1365,Av. Petit Thouars,0.5635,3.25,1.86,baja,baja
1493,537,Av. Universitaria,0.5684,2.64,1.08,baja,baja
1494,1428,Av. Benavides,0.0695,1.36,0.4,alta,alta
1494,910,Av. Javier Prado,0.1291,1.56,0.63,alta,alta
1494,400,Av. 28 de Julio,0.2386,1.8,1.52,baja,alta
1494,1157,Av. Petit Thouars,0.2865,2.98,1.72,alta,alta
1494,1192,Av. Larco,0.5018,3.5,1.81,baja,alta
1494,1478,Av. Aviacion,0.5173,3.8,1.01,media,alta
1495,969,Av. Primavera,0.1784,2.11,1.19,baja,baja
1495,1211,Av. Arequipa,0.2768,1.05,0.99,alta,baja
1495,673,Av. La Encalada,0.6592,2.33,1.64,media,baja
1495,1019,Av. Benavides,0.7717,3.49,2.11,baja,baja
1495,109,Av. 28 de Julio,0.9769,3.71,2.2,alta,baja
1495,1412,Av. Aviacion,0.9871,3.61,1.5,baja,baja
1496,344,Av. Salaverry,0.3759,2.65,1.32,alta,baja
1496,655,Av. Aviacion,0.3902,1.89,1.29,baja,baja
1496,1131,Av. Petit Thouars,0.3947,1.99,1.33,alta,baja
1496,534,Av. La Encalada,0.42,2.69,0.95,alta,baja
1496,1068,Av. Caminos del Inca,0.7481,3.29,2.28,baja,baja
1496,995,Av. Primavera,0.7658,2.59,1.37,alta,baja
1497,1079,Av. Universitaria,0.2456,2.32,1.35,baja,baja
1497,353,Av. Larco,0.3051,2.12,0.94,baja,baja
1497,583,Av. El Derby,0.4618,2.12,1.91,baja,baja
1497,1365,Av. Caminos del Inca,0.471,2.5,0.96,media,baja
1497,148,Av. Colonial,0.5233,2.03,1.68,alta,baja
1497,44,Av. Primavera,0.5331,2.21,1.69,baja,baja
1498,937,Av. La Encalada,0.1518,1.89,0.95,media,alta
1498,957,Via Expresa,0.8004,3.92,2.38,alta,alta
1498,269,Av. Angamos,0.9342,4.21,2.15,media,alta
1498,633,Av. Brasil,1.0142,5.38,2.17,baja,alta
1498,620,Av. Aviacion,1.0552,5.59,2.02,alta,alta
1498,1301,Via Expresa,1.1977,4.68,2.55,baja,alta
1499,1260,Av. Arequipa,0.1283,1.07,0.76,alta,media
1499,676,Av. Colonial,0.2289,1.75,1.09,alta,media
1499,1140,Av. Brasil,0.3075,2.66,1.0,baja,media
1499,821,Av. Primavera,0.3343,1.33,1.66,alta,media
1499,196,Av. Aviacion,0.379,2.01,1.2,media,media
1499,349,Av. Javier Prado,0.3953,2.73,0.97,baja,media
