nodo_id,nombre,tipo,distrito,demanda_nivel,latitud,longitud,pedidos_hora,capacidad
0,Cliente #0 (Los Olivos),cliente,Los Olivos,baja,-11.975071,-77.066082,4,2
1,Intersec. Av. La Marina (Chorrillos),interseccion,Chorrillos,media,-12.177557,-77.001971,0,0
2,Intersec. Av. Primavera (Puente Piedra),interseccion,Puente Piedra,baja,-11.856303,-77.072184,0,0
3,Intersec. Via Expresa (Lince),interseccion,Lince,media,-12.104343,-77.027291,0,0
4,Intersec. Av. Arequipa (Santa Anita),interseccion,Santa Anita,baja,-12.03875,-76.953138,0,0
5,Intersec. Av. La Marina (Carabayllo),interseccion,Carabayllo,baja,-11.868277,-77.04318,0,0
6,Hub Rappi Brena,hub_rappi,Brena,media,-12.049971,-77.034668,407,304
7,Intersec. Av. Primavera (Ate),interseccion,Ate,baja,-12.023255,-76.925433,0,0
8,Intersec. Av. Santa Cruz (San Borja),interseccion,San Borja,alta,-12.126122,-76.989806,0,0
9,Intersec. Av. Primavera (La Molina),interseccion,La Molina,media,-12.088744,-76.960236,0,0
10,Cliente #10 (Chorrillos),cliente,Chorrillos,media,-12.186558,-77.018475,4,3
11,Cliente #11 (Santa Anita),cliente,Santa Anita,baja,-12.057005,-76.977467,1,2
12,Cliente #12 (Lurin),cliente,Lurin,baja,-12.285373,-76.874922,2,2
13,Intersec. Av. Angamos (Los Olivos),interseccion,Los Olivos,baja,-11.991082,-77.051845,0,0
14,Intersec. Av. Javier Prado (Surco),interseccion,Surco,alta,-12.164584,-76.97801,0,0
15,Intersec. Av. Javier Prado (San Borja),interseccion,San Borja,alta,-12.127589,-76.99891,0,0
16,Intersec. Av. Primavera (Independencia),interseccion,Independencia,baja,-11.996061,-77.050908,0,0
17,Intersec. Av. Brasil (Villa El Salvador),interseccion,Villa El Salvador,baja,-12.226707,-76.957841,0,0
18,Intersec. Av. Petit Thouars (Lince),interseccion,Lince,media,-12.10536,-77.025222,0,0
19,Intersec. Av. Santa Cruz (Brena),interseccion,Brena,media,-12.080682,-77.03982,0,0
20,Cliente #20 (San Juan Lurig),cliente,San Juan Lurig,baja,-12.151884,-76.969994,5,1
21,Intersec. Av. Santa Cruz (San Miguel),interseccion,San Miguel,media,-12.09154,-77.1029,0,0
22,Intersec. Av. 28 de Julio (Pachacamac),interseccion,Pachacamac,baja,-12.226406,-76.87389,0,0
23,Intersec. Av. La Encalada (Surco),interseccion,Surco,alta,-12.132458,-77.001903,0,0
24,Intersec. Av. La Marina (El Agustino),interseccion,El Agustino,baja,-12.027133,-77.012028,0,0
25,Cliente #25 (Magdalena),cliente,Magdalena,media,-12.110792,-77.087294,4,1
26,Bembos (Lince),restaurante,Lince,media,-12.074649,-77.022679,47,25
27,Cliente #27 (Barranco),cliente,Barranco,alta,-12.142406,-77.005821,3,2
28,Hub Rappi San Miguel,hub_rappi,San Miguel,media,-12.085509,-77.097137,126,405
29,Intersec. Av. Larco (La Molina),interseccion,La Molina,media,-12.093148,-76.929568,0,0
30,Intersec. Av. Santa Cruz (Carabayllo),interseccion,Carabayllo,baja,-11.899219,-77.017366,0,0
31,KFC (Los Olivos),restaurante,Los Olivos,baja,-11.980524,-77.066004,31,76
32,Cliente #32 (San Martin Porres),cliente,San Martin Porres,baja,-12.037395,-77.071966,1,2
33,Cliente #33 (Los Olivos),cliente,Los Olivos,baja,-11.975519,-77.065005,4,3
34,Intersec. Av. Brasil (Ate),interseccion,Ate,baja,-12.020541,-76.927825,0,0
35,McDonald's (Comas),restaurante,Comas,baja,-11.960935,-77.067716,17,77
36,Intersec. Av. Salaverry (Lince),interseccion,Lince,media,-12.066958,-77.057416,0,0
37,Intersec. Av. Petit Thouars (Jesus Maria),interseccion,Jesus Maria,media,-12.087755,-77.062672,0,0
38,Cliente #38 (Pachacamac),cliente,Pachacamac,baja,-12.249469,-76.861701,3,1
39,Cliente #39 (Miraflores),cliente,Miraflores,muy_alta,-12.136104,-77.040205,5,2
40,Cliente #40 (San Juan Lurig),cliente,San Juan Lurig,baja,-12.154692,-76.967535,5,1
41,Cliente #41 (Pachacamac),cliente,Pachacamac,baja,-12.237258,-76.860711,1,2
42,Intersec. Av. Petit Thouars (Lima Cercado),interseccion,Lima Cercado,media,-12.038972,-77.029312,0,0
43,Intersec. Av. Petit Thouars (Barranco),interseccion,Barranco,alta,-12.135563,-77.000497,0,0
44,Cliente #44 (Miraflores),cliente,Miraflores,muy_alta,-12.11243,-77.007084,1,1
45,Hub Rappi San Isidro,hub_rappi,San Isidro,muy_alta,-12.114694,-77.026,273,210
46,Cliente #46 (Surco),cliente,Surco,alta,-12.130887,-76.995856,5,2
47,Hub Rappi Barranco,hub_rappi,Barranco,alta,-12.153844,-77.030271,344,496
48,Cliente #48 (Independencia),cliente,Independencia,baja,-11.98553,-77.059773,4,3
49,Cliente #49 (Lince),cliente,Lince,media,-12.07905,-77.026619,4,1
50,Hub Rappi Surco,hub_rappi,Surco,alta,-12.158757,-77.009604,163,490
51,Intersec. Av. Benavides (Surco),interseccion,Surco,alta,-12.152983,-77.015332,0,0
52,Cliente #52 (Los Olivos),cliente,Los Olivos,baja,-11.973973,-77.065281,4,3
53,Cliente #53 (Magdalena),cliente,Magdalena,media,-12.068677,-77.085435,2,2
54,Intersec. Av. Benavides (San Juan Lurig),interseccion,San Juan Lurig,baja,-12.148465,-76.960166,0,0
55,Intersec. Av. 28 de Julio (San Juan Lurig),interseccion,San Juan Lurig,baja,-12.17901,-76.973086,0,0
56,Intersec. Av. Larco (Carabayllo),interseccion,Carabayllo,baja,-11.86017,-77.022858,0,0
57,Cliente #57 (Carabayllo),cliente,Carabayllo,baja,-11.892911,-77.038702,1,1
58,Cliente #58 (Lurin),cliente,Lurin,baja,-12.291256,-76.866645,5,1
59,Cliente #59 (Villa Maria),cliente,Villa Maria,baja,-12.153289,-76.935056,3,3
60,Cliente #60 (Lima Cercado),cliente,Lima Cercado,media,-12.063649,-77.041841,5,1
61,Cliente #61 (Rimac),cliente,Rimac,baja,-12.042728,-77.024039,4,2
62,Intersec. Av. Arequipa (Brena),interseccion,Brena,media,-12.07432,-77.066422,0,0
63,Cliente #63 (Pueblo Libre),cliente,Pueblo Libre,media,-12.062653,-77.049445,4,2
64,Intersec. Av. Salaverry (Santa Anita),interseccion,Santa Anita,baja,-12.06624,-76.98168,0,0
65,Cliente #65 (Lima Cercado),cliente,Lima Cercado,media,-12.031913,-77.044589,1,3
66,Cliente #66 (Lince),cliente,Lince,media,-12.067839,-77.024513,3,2
67,Intersec. Av. Benavides (Callao),interseccion,Callao,baja,-12.06212,-77.128639,0,0
68,Cliente #68 (Barranco),cliente,Barranco,alta,-12.139347,-77.013329,3,3
69,Cliente #69 (Lima Cercado),cliente,Lima Cercado,media,-12.041716,-77.048118,3,1
70,Intersec. Av. Javier Prado (Magdalena),interseccion,Magdalena,media,-12.067659,-77.071799,0,0
71,Intersec. Av. La Encalada (Puente Piedra),interseccion,Puente Piedra,baja,-11.875115,-77.067741,0,0
72,Cliente #72 (Brena),cliente,Brena,media,-12.059382,-77.062962,1,1
73,Intersec. Av. Tomas Marsano (San Miguel),interseccion,San Miguel,media,-12.078329,-77.074661,0,0
74,Intersec. Av. Salaverry (Puente Piedra),interseccion,Puente Piedra,baja,-11.870117,-77.074367,0,0
75,Intersec. Av. La Marina (Magdalena),interseccion,Magdalena,media,-12.099625,-77.050592,0,0
76,Hub Rappi Villa Maria,hub_rappi,Villa Maria,baja,-12.17658,-76.957681,153,280
77,Intersec. Av. Angamos (Barranco),interseccion,Barranco,alta,-12.141485,-77.011281,0,0
78,Intersec. Av. La Encalada (Villa El Salvador),interseccion,Villa El Salvador,baja,-12.221474,-76.957987,0,0
79,Cliente #79 (Independencia),cliente,Independencia,baja,-12.010006,-77.071329,4,1
80,Intersec. Av. Benavides (Carabayllo),interseccion,Carabayllo,baja,-11.871327,-77.028928,0,0
81,Intersec. Av. Colonial (Santa Anita),interseccion,Santa Anita,baja,-12.055428,-76.967249,0,0
82,Intersec. Av. Colonial (Independencia),interseccion,Independencia,baja,-12.005454,-77.072015,0,0
83,Intersec. Av. Tomas Marsano (Surco),interseccion,Surco,alta,-12.146136,-77.020101,0,0
84,Cliente #84 (Lurin),cliente,Lurin,baja,-12.286301,-76.871231,1,1
85,Hub Rappi La Molina,hub_rappi,La Molina,media,-12.075546,-76.952346,417,343
86,Cliente #86 (Magdalena),cliente,Magdalena,media,-12.095173,-77.069489,2,3
87,Intersec. Av. Santa Cruz (Barranco),interseccion,Barranco,alta,-12.145219,-77.002801,0,0
88,Cliente #88 (Magdalena),cliente,Magdalena,media,-12.110707,-77.059096,4,2
89,Intersec. Av. 28 de Julio (Santa Anita),interseccion,Santa Anita,baja,-12.036575,-76.97726,0,0
90,Intersec. Av. Petit Thouars (Magdalena),interseccion,Magdalena,media,-12.097596,-77.05795,0,0
91,Hub Rappi Los Olivos,hub_rappi,Los Olivos,baja,-11.993823,-77.051382,161,437
92,Intersec. Av. Aviacion (San Miguel),interseccion,San Miguel,media,-12.079448,-77.085745,0,0
93,Cliente #93 (Callao),cliente,Callao,baja,-12.037658,-77.127833,1,2
94,Cliente #94 (Pueblo Libre),cliente,Pueblo Libre,media,-12.083675,-77.068349,3,1
95,Cliente #95 (Independencia),cliente,Independencia,baja,-11.995959,-77.078192,1,2
96,Hub Rappi Jesus Maria,hub_rappi,Jesus Maria,media,-12.086007,-77.048878,317,477
97,Intersec. Av. El Derby (San Miguel),interseccion,San Miguel,media,-12.071829,-77.073329,0,0
98,Pizza Hut (San Isidro),restaurante,San Isidro,muy_alta,-12.082278,-77.017118,35,45
99,Cliente #99 (Pachacamac),cliente,Pachacamac,baja,-12.210443,-76.869665,5,3
100,Cliente #100 (Surco),cliente,Surco,alta,-12.136048,-77.002131,2,3
101,Cliente #101 (Rimac),cliente,Rimac,baja,-12.029573,-77.016102,3,2
102,Intersec. Av. Larco (Jesus Maria),interseccion,Jesus Maria,media,-12.055766,-77.042386,0,0
103,Cliente #103 (Surco),cliente,Surco,alta,-12.167216,-76.99212,4,1
104,Cliente #104 (Los Olivos),cliente,Los Olivos,baja,-11.977897,-77.081213,4,2
105,Cliente #105 (San Miguel),cliente,San Miguel,media,-12.083148,-77.081971,2,3
106,Intersec. Av. Universitaria (Jesus Maria),interseccion,Jesus Maria,media,-12.092129,-77.05201,0,0
107,Intersec. Av. Primavera (El Agustino),interseccion,El Agustino,baja,-12.044297,-77.009892,0,0
108,Intersec. Av. Tomas Marsano (Jesus Maria),interseccion,Jesus Maria,media,-12.0951,-77.059868,0,0
109,Cliente #109 (Brena),cliente,Brena,media,-12.040629,-77.058607,3,1
110,Cliente #110 (San Martin Porres),cliente,San Martin Porres,baja,-12.03388,-77.078465,3,2
111,Cliente #111 (Ate),cliente,Ate,baja,-12.024157,-76.9074,2,1
112,Intersec. Av. Aviacion (Villa El Salvador),interseccion,Villa El Salvador,baja,-12.223592,-76.940043,0,0
113,Cliente #113 (Carabayllo),cliente,Carabayllo,baja,-11.874905,-77.030242,1,2
114,Intersec. Av. Benavides (La Molina),interseccion,La Molina,media,-12.073931,-76.935021,0,0
115,Intersec. Via Expresa (Rimac),interseccion,Rimac,baja,-12.010659,-77.031721,0,0
116,Intersec. Av. La Marina (Puente Piedra),interseccion,Puente Piedra,baja,-11.859838,-77.097726,0,0
117,Cliente #117 (San Miguel),cliente,San Miguel,media,-12.077078,-77.102767,1,1
118,Intersec. Av. Primavera (Comas),interseccion,Comas,baja,-11.942262,-77.063834,0,0
119,Intersec. Av. Caminos del Inca (Lima Cercado),interseccion,Lima Cercado,media,-12.024888,-77.022214,0,0
120,Cliente #120 (Lince),cliente,Lince,media,-12.083385,-77.024611,5,1
121,Intersec. Via Expresa (Lima Cercado),interseccion,Lima Cercado,media,-12.036026,-77.049402,0,0
122,Intersec. Av. Aviacion (Lince),interseccion,Lince,media,-12.084122,-77.024524,0,0
123,Cliente #123 (Lince),cliente,Lince,media,-12.063455,-77.036106,3,2
124,Intersec. Av. Santa Cruz (Comas),interseccion,Comas,baja,-11.96007,-77.038886,0,0
125,Cliente #125 (San Martin Porres),cliente,San Martin Porres,baja,-12.027484,-77.074016,5,3
126,Domino's (Callao),restaurante,Callao,baja,-12.060543,-77.135731,19,24
127,Intersec. Av. El Derby (Miraflores),interseccion,Miraflores,muy_alta,-12.122002,-77.022668,0,0
128,Cliente #128 (San Juan Lurig),cliente,San Juan Lurig,baja,-12.138706,-76.993072,2,3
129,Cliente #129 (San Isidro),cliente,San Isidro,muy_alta,-12.087174,-77.042727,4,2
130,Intersec. Av. Brasil (Carabayllo),interseccion,Carabayllo,baja,-11.870799,-77.046373,0,0
131,Cliente #131 (Carabayllo),cliente,Carabayllo,baja,-11.89368,-77.025029,1,1
132,Intersec. Av. Caminos del Inca (Ate),interseccion,Ate,baja,-12.043284,-76.91513,0,0
133,Cliente #133 (Pachacamac),cliente,Pachacamac,baja,-12.215862,-76.889019,4,3
134,Intersec. Av. Caminos del Inca (San Martin Porres),interseccion,San Martin Porres,baja,-12.035983,-77.075735,0,0
135,Cliente #135 (Villa El Salvador),cliente,Villa El Salvador,baja,-12.21748,-76.954101,2,2
136,Intersec. Av. Caminos del Inca (Callao),interseccion,Callao,baja,-12.044962,-77.119195,0,0
137,Cliente #137 (San Martin Porres),cliente,San Martin Porres,baja,-12.006391,-77.060095,2,2
138,Cliente #138 (Villa El Salvador),cliente,Villa El Salvador,baja,-12.19461,-76.928642,2,3
139,Intersec. Av. Caminos del Inca (Carabayllo),interseccion,Carabayllo,baja,-11.901325,-77.041352,0,0
140,Intersec. Av. Primavera (Comas),interseccion,Comas,baja,-11.930674,-77.06416,0,0
141,Intersec. Av. Javier Prado (Ate),interseccion,Ate,baja,-12.029758,-76.930143,0,0
142,Intersec. Av. Colonial (Comas),interseccion,Comas,baja,-11.919473,-77.049207,0,0
143,Chili's (San Juan Lurig),restaurante,San Juan Lurig,baja,-12.143625,-76.997967,63,86
144,Intersec. Av. Javier Prado (San Borja),interseccion,San Borja,alta,-12.122044,-76.995443,0,0
145,Intersec. Av. Petit Thouars (San Miguel),interseccion,San Miguel,media,-12.083533,-77.085689,0,0
146,Cliente #146 (San Miguel),cliente,San Miguel,media,-12.083508,-77.07025,1,2
147,Cliente #147 (San Juan Lurig),cliente,San Juan Lurig,baja,-12.180402,-76.994942,2,1
148,Cliente #148 (Brena),cliente,Brena,media,-12.082427,-77.040416,2,3
149,Cliente #149 (Miraflores),cliente,Miraflores,muy_alta,-12.130472,-77.029769,3,3
150,Cliente #150 (El Agustino),cliente,El Agustino,baja,-12.032236,-76.988421,2,1
151,Intersec. Via Expresa (Jesus Maria),interseccion,Jesus Maria,media,-12.068978,-77.039174,0,0
152,Intersec. Av. Javier Prado (Carabayllo),interseccion,Carabayllo,baja,-11.901034,-77.012478,0,0
153,Intersec. Av. El Derby (Surco),interseccion,Surco,alta,-12.129935,-76.993361,0,0
154,Hub Rappi Surco,hub_rappi,Surco,alta,-12.152046,-77.005798,221,265
155,Cliente #155 (Villa El Salvador),cliente,Villa El Salvador,baja,-12.198473,-76.927022,1,2
156,Cliente #156 (Los Olivos),cliente,Los Olivos,baja,-11.981877,-77.05457,4,3
157,Intersec. Av. Salaverry (Pueblo Libre),interseccion,Pueblo Libre,media,-12.071601,-77.053152,0,0
158,Intersec. Av. Larco (Santa Anita),interseccion,Santa Anita,baja,-12.063678,-76.955037,0,0
159,Intersec. Av. Salaverry (Lurin),interseccion,Lurin,baja,-12.278282,-76.862829,0,0
160,Intersec. Av. Santa Cruz (Puente Piedra),interseccion,Puente Piedra,baja,-11.861534,-77.073884,0,0
161,Intersec. Av. Petit Thouars (Santa Anita),interseccion,Santa Anita,baja,-12.044479,-76.945409,0,0
162,Cliente #162 (Lurin),cliente,Lurin,baja,-12.297765,-76.873663,3,2
163,Cliente #163 (Surco),cliente,Surco,alta,-12.152214,-77.009771,5,1
164,Cliente #164 (Lurin),cliente,Lurin,baja,-12.264416,-76.869336,3,2
165,Intersec. Av. Santa Cruz (San Isidro),interseccion,San Isidro,muy_alta,-12.102529,-77.024855,0,0
166,Cliente #166 (Surco),cliente,Surco,alta,-12.149573,-77.00207,1,1
167,Cliente #167 (San Miguel),cliente,San Miguel,media,-12.095718,-77.080201,5,2
168,Hub Rappi San Miguel,hub_rappi,San Miguel,media,-12.05899,-77.096073,461,482
169,Cliente #169 (Surco),cliente,Surco,alta,-12.147347,-76.985476,2,1
170,Cliente #170 (Jesus Maria),cliente,Jesus Maria,media,-12.084881,-77.061915,1,1
171,Cliente #171 (Lima Cercado),cliente,Lima Cercado,media,-12.062451,-77.022138,1,3
172,Cliente #172 (Los Olivos),cliente,Los Olivos,baja,-11.968115,-77.064062,5,1
173,Intersec. Av. Colonial (San Juan Lurig),interseccion,San Juan Lurig,baja,-12.170375,-76.968614,0,0
174,Intersec. Av. Primavera (Ate),interseccion,Ate,baja,-12.038915,-76.925823,0,0
175,Intersec. Av. Brasil (San Martin Porres),interseccion,San Martin Porres,baja,-12.025182,-77.054886,0,0
176,Intersec. Av. Aviacion (San Juan Lurig),interseccion,San Juan Lurig,baja,-12.165769,-76.959645,0,0
177,Intersec. Av. Caminos del Inca (San Martin Porres),interseccion,San Martin Porres,baja,-12.007482,-77.081406,0,0
178,Intersec. Av. Benavides (Carabayllo),interseccion,Carabayllo,baja,-11.872902,-77.050134,0,0
179,Cliente #179 (Puente Piedra),cliente,Puente Piedra,baja,-11.871772,-77.061848,2,2
180,Intersec. Av. 28 de Julio (Villa Maria),interseccion,Villa Maria,baja,-12.163153,-76.949266,0,0
181,Intersec. Av. Brasil (Brena),interseccion,Brena,media,-12.056909,-77.071373,0,0
182,Cliente #182 (Ate),cliente,Ate,baja,-12.023811,-76.930864,3,3
183,Intersec. Av. La Encalada (San Martin Porres),interseccion,San Martin Porres,baja,-12.037641,-77.077789,0,0
184,Intersec. Av. Santa Cruz (Jesus Maria),interseccion,Jesus Maria,media,-12.093106,-77.06007,0,0
185,Hub Rappi Carabayllo,hub_rappi,Carabayllo,baja,-11.893209,-77.025129,290,207
186,Intersec. Av. Benavides (Barranco),interseccion,Barranco,alta,-12.138066,-77.037783,0,0
187,Hub Rappi Miraflores,hub_rappi,Miraflores,muy_alta,-12.122552,-77.04753,204,325
188,Intersec. Av. La Marina (San Miguel),interseccion,San Miguel,media,-12.090739,-77.10328,0,0
189,Intersec. Av. La Encalada (Los Olivos),interseccion,Los Olivos,baja,-11.987412,-77.058251,0,0
190,Intersec. Av. Tomas Marsano (Rimac),interseccion,Rimac,baja,-12.03323,-77.038452,0,0
191,Intersec. Av. Colonial (Lince),interseccion,Lince,media,-12.080828,-77.015091,0,0
192,Intersec. Av. La Marina (Puente Piedra),interseccion,Puente Piedra,baja,-11.873398,-77.097982,0,0
193,Cliente #193 (El Agustino),cliente,El Agustino,baja,-12.022117,-76.994329,3,3
194,Hub Rappi Villa Maria,hub_rappi,Villa Maria,baja,-12.153094,-76.929306,457,386
195,Intersec. Av. Santa Cruz (Barranco),interseccion,Barranco,alta,-12.152294,-77.003644,0,0
196,Intersec. Av. Benavides (Jesus Maria),interseccion,Jesus Maria,media,-12.087582,-77.038221,0,0
197,Intersec. Av. Colonial (San Miguel),interseccion,San Miguel,media,-12.057858,-77.097617,0,0
198,Intersec. Av. Caminos del Inca (Villa Maria),interseccion,Villa Maria,baja,-12.177304,-76.932625,0,0
199,Intersec. Av. Caminos del Inca (Brena),interseccion,Brena,media,-12.05707,-77.073,0,0
200,Intersec. Av. Salaverry (Magdalena),interseccion,Magdalena,media,-12.082613,-77.078042,0,0
201,Cliente #201 (Magdalena),cliente,Magdalena,media,-12.098815,-77.072054,5,1
202,Intersec. Av. Brasil (San Borja),interseccion,San Borja,alta,-12.121649,-76.999974,0,0
203,Intersec. Av. Primavera (Lima Cercado),interseccion,Lima Cercado,media,-12.045637,-77.037793,0,0
204,Cliente #204 (Ate),cliente,Ate,baja,-12.014339,-76.89536,2,2
205,Cliente #205 (Lima Cercado),cliente,Lima Cercado,media,-12.045419,-77.034149,2,2
206,Intersec. Av. 28 de Julio (San Borja),interseccion,San Borja,alta,-12.115842,-77.017165,0,0
207,Intersec. Av. Colonial (San Martin Porres),interseccion,San Martin Porres,baja,-12.003208,-77.058633,0,0
208,Intersec. Av. Javier Prado (Chorrillos),interseccion,Chorrillos,media,-12.184569,-77.009249,0,0
209,Intersec. Av. Santa Cruz (Villa El Salvador),interseccion,Villa El Salvador,baja,-12.203534,-76.955242,0,0
210,TGI Fridays (Chorrillos),restaurante,Chorrillos,media,-12.170823,-77.042921,12,27
211,Cliente #211 (Lima Cercado),cliente,Lima Cercado,media,-12.065809,-77.024562,5,1
212,Hub Rappi San Martin Porres,hub_rappi,San Martin Porres,baja,-12.010081,-77.070323,381,200
213,Intersec. Av. Aviacion (El Agustino),interseccion,El Agustino,baja,-12.031614,-76.991733,0,0
214,Intersec. Av. El Derby (San Miguel),interseccion,San Miguel,media,-12.069838,-77.096219,0,0
215,Cliente #215 (San Martin Porres),cliente,San Martin Porres,baja,-12.001862,-77.08462,1,2
216,Cliente #216 (Puente Piedra),cliente,Puente Piedra,baja,-11.866628,-77.096219,5,2
217,Cliente #217 (Callao),cliente,Callao,baja,-12.054353,-77.115608,3,1
218,Cliente #218 (Jesus Maria),cliente,Jesus Maria,media,-12.067523,-77.028655,3,1
219,Cliente #219 (Villa El Salvador),cliente,Villa El Salvador,baja,-12.198822,-76.937561,3,1
220,Intersec. Av. Primavera (Surco),interseccion,Surco,alta,-12.148456,-77.012432,0,0
221,Intersec. Av. Tomas Marsano (Lurin),interseccion,Lurin,baja,-12.286651,-76.861,0,0
222,Intersec. Av. La Encalada (Villa Maria),interseccion,Villa Maria,baja,-12.159208,-76.951899,0,0
223,Intersec. Av. Tomas Marsano (Callao),interseccion,Callao,baja,-12.072149,-77.118615,0,0
224,Cliente #224 (Independencia),cliente,Independencia,baja,-11.980469,-77.076281,1,1
225,Intersec. Av. Caminos del Inca (San Miguel),interseccion,San Miguel,media,-12.059373,-77.080295,0,0
226,Popeyes (Comas),restaurante,Comas,baja,-11.940893,-77.029174,48,79
227,Cliente #227 (Pachacamac),cliente,Pachacamac,baja,-12.22073,-76.88146,2,1
228,Intersec. Av. Universitaria (Comas),interseccion,Comas,baja,-11.936274,-77.050842,0,0
229,Intersec. Av. La Encalada (Comas),interseccion,Comas,baja,-11.94187,-77.049964,0,0
230,Cliente #230 (Comas),cliente,Comas,baja,-11.918258,-77.053296,1,3
231,Intersec. Av. Aviacion (Santa Anita),interseccion,Santa Anita,baja,-12.048833,-76.954742,0,0
232,Cliente #232 (San Isidro),cliente,San Isidro,muy_alta,-12.09761,-77.029775,1,1
233,Intersec. Av. Salaverry (San Juan Lurig),interseccion,San Juan Lurig,baja,-12.178849,-76.996144,0,0
234,Cliente #234 (Villa El Salvador),cliente,Villa El Salvador,baja,-12.206625,-76.951875,3,3
235,Intersec. Av. Primavera (Barranco),interseccion,Barranco,alta,-12.139386,-77.018951,0,0
236,Hub Rappi Villa El Salvador,hub_rappi,Villa El Salvador,baja,-12.205784,-76.948441,361,358
237,Intersec. Av. Angamos (Lurin),interseccion,Lurin,baja,-12.26254,-76.885297,0,0
238,Intersec. Av. La Marina (Rimac),interseccion,Rimac,baja,-12.008067,-77.024486,0,0
239,Cliente #239 (Puente Piedra),cliente,Puente Piedra,baja,-11.889984,-77.079918,3,1
240,Cliente #240 (La Molina),cliente,La Molina,media,-12.080571,-76.958775,1,3
241,Cliente #241 (Lince),cliente,Lince,media,-12.102819,-77.05071,4,2
242,Intersec. Av. Caminos del Inca (Lince),interseccion,Lince,media,-12.070548,-77.036966,0,0
243,Cliente #243 (Barranco),cliente,Barranco,alta,-12.166909,-77.022176,3,2
244,Cliente #244 (San Miguel),cliente,San Miguel,media,-12.059963,-77.083504,2,3
245,Intersec. Av. Javier Prado (Miraflores),interseccion,Miraflores,muy_alta,-12.140045,-77.010189,0,0
246,Intersec. Av. Benavides (Puente Piedra),interseccion,Puente Piedra,baja,-11.882976,-77.067242,0,0
247,Cliente #247 (Villa El Salvador),cliente,Villa El Salvador,baja,-12.199141,-76.925645,4,2
248,Intersec. Av. Arequipa (San Borja),interseccion,San Borja,alta,-12.106039,-77.014103,0,0
249,Cliente #249 (Lurin),cliente,Lurin,baja,-12.290785,-76.860503,4,2
250,Cliente #250 (Miraflores),cliente,Miraflores,muy_alta,-12.129464,-77.03876,2,1
251,Cliente #251 (Rimac),cliente,Rimac,baja,-12.042469,-77.03728,3,2
252,Intersec. Av. Benavides (Jesus Maria),interseccion,Jesus Maria,media,-12.077397,-77.05315,0,0
253,Intersec. Av. Brasil (Callao),interseccion,Callao,baja,-12.062735,-77.125665,0,0
254,Cliente #254 (Pachacamac),cliente,Pachacamac,baja,-12.22295,-76.863715,4,3
255,Intersec. Av. Angamos (Pueblo Libre),interseccion,Pueblo Libre,media,-12.059659,-77.06868,0,0
256,Intersec. Av. Universitaria (Carabayllo),interseccion,Carabayllo,baja,-11.865501,-77.04617,0,0
257,Intersec. Av. Aviacion (Magdalena),interseccion,Magdalena,media,-12.100687,-77.072464,0,0
258,Cliente #258 (Rimac),cliente,Rimac,baja,-12.026811,-77.011279,4,1
259,Intersec. Via Expresa (Rimac),interseccion,Rimac,baja,-12.050564,-77.015839,0,0
260,Intersec. Via Expresa (Carabayllo),interseccion,Carabayllo,baja,-11.889403,-77.050458,0,0
261,Intersec. Av. Larco (Barranco),interseccion,Barranco,alta,-12.15808,-77.010962,0,0
262,Hub Rappi San Miguel,hub_rappi,San Miguel,media,-12.061163,-77.086247,309,486
263,Intersec. Av. Santa Cruz (Miraflores),interseccion,Miraflores,muy_alta,-12.123162,-77.043009,0,0
264,Intersec. Via Expresa (San Isidro),interseccion,San Isidro,muy_alta,-12.119023,-77.025733,0,0
265,Cliente #265 (Comas),cliente,Comas,baja,-11.920937,-77.05231,4,3
266,Intersec. Av. Aviacion (Pueblo Libre),interseccion,Pueblo Libre,media,-12.053719,-77.046073,0,0
267,Cliente #267 (Lince),cliente,Lince,media,-12.066861,-77.034271,3,2
268,Intersec. Via Expresa (Villa El Salvador),interseccion,Villa El Salvador,baja,-12.229337,-76.923752,0,0
269,Cliente #269 (San Juan Lurig),cliente,San Juan Lurig,baja,-12.15541,-76.968465,3,2
270,Intersec. Av. Tomas Marsano (Chorrillos),interseccion,Chorrillos,media,-12.183642,-77.031029,0,0
271,Intersec. Av. 28 de Julio (Lince),interseccion,Lince,media,-12.068292,-77.032102,0,0
272,Intersec. Av. Santa Cruz (Carabayllo),interseccion,Carabayllo,baja,-11.859574,-77.02945,0,0
273,Intersec. Av. Salaverry (Villa Maria),interseccion,Villa Maria,baja,-12.160175,-76.946623,0,0
274,Intersec. Av. Brasil (La Molina),interseccion,La Molina,media,-12.101042,-76.939446,0,0
275,Cliente #275 (San Isidro),cliente,San Isidro,muy_alta,-12.083219,-77.022048,1,3
276,Intersec. Av. Petit Thouars (Barranco),interseccion,Barranco,alta,-12.142433,-77.013997,0,0
277,Intersec. Av. Colonial (San Borja),interseccion,San Borja,alta,-12.108002,-77.00278,0,0
278,Intersec. Av. La Marina (San Isidro),interseccion,San Isidro,muy_alta,-12.078186,-77.036692,0,0
279,Cliente #279 (Callao),cliente,Callao,baja,-12.056449,-77.113895,3,3
280,Cliente #280 (Jesus Maria),cliente,Jesus Maria,media,-12.07975,-77.052357,2,3
281,Cliente #281 (Chorrillos),cliente,Chorrillos,media,-12.171131,-77.029099,4,1
282,Cliente #282 (Lurin),cliente,Lurin,baja,-12.283589,-76.875733,5,1
283,Intersec. Av. Angamos (Rimac),interseccion,Rimac,baja,-12.037785,-77.023694,0,0
284,Intersec. Av. Salaverry (Villa El Salvador),interseccion,Villa El Salvador,baja,-12.213828,-76.953981,0,0
285,Intersec. Av. Arequipa (San Isidro),interseccion,San Isidro,muy_alta,-12.102197,-77.017641,0,0
286,Intersec. Via Expresa (Surco),interseccion,Surco,alta,-12.133796,-76.983781,0,0
287,Cliente #287 (Jesus Maria),cliente,Jesus Maria,media,-12.06688,-77.056167,1,3
288,Cliente #288 (Lurin),cliente,Lurin,baja,-12.26076,-76.851076,2,1
289,Hub Rappi San Martin Porres,hub_rappi,San Martin Porres,baja,-12.01959,-77.077706,363,363
290,Intersec. Via Expresa (San Isidro),interseccion,San Isidro,muy_alta,-12.116131,-77.032883,0,0
291,Cliente #291 (Chorrillos),cliente,Chorrillos,media,-12.161136,-77.027038,4,2
292,Hub Rappi Puente Piedra,hub_rappi,Puente Piedra,baja,-11.879647,-77.076409,294,262
293,Cliente #293 (Barranco),cliente,Barranco,alta,-12.13366,-77.030236,1,1
294,Hub Rappi San Juan Lurig,hub_rappi,San Juan Lurig,baja,-12.171569,-76.998257,333,450
295,Intersec. Av. Aviacion (San Juan Lurig),interseccion,San Juan Lurig,baja,-12.159983,-76.977752,0,0
296,Intersec. Via Expresa (Puente Piedra),interseccion,Puente Piedra,baja,-11.85929,-77.09875,0,0
297,Intersec. Av. El Derby (Miraflores),interseccion,Miraflores,muy_alta,-12.115123,-77.04428,0,0
298,Cliente #298 (La Molina),cliente,La Molina,media,-12.085482,-76.944131,2,3
299,Hub Rappi Lurin,hub_rappi,Lurin,baja,-12.27226,-76.878008,185,487
300,Cliente #300 (Independencia),cliente,Independencia,baja,-11.994765,-77.067482,1,3
301,Intersec. Av. Primavera (Los Olivos),interseccion,Los Olivos,baja,-11.996704,-77.066986,0,0
302,Cliente #302 (Pachacamac),cliente,Pachacamac,baja,-12.245607,-76.8571,3,2
303,Intersec. Via Expresa (Los Olivos),interseccion,Los Olivos,baja,-11.974668,-77.052454,0,0
304,Intersec. Av. Benavides (San Isidro),interseccion,San Isidro,muy_alta,-12.119281,-77.025376,0,0
305,Cliente #305 (Magdalena),cliente,Magdalena,media,-12.083277,-77.052996,2,1
306,Cliente #306 (Lurin),cliente,Lurin,baja,-12.260264,-76.876786,1,1
307,Intersec. Av. Primavera (La Molina),interseccion,La Molina,media,-12.064063,-76.931359,0,0
308,Intersec. Av. Angamos (Villa Maria),interseccion,Villa Maria,baja,-12.151607,-76.962755,0,0
309,Intersec. Av. Angamos (Miraflores),interseccion,Miraflores,muy_alta,-12.116287,-77.012059,0,0
310,Cliente #310 (Surco),cliente,Surco,alta,-12.168122,-77.009771,2,2
311,Intersec. Av. La Encalada (La Molina),interseccion,La Molina,media,-12.075058,-76.948251,0,0
312,Cliente #312 (Brena),cliente,Brena,media,-12.040036,-77.072247,2,3
313,Cliente #313 (Brena),cliente,Brena,media,-12.046125,-77.033476,1,3
314,Hub Rappi Santa Anita,hub_rappi,Santa Anita,baja,-12.048041,-76.963365,138,427
315,Intersec. Av. La Marina (Carabayllo),interseccion,Carabayllo,baja,-11.90062,-77.040935,0,0
316,Intersec. Av. Caminos del Inca (San Juan Lurig),interseccion,San Juan Lurig,baja,-12.143244,-76.977458,0,0
317,Intersec. Via Expresa (San Juan Lurig),interseccion,San Juan Lurig,baja,-12.156744,-76.988553,0,0
318,Intersec. Av. Angamos (Miraflores),interseccion,Miraflores,muy_alta,-12.105131,-77.028792,0,0
319,Intersec. Av. Arequipa (Lurin),interseccion,Lurin,baja,-12.280865,-76.860169,0,0
320,Intersec. Av. La Marina (Comas),interseccion,Comas,baja,-11.952906,-77.068701,0,0
321,Hub Rappi Santa Anita,hub_rappi,Santa Anita,baja,-12.06151,-76.96466,327,201
322,Hub Rappi Villa Maria,hub_rappi,Villa Maria,baja,-12.157819,-76.932823,420,476
323,Cliente #323 (El Agustino),cliente,El Agustino,baja,-12.027862,-77.031126,3,3
324,Cliente #324 (Jesus Maria),cliente,Jesus Maria,media,-12.070278,-77.022311,2,3
325,Cliente #325 (Pachacamac),cliente,Pachacamac,baja,-12.246384,-76.871339,3,2
326,Intersec. Av. Santa Cruz (Brena),interseccion,Brena,media,-12.067629,-77.035711,0,0
327,Cliente #327 (Surco),cliente,Surco,alta,-12.132432,-76.982466,1,2
328,Intersec. Av. 28 de Julio (Los Olivos),interseccion,Los Olivos,baja,-11.969472,-77.086232,0,0
329,Intersec. Av. El Derby (La Molina),interseccion,La Molina,media,-12.071874,-76.93382,0,0
330,Intersec. Av. Santa Cruz (Barranco),interseccion,Barranco,alta,-12.129916,-77.029601,0,0
331,Cliente #331 (Ate),cliente,Ate,baja,-12.026862,-76.904118,2,1
332,Intersec. Av. Colonial (La Molina),interseccion,La Molina,media,-12.062125,-76.929745,0,0
333,Intersec. Av. 28 de Julio (Puente Piedra),interseccion,Puente Piedra,baja,-11.866251,-77.099832,0,0
334,Intersec. Av. La Marina (Lurin),interseccion,Lurin,baja,-12.297285,-76.863918,0,0
335,Intersec. Av. Benavides (Pueblo Libre),interseccion,Pueblo Libre,media,-12.069109,-77.066634,0,0
336,Intersec. Av. 28 de Julio (Santa Anita),interseccion,Santa Anita,baja,-12.031421,-76.969644,0,0
337,Cliente #337 (Comas),cliente,Comas,baja,-11.947208,-77.047715,3,1
338,Intersec. Av. El Derby (Independencia),interseccion,Independencia,baja,-11.995578,-77.042306,0,0
339,Intersec. Av. La Marina (San Martin Porres),interseccion,San Martin Porres,baja,-12.023953,-77.068116,0,0
340,Intersec. Av. Tomas Marsano (Pachacamac),interseccion,Pachacamac,baja,-12.251786,-76.886885,0,0
341,Cliente #341 (Santa Anita),cliente,Santa Anita,baja,-12.033262,-76.94975,1,3
342,Cliente #342 (Lince),cliente,Lince,media,-12.103092,-77.027953,1,1
343,Intersec. Av. Larco (Miraflores),interseccion,Miraflores,muy_alta,-12.136813,-77.016873,0,0
344,Cliente #344 (El Agustino),cliente,El Agustino,baja,-12.058494,-77.0113,3,2
345,Intersec. Av. Colonial (Jesus Maria),interseccion,Jesus Maria,media,-12.072351,-77.033577,0,0
346,Intersec. Av. El Derby (Ate),interseccion,Ate,baja,-12.033254,-76.929502,0,0
347,Intersec. Av. Caminos del Inca (Comas),interseccion,Comas,baja,-11.949045,-77.059655,0,0
348,Intersec. Av. Primavera (Ate),interseccion,Ate,baja,-12.022038,-76.917093,0,0
349,Cliente #349 (Los Olivos),cliente,Los Olivos,baja,-11.971184,-77.078884,2,1
350,Intersec. Av. Universitaria (San Juan Lurig),interseccion,San Juan Lurig,baja,-12.150231,-76.979358,0,0
351,Intersec. Av. Arequipa (Ate),interseccion,Ate,baja,-12.01105,-76.888494,0,0
352,Hub Rappi Barranco,hub_rappi,Barranco,alta,-12.140146,-77.010459,241,395
353,Cliente #353 (Miraflores),cliente,Miraflores,muy_alta,-12.128926,-77.046816,4,3
354,Cliente #354 (Puente Piedra),cliente,Puente Piedra,baja,-11.857027,-77.076502,1,2
355,Intersec. Av. Benavides (Miraflores),interseccion,Miraflores,muy_alta,-12.099727,-77.021719,0,0
356,Intersec. Av. Angamos (Lince),interseccion,Lince,media,-12.070997,-77.01534,0,0
357,Cliente #357 (Pachacamac),cliente,Pachacamac,baja,-12.229503,-76.885837,5,2
358,Intersec. Av. Javier Prado (Comas),interseccion,Comas,baja,-11.92179,-77.048464,0,0
359,Intersec. Av. Universitaria (San Miguel),interseccion,San Miguel,media,-12.06839,-77.103283,0,0
360,Cliente #360 (Carabayllo),cliente,Carabayllo,baja,-11.883418,-77.051666,2,2
361,Burger King (Independencia),restaurante,Independencia,baja,-11.987459,-77.054254,51,85
362,Pardos Chicken (Lince),restaurante,Lince,media,-12.092921,-77.028635,29,84
363,Intersec. Av. El Derby (El Agustino),interseccion,El Agustino,baja,-12.035581,-77.009757,0,0
364,Intersec. Av. Colonial (Barranco),interseccion,Barranco,alta,-12.150131,-77.013225,0,0
365,Intersec. Av. Javier Prado (Los Olivos),interseccion,Los Olivos,baja,-12.00705,-77.089365,0,0
366,Intersec. Av. La Marina (San Juan Lurig),interseccion,San Juan Lurig,baja,-12.172225,-76.99553,0,0
367,Cliente #367 (Lince),cliente,Lince,media,-12.095108,-77.018858,5,3
368,Cliente #368 (El Agustino),cliente,El Agustino,baja,-12.021261,-77.027682,5,2
369,Cliente #369 (San Borja),cliente,San Borja,alta,-12.12531,-76.991425,3,1
370,Cliente #370 (Lince),cliente,Lince,media,-12.083121,-77.058508,2,2
371,La Lucha (Pachacamac),restaurante,Pachacamac,baja,-12.218446,-76.885874,76,42
372,Hub Rappi Villa El Salvador,hub_rappi,Villa El Salvador,baja,-12.206322,-76.936436,254,257
373,Cliente #373 (La Molina),cliente,La Molina,media,-12.087514,-76.924985,1,1
374,Intersec. Av. La Marina (Independencia),interseccion,Independencia,baja,-11.97641,-77.070443,0,0
375,Cliente #375 (Lince),cliente,Lince,media,-12.071697,-77.050403,3,2
376,Cliente #376 (Los Olivos),cliente,Los Olivos,baja,-12.009082,-77.082414,3,1
377,Cliente #377 (Villa El Salvador),cliente,Villa El Salvador,baja,-12.23116,-76.943526,5,2
378,Cliente #378 (Brena),cliente,Brena,media,-12.047786,-77.049568,5,1
379,Intersec. Av. 28 de Julio (Comas),interseccion,Comas,baja,-11.958322,-77.056664,0,0
380,Intersec. Av. Angamos (Pachacamac),interseccion,Pachacamac,baja,-12.240707,-76.874967,0,0
381,Intersec. Av. Salaverry (Lima Cercado),interseccion,Lima Cercado,media,-12.0331,-77.02835,0,0
382,Intersec. Av. Caminos del Inca (San Juan Lurig),interseccion,San Juan Lurig,baja,-12.15472,-76.993578,0,0
383,Cliente #383 (Los Olivos),cliente,Los Olivos,baja,-12.001143,-77.050144,4,2
384,Cliente #384 (Comas),cliente,Comas,baja,-11.958113,-77.057508,4,2
385,Intersec. Av. Angamos (Miraflores),interseccion,Miraflores,muy_alta,-12.14064,-77.039991,0,0
386,Intersec. Av. Universitaria (Villa Maria),interseccion,Villa Maria,baja,-12.180618,-76.954386,0,0
387,Cliente #387 (Brena),cliente,Brena,media,-12.048409,-77.066671,4,2
388,Intersec. Av. Arequipa (Brena),interseccion,Brena,media,-12.064275,-77.033705,0,0
389,Cliente #389 (San Borja),cliente,San Borja,alta,-12.113627,-76.984185,3,3
390,Cliente #390 (Lurin),cliente,Lurin,baja,-12.269111,-76.873638,5,2
391,Cliente #391 (Lima Cercado),cliente,Lima Cercado,media,-12.043612,-77.018397,3,1
392,Cliente #392 (Pueblo Libre),cliente,Pueblo Libre,media,-12.083141,-77.061373,4,3
393,Cliente #393 (San Miguel),cliente,San Miguel,media,-12.06257,-77.08863,5,3
394,Intersec. Av. 28 de Julio (Jesus Maria),interseccion,Jesus Maria,media,-12.074889,-77.062117,0,0
395,Cliente #395 (Puente Piedra),cliente,Puente Piedra,baja,-11.851185,-77.07927,4,2
396,Cliente #396 (Magdalena),cliente,Magdalena,media,-12.097642,-77.063744,5,2
397,Intersec. Av. Caminos del Inca (Lince),interseccion,Lince,media,-12.068408,-77.045141,0,0
398,Intersec. Av. Tomas Marsano (Callao),interseccion,Callao,baja,-12.042965,-77.128685,0,0
399,Intersec. Av. Santa Cruz (San Martin Porres),interseccion,San Martin Porres,baja,-12.034765,-77.069986,0,0
400,Cliente #400 (Los Olivos),cliente,Los Olivos,baja,-12.004441,-77.051806,5,1
401,Intersec. Av. Benavides (Puente Piedra),interseccion,Puente Piedra,baja,-11.852584,-77.062259,0,0
402,Cliente #402 (Brena),cliente,Brena,media,-12.059715,-77.05897,5,3
403,Intersec. Av. Aviacion (Lince),interseccion,Lince,media,-12.089078,-77.037057,0,0
404,Intersec. Av. El Derby (San Borja),interseccion,San Borja,alta,-12.114616,-77.016192,0,0
405,El Corral (Barranco),restaurante,Barranco,alta,-12.131745,-77.021477,34,25
406,Cliente #406 (Callao),cliente,Callao,baja,-12.07071,-77.10634,2,1
407,Cliente #407 (Puente Piedra),cliente,Puente Piedra,baja,-11.876228,-77.089348,2,3
408,Intersec. Av. El Derby (Lurin),interseccion,Lurin,baja,-12.274251,-76.851694,0,0
409,Intersec. Av. Benavides (Comas),interseccion,Comas,baja,-11.955478,-77.06972,0,0
410,Cliente #410 (Callao),cliente,Callao,baja,-12.043177,-77.107257,4,1
411,Cliente #411 (San Martin Porres),cliente,San Martin Porres,baja,-12.015813,-77.059214,3,2
412,Cliente #412 (San Juan Lurig),cliente,San Juan Lurig,baja,-12.15516,-76.988942,2,3
413,Intersec. Via Expresa (Puente Piedra),interseccion,Puente Piedra,baja,-11.878281,-77.101902,0,0
414,Intersec. Av. Colonial (Rimac),interseccion,Rimac,baja,-12.033613,-77.042591,0,0
415,Cliente #415 (Rimac),cliente,Rimac,baja,-12.007828,-77.025345,1,2
416,Cliente #416 (Carabayllo),cliente,Carabayllo,baja,-11.897331,-77.026582,3,1
417,Intersec. Av. Brasil (Brena),interseccion,Brena,media,-12.069497,-77.044781,0,0
418,Intersec. Av. Benavides (El Agustino),interseccion,El Agustino,baja,-12.046685,-77.030692,0,0
419,Cliente #419 (Surco),cliente,Surco,alta,-12.142226,-76.982121,3,2
420,Cliente #420 (San Juan Lurig),cliente,San Juan Lurig,baja,-12.149671,-76.995909,4,1
421,Cliente #421 (Independencia),cliente,Independencia,baja,-11.972967,-77.073743,3,2
422,Cliente #422 (Ate),cliente,Ate,baja,-12.014963,-76.906048,3,2
423,Intersec. Av. La Marina (Pachacamac),interseccion,Pachacamac,baja,-12.244354,-76.859441,0,0
424,Intersec. Via Expresa (Puente Piedra),interseccion,Puente Piedra,baja,-11.878469,-77.082229,0,0
425,Cliente #425 (Lurin),cliente,Lurin,baja,-12.276126,-76.858378,5,2
426,Hub Rappi Chorrillos,hub_rappi,Chorrillos,media,-12.179129,-77.011282,342,443
427,Intersec. Av. Tomas Marsano (Villa El Salvador),interseccion,Villa El Salvador,baja,-12.203545,-76.954037,0,0
428,Intersec. Av. Primavera (Brena),interseccion,Brena,media,-12.043069,-77.052386,0,0
429,Cliente #429 (Barranco),cliente,Barranco,alta,-12.137617,-77.008566,3,3
430,Cliente #430 (Carabayllo),cliente,Carabayllo,baja,-11.8943,-77.010453,5,2
431,Intersec. Av. La Encalada (Surco),interseccion,Surco,alta,-12.166487,-77.007425,0,0
432,Intersec. Av. Larco (Pueblo Libre),interseccion,Pueblo Libre,media,-12.079511,-77.06361,0,0
433,Intersec. Av. El Derby (Chorrillos),interseccion,Chorrillos,media,-12.153222,-77.010773,0,0
434,Cliente #434 (Carabayllo),cliente,Carabayllo,baja,-11.882088,-77.031901,4,2
435,Intersec. Av. Javier Prado (La Molina),interseccion,La Molina,media,-12.091899,-76.932836,0,0
436,Intersec. Av. Benavides (Carabayllo),interseccion,Carabayllo,baja,-11.870106,-77.044942,0,0
437,Cliente #437 (Jesus Maria),cliente,Jesus Maria,media,-12.080345,-77.045374,5,1
438,Intersec. Av. Larco (San Borja),interseccion,San Borja,alta,-12.091943,-76.997381,0,0
439,Don Belisario (San Juan Lurig),restaurante,San Juan Lurig,baja,-12.154223,-76.960518,75,38
440,Intersec. Av. Larco (Lurin),interseccion,Lurin,baja,-12.280199,-76.860693,0,0
441,Intersec. Av. Primavera (Villa Maria),interseccion,Villa Maria,baja,-12.160295,-76.950588,0,0
442,Intersec. Av. Universitaria (Pachacamac),interseccion,Pachacamac,baja,-12.216058,-76.859709,0,0
443,Intersec. Av. Colonial (La Molina),interseccion,La Molina,media,-12.098938,-76.957524,0,0
444,Intersec. Av. Tomas Marsano (Pueblo Libre),interseccion,Pueblo Libre,media,-12.071819,-77.073428,0,0
445,Cliente #445 (Carabayllo),cliente,Carabayllo,baja,-11.879277,-77.028794,3,3
446,Norkys (Lince),restaurante,Lince,media,-12.065663,-77.052124,23,62
447,Rockys (Ate),restaurante,Ate,baja,-12.018485,-76.928812,21,46
448,Intersec. Av. Benavides (Comas),interseccion,Comas,baja,-11.926703,-77.053157,0,0
449,Cliente #449 (Los Olivos),cliente,Los Olivos,baja,-11.968435,-77.057357,2,3
450,Cliente #450 (Santa Anita),cliente,Santa Anita,baja,-12.057553,-76.974449,2,3
451,Mediterraneo (San Juan Lurig),restaurante,San Juan Lurig,baja,-12.140479,-76.962492,23,38
452,Intersec. Av. Universitaria (Rimac),interseccion,Rimac,baja,-12.021087,-77.052157,0,0
453,Intersec. Av. Santa Cruz (Jesus Maria),interseccion,Jesus Maria,media,-12.054298,-77.060376,0,0
454,Cliente #454 (Santa Anita),cliente,Santa Anita,baja,-12.057868,-76.970761,5,1
455,Intersec. Av. La Marina (Carabayllo),interseccion,Carabayllo,baja,-11.886692,-77.023303,0,0
456,Cliente #456 (Villa Maria),cliente,Villa Maria,baja,-12.182531,-76.92402,3,1
457,Hub Rappi Miraflores,hub_rappi,Miraflores,muy_alta,-12.105705,-77.044352,275,267
458,Cliente #458 (Chorrillos),cliente,Chorrillos,media,-12.184703,-77.026743,1,1
459,Intersec. Av. Benavides (San Martin Porres),interseccion,San Martin Porres,baja,-12.001829,-77.050559,0,0
460,Intersec. Av. El Derby (Jesus Maria),interseccion,Jesus Maria,media,-12.056503,-77.031322,0,0
461,Intersec. Av. Primavera (Lurin),interseccion,Lurin,baja,-12.280007,-76.885337,0,0
462,Cliente #462 (Villa El Salvador),cliente,Villa El Salvador,baja,-12.190699,-76.927669,2,3
463,Cliente #463 (Magdalena),cliente,Magdalena,media,-12.104394,-77.060891,2,2
464,Cliente #464 (Villa El Salvador),cliente,Villa El Salvador,baja,-12.191735,-76.946804,2,3
465,Intersec. Av. Angamos (Villa El Salvador),interseccion,Villa El Salvador,baja,-12.201074,-76.955265,0,0
466,Cliente #466 (La Molina),cliente,La Molina,media,-12.062333,-76.925217,3,2
467,Cliente #467 (Villa El Salvador),cliente,Villa El Salvador,baja,-12.223891,-76.924606,1,2
468,Intersec. Av. Benavides (Jesus Maria),interseccion,Jesus Maria,media,-12.084414,-77.052029,0,0
469,Intersec. Av. Santa Cruz (La Molina),interseccion,La Molina,media,-12.075484,-76.951496,0,0
470,Hub Rappi San Borja,hub_rappi,San Borja,alta,-12.122328,-77.012378,180,258
471,Intersec. Av. Primavera (San Miguel),interseccion,San Miguel,media,-12.055747,-77.108431,0,0
472,Cliente #472 (Villa El Salvador),cliente,Villa El Salvador,baja,-12.229394,-76.952606,2,3
473,Intersec. Av. Colonial (Rimac),interseccion,Rimac,baja,-12.007992,-77.020088,0,0
474,Intersec. Av. Petit Thouars (San Juan Lurig),interseccion,San Juan Lurig,baja,-12.142436,-76.973394,0,0
475,Cliente #475 (Chorrillos),cliente,Chorrillos,media,-12.157085,-77.038688,1,3
476,Intersec. Av. Caminos del Inca (San Borja),interseccion,San Borja,alta,-12.093725,-77.016319,0,0
477,Intersec. Av. La Encalada (Rimac),interseccion,Rimac,baja,-12.020049,-77.012073,0,0
478,Cliente #478 (San Isidro),cliente,San Isidro,muy_alta,-12.102952,-77.018463,5,1
479,Cliente #479 (Lurin),cliente,Lurin,baja,-12.29386,-76.884378,4,3
480,Cliente #480 (Santa Anita),cliente,Santa Anita,baja,-12.027181,-76.959986,5,1
481,Hub Rappi Pueblo Libre,hub_rappi,Pueblo Libre,media,-12.056743,-77.075099,340,334
482,Cliente #482 (San Miguel),cliente,San Miguel,media,-12.055608,-77.085947,2,1
483,Hub Rappi Pueblo Libre,hub_rappi,Pueblo Libre,media,-12.096175,-77.056088,232,247
484,Intersec. Av. Larco (Brena),interseccion,Brena,media,-12.04511,-77.038008,0,0
485,Cliente #485 (Magdalena),cliente,Magdalena,media,-12.103325,-77.065756,5,2
486,Cliente #486 (Villa Maria),cliente,Villa Maria,baja,-12.162289,-76.94347,5,1
487,Cliente #487 (Ate),cliente,Ate,baja,-12.014095,-76.899844,2,1
488,Intersec. Av. Santa Cruz (San Martin Porres),interseccion,San Martin Porres,baja,-12.009735,-77.082904,0,0
489,Cliente #489 (Jesus Maria),cliente,Jesus Maria,media,-12.063241,-77.061978,4,2
490,Intersec. Via Expresa (Lurin),interseccion,Lurin,baja,-12.280337,-76.849838,0,0
491,Cliente #491 (Lima Cercado),cliente,Lima Cercado,media,-12.054109,-77.046696,3,2
492,Intersec. Av. La Encalada (Pachacamac),interseccion,Pachacamac,baja,-12.221765,-76.87573,0,0
493,Intersec. Av. Larco (Santa Anita),interseccion,Santa Anita,baja,-12.033377,-76.970653,0,0
494,Cliente #494 (Rimac),cliente,Rimac,baja,-12.028747,-77.021958,2,3
495,Intersec. Av. Salaverry (La Molina),interseccion,La Molina,media,-12.086165,-76.94016,0,0
496,Hub Rappi El Agustino,hub_rappi,El Agustino,baja,-12.018938,-77.026065,434,330
497,Intersec. Av. Arequipa (San Isidro),interseccion,San Isidro,muy_alta,-12.079591,-77.036638,0,0
498,Cliente #498 (Santa Anita),cliente,Santa Anita,baja,-12.047364,-76.947173,5,2
499,Intersec. Av. Universitaria (Comas),interseccion,Comas,baja,-11.953392,-77.058201,0,0
500,Intersec. Av. Caminos del Inca (Independencia),interseccion,Independencia,baja,-11.991517,-77.05532,0,0
501,Intersec. Av. Benavides (Los Olivos),interseccion,Los Olivos,baja,-11.980548,-77.08035,0,0
502,Intersec. Av. Universitaria (Barranco),interseccion,Barranco,alta,-12.13779,-77.042299,0,0
503,Intersec. Av. Aviacion (Pachacamac),interseccion,Pachacamac,baja,-12.223684,-76.851216,0,0
504,Cliente #504 (Puente Piedra),cliente,Puente Piedra,baja,-11.885051,-77.09263,2,2
505,Intersec. Av. Javier Prado (La Molina),interseccion,La Molina,media,-12.083213,-76.962388,0,0
506,Cliente #506 (Pachacamac),cliente,Pachacamac,baja,-12.250677,-76.866599,4,2
507,Cliente #507 (Barranco),cliente,Barranco,alta,-12.135734,-77.024376,4,1
508,Intersec. Av. Santa Cruz (Jesus Maria),interseccion,Jesus Maria,media,-12.070005,-77.031393,0,0
509,Cliente #509 (Lurin),cliente,Lurin,baja,-12.291323,-76.864769,3,3
510,Intersec. Av. Petit Thouars (Surco),interseccion,Surco,alta,-12.143715,-77.019456,0,0
511,Intersec. Av. El Derby (San Miguel),interseccion,San Miguel,media,-12.068108,-77.079854,0,0
512,Cliente #512 (Pachacamac),cliente,Pachacamac,baja,-12.217681,-76.865436,5,3
513,Cliente #513 (El Agustino),cliente,El Agustino,baja,-12.043913,-77.019759,5,3
514,Intersec. Av. El Derby (San Juan Lurig),interseccion,San Juan Lurig,baja,-12.165346,-76.979305,0,0
515,Intersec. Av. 28 de Julio (Lince),interseccion,Lince,media,-12.080674,-77.044586,0,0
516,Cliente #516 (Chorrillos),cliente,Chorrillos,media,-12.182737,-77.003232,1,3
517,Cliente #517 (Los Olivos),cliente,Los Olivos,baja,-11.983662,-77.049249,1,2
518,Cliente #518 (Callao),cliente,Callao,baja,-12.047379,-77.123833,2,3
519,Cliente #519 (Lince),cliente,Lince,media,-12.09826,-77.051161,1,1
520,Intersec. Av. 28 de Julio (Jesus Maria),interseccion,Jesus Maria,media,-12.09272,-77.049968,0,0
521,Cliente #521 (Pueblo Libre),cliente,Pueblo Libre,media,-12.09186,-77.078443,3,1
522,Intersec. Av. Javier Prado (Jesus Maria),interseccion,Jesus Maria,media,-12.09282,-77.037475,0,0
523,Cliente #523 (Villa El Salvador),cliente,Villa El Salvador,baja,-12.214265,-76.933095,2,2
524,Cliente #524 (Villa Maria),cliente,Villa Maria,baja,-12.153037,-76.941788,2,1
525,Intersec. Av. 28 de Julio (Surco),interseccion,Surco,alta,-12.130354,-76.986294,0,0
526,Intersec. Av. Universitaria (La Molina),interseccion,La Molina,media,-12.089025,-76.943758,0,0
527,Tanta (Santa Anita),restaurante,Santa Anita,baja,-12.044479,-76.941824,69,53
528,Intersec. Av. Primavera (Pueblo Libre),interseccion,Pueblo Libre,media,-12.057404,-77.073979,0,0
529,Intersec. Av. Angamos (San Juan Lurig),interseccion,San Juan Lurig,baja,-12.146558,-76.994549,0,0
530,Cliente #530 (Rimac),cliente,Rimac,baja,-12.049663,-77.020737,4,3
531,Cliente #531 (San Borja),cliente,San Borja,alta,-12.123388,-77.011699,2,2
532,Intersec. Av. Javier Prado (Independencia),interseccion,Independencia,baja,-11.981187,-77.063857,0,0
533,Intersec. Av. Caminos del Inca (Pueblo Libre),interseccion,Pueblo Libre,media,-12.085287,-77.082171,0,0
534,Intersec. Av. Angamos (Santa Anita),interseccion,Santa Anita,baja,-12.063405,-76.950544,0,0
535,Intersec. Av. Petit Thouars (Miraflores),interseccion,Miraflores,muy_alta,-12.112654,-77.020384,0,0
536,Cliente #536 (San Juan Lurig),cliente,San Juan Lurig,baja,-12.16097,-76.984469,5,2
537,Hub Rappi Independencia,hub_rappi,Independencia,baja,-12.001701,-77.057046,112,379
538,Cliente #538 (Ate),cliente,Ate,baja,-12.023125,-76.894821,5,2
539,Intersec. Av. Salaverry (Surco),interseccion,Surco,alta,-12.150557,-76.981565,0,0
540,Intersec. Av. Aviacion (Ate),interseccion,Ate,baja,-12.045217,-76.908773,0,0
541,La Mar (Miraflores),restaurante,Miraflores,muy_alta,-12.12811,-77.037551,49,92
542,Cliente #542 (Rimac),cliente,Rimac,baja,-12.050414,-77.020859,2,2
543,Intersec. Av. Arequipa (Puente Piedra),interseccion,Puente Piedra,baja,-11.87625,-77.060122,0,0
544,Intersec. Av. Tomas Marsano (Magdalena),interseccion,Magdalena,media,-12.068087,-77.066575,0,0
545,Cliente #545 (El Agustino),cliente,El Agustino,baja,-12.0576,-76.992237,5,1
546,Intersec. Av. Santa Cruz (San Borja),interseccion,San Borja,alta,-12.101076,-76.978717,0,0
547,Intersec. Av. Aviacion (Lurin),interseccion,Lurin,baja,-12.292134,-76.864193,0,0
548,Cliente #548 (Callao),cliente,Callao,baja,-12.075627,-77.1088,5,1
549,Intersec. Av. Benavides (Lince),interseccion,Lince,media,-12.088196,-77.016392,0,0
550,Intersec. Av. Caminos del Inca (Santa Anita),interseccion,Santa Anita,baja,-12.026885,-76.953907,0,0
551,Cliente #551 (Villa Maria),cliente,Villa Maria,baja,-12.155596,-76.932218,1,3
552,Cliente #552 (La Molina),cliente,La Molina,media,-12.068077,-76.958984,1,2
553,Cliente #553 (Surco),cliente,Surco,alta,-12.136887,-76.984237,1,3
554,Intersec. Av. Colonial (Pachacamac),interseccion,Pachacamac,baja,-12.214735,-76.893228,0,0
555,Cliente #555 (Lince),cliente,Lince,media,-12.096502,-77.030059,1,2
556,Intersec. Av. Larco (Villa Maria),interseccion,Villa Maria,baja,-12.154489,-76.920895,0,0
557,Intersec. Av. Javier Prado (San Martin Porres),interseccion,San Martin Porres,baja,-12.031198,-77.067343,0,0
558,Cliente #558 (Santa Anita),cliente,Santa Anita,baja,-12.056148,-76.942242,3,2
559,Intersec. Av. Salaverry (Lince),interseccion,Lince,media,-12.101462,-77.05256,0,0
560,Cliente #560 (San Martin Porres),cliente,San Martin Porres,baja,-12.035416,-77.078267,4,2
561,Intersec. Av. Primavera (Los Olivos),interseccion,Los Olivos,baja,-12.005132,-77.06747,0,0
562,Cliente #562 (Callao),cliente,Callao,baja,-12.074702,-77.118136,4,3
563,Cliente #563 (San Miguel),cliente,San Miguel,media,-12.078497,-77.097643,3,3
564,Cliente #564 (San Miguel),cliente,San Miguel,media,-12.090222,-77.085143,3,2
565,Cliente #565 (Carabayllo),cliente,Carabayllo,baja,-11.87017,-77.051126,4,2
566,Intersec. Av. Javier Prado (Callao),interseccion,Callao,baja,-12.072499,-77.129242,0,0
567,Cliente #567 (San Miguel),cliente,San Miguel,media,-12.092107,-77.073215,1,1
568,Cliente #568 (Brena),cliente,Brena,media,-12.045254,-77.033636,1,1
569,Osaka (Comas),restaurante,Comas,baja,-11.954996,-77.063332,54,33
570,Intersec. Av. El Derby (San Martin Porres),interseccion,San Martin Porres,baja,-11.998302,-77.091055,0,0
571,Cliente #571 (Magdalena),cliente,Magdalena,media,-12.085562,-77.062001,1,3
572,Cliente #572 (La Molina),cliente,La Molina,media,-12.077255,-76.939729,2,1
573,Cliente #573 (Carabayllo),cliente,Carabayllo,baja,-11.878599,-77.04577,4,3
574,Intersec. Av. La Marina (Santa Anita),interseccion,Santa Anita,baja,-12.057958,-76.978041,0,0
575,Intersec. Av. Larco (La Molina),interseccion,La Molina,media,-12.073786,-76.945755,0,0
576,Cliente #576 (San Martin Porres),cliente,San Martin Porres,baja,-12.024061,-77.059238,5,1
577,Cliente #577 (Ate),cliente,Ate,baja,-12.022753,-76.91138,4,3
578,Intersec. Av. Arequipa (Barranco),interseccion,Barranco,alta,-12.152372,-77.002399,0,0
579,Cliente #579 (Comas),cliente,Comas,baja,-11.96199,-77.06336,3,3
580,Intersec. Av. Salaverry (Villa El Salvador),interseccion,Villa El Salvador,baja,-12.222495,-76.959878,0,0
581,Intersec. Av. Salaverry (Villa El Salvador),interseccion,Villa El Salvador,baja,-12.196902,-76.94136,0,0
582,Cliente #582 (Magdalena),cliente,Magdalena,media,-12.108879,-77.069941,5,2
583,Cliente #583 (Callao),cliente,Callao,baja,-12.037155,-77.108568,4,3
584,Cliente #584 (Magdalena),cliente,Magdalena,media,-12.080933,-77.058512,3,3
585,Intersec. Av. La Marina (Pueblo Libre),interseccion,Pueblo Libre,media,-12.058418,-77.042636,0,0
586,Intersec. Av. Salaverry (Barranco),interseccion,Barranco,alta,-12.163304,-77.019028,0,0
587,Segundo Muelle (Comas),restaurante,Comas,baja,-11.942309,-77.038086,36,35
588,Intersec. Av. Arequipa (Independencia),interseccion,Independencia,baja,-11.987816,-77.069002,0,0
589,Cliente #589 (Surco),cliente,Surco,alta,-12.161973,-77.006335,1,2
590,Intersec. Av. Petit Thouars (Los Olivos),interseccion,Los Olivos,baja,-11.996507,-77.080637,0,0
591,Cliente #591 (Los Olivos),cliente,Los Olivos,baja,-11.982505,-77.071814,5,3
592,Intersec. Av. Universitaria (Brena),interseccion,Brena,media,-12.041882,-77.051296,0,0
593,Intersec. Av. La Encalada (Miraflores),interseccion,Miraflores,muy_alta,-12.11091,-77.021687,0,0
594,Cliente #594 (Santa Anita),cliente,Santa Anita,baja,-12.055472,-76.951125,5,2
595,Intersec. Av. La Encalada (Miraflores),interseccion,Miraflores,muy_alta,-12.1386,-77.025537,0,0
596,Cliente #596 (Rimac),cliente,Rimac,baja,-12.007474,-77.032445,4,2
597,Intersec. Av. Salaverry (Callao),interseccion,Callao,baja,-12.058187,-77.102665,0,0
598,Intersec. Av. Primavera (Lurin),interseccion,Lurin,baja,-12.280365,-76.875255,0,0
599,Cliente #599 (Ate),cliente,Ate,baja,-12.035884,-76.894744,3,3
600,Cliente #600 (Lurin),cliente,Lurin,baja,-12.278648,-76.873584,5,3
601,Cliente #601 (Miraflores),cliente,Miraflores,muy_alta,-12.098039,-77.023644,3,1
602,Intersec. Av. La Encalada (Magdalena),interseccion,Magdalena,media,-12.103642,-77.071207,0,0
603,Hub Rappi Miraflores,hub_rappi,Miraflores,muy_alta,-12.117762,-77.029618,352,280
604,Intersec. Av. Santa Cruz (Jesus Maria),interseccion,Jesus Maria,media,-12.061275,-77.03788,0,0
605,Cliente #605 (Santa Anita),cliente,Santa Anita,baja,-12.042524,-76.954083,5,1
606,Cliente #606 (Santa Anita),cliente,Santa Anita,baja,-12.034329,-76.960103,5,3
607,Intersec. Av. Caminos del Inca (Magdalena),interseccion,Magdalena,media,-12.076883,-77.083317,0,0
608,Cliente #608 (Pueblo Libre),cliente,Pueblo Libre,media,-12.078354,-77.075572,5,2
609,Intersec. Av. Arequipa (Miraflores),interseccion,Miraflores,muy_alta,-12.097712,-77.048931,0,0
610,Cliente #610 (Lurin),cliente,Lurin,baja,-12.262043,-76.884901,2,3
611,Cliente #611 (Surco),cliente,Surco,alta,-12.127368,-77.009118,5,2
612,Sushi Ito (Lurin),restaurante,Lurin,baja,-12.298013,-76.869099,20,50
613,Cliente #613 (Ate),cliente,Ate,baja,-12.048706,-76.921954,5,1
614,Cliente #614 (Comas),cliente,Comas,baja,-11.95641,-77.036246,3,1
615,Cliente #615 (Ate),cliente,Ate,baja,-12.023218,-76.894155,5,1
616,Intersec. Av. Caminos del Inca (Barranco),interseccion,Barranco,alta,-12.15718,-77.012426,0,0
617,Intersec. Av. Larco (San Isidro),interseccion,San Isidro,muy_alta,-12.080394,-77.049017,0,0
618,Cliente #618 (Lurin),cliente,Lurin,baja,-12.290418,-76.874122,4,3
619,Cliente #619 (Callao),cliente,Callao,baja,-12.053914,-77.128275,4,3
620,Cliente #620 (Ate),cliente,Ate,baja,-12.012734,-76.91357,3,1
621,Hub Rappi Pueblo Libre,hub_rappi,Pueblo Libre,media,-12.095375,-77.042797,411,447
622,Intersec. Av. Salaverry (Callao),interseccion,Callao,baja,-12.077226,-77.115047,0,0
623,Intersec. Av. Angamos (Lima Cercado),interseccion,Lima Cercado,media,-12.054141,-77.010218,0,0
624,Intersec. Av. Colonial (Puente Piedra),interseccion,Puente Piedra,baja,-11.872824,-77.070581,0,0
625,Intersec. Av. Salaverry (Jesus Maria),interseccion,Jesus Maria,media,-12.07334,-77.045447,0,0
626,Intersec. Av. La Marina (San Isidro),interseccion,San Isidro,muy_alta,-12.079341,-77.035824,0,0
627,Intersec. Av. El Derby (Los Olivos),interseccion,Los Olivos,baja,-11.983014,-77.087294,0,0
628,Cliente #628 (San Isidro),cliente,San Isidro,muy_alta,-12.092416,-77.049979,1,3
629,Cliente #629 (La Molina),cliente,La Molina,media,-12.095437,-76.925724,5,1
630,Intersec. Av. Larco (Magdalena),interseccion,Magdalena,media,-12.084057,-77.05859,0,0
631,Cliente #631 (San Miguel),cliente,San Miguel,media,-12.054975,-77.094697,3,3
632,Hub Rappi San Juan Lurig,hub_rappi,San Juan Lurig,baja,-12.180324,-76.959136,395,294
633,Cliente #633 (Puente Piedra),cliente,Puente Piedra,baja,-11.877683,-77.100607,3,1
634,Intersec. Av. La Encalada (Rimac),interseccion,Rimac,baja,-12.045654,-77.030438,0,0
635,Intersec. Av. Primavera (San Borja),interseccion,San Borja,alta,-12.110545,-77.01257,0,0
636,Intersec. Av. Arequipa (El Agustino),interseccion,El Agustino,baja,-12.037808,-77.007451,0,0
637,Cliente #637 (Jesus Maria),cliente,Jesus Maria,media,-12.080362,-77.041146,3,3
638,Cliente #638 (San Miguel),cliente,San Miguel,media,-12.059289,-77.096766,1,3
639,Intersec. Av. Arequipa (Comas),interseccion,Comas,baja,-11.924882,-77.0384,0,0
640,Cliente #640 (Chorrillos),cliente,Chorrillos,media,-12.185335,-77.034301,1,2
641,Cliente #641 (Rimac),cliente,Rimac,baja,-12.022141,-77.032391,2,1
642,Cliente #642 (Santa Anita),cliente,Santa Anita,baja,-12.064252,-76.948844,3,1
643,Cliente #643 (Lince),cliente,Lince,media,-12.068323,-77.028665,3,1
644,Intersec. Av. Petit Thouars (San Juan Lurig),interseccion,San Juan Lurig,baja,-12.162851,-76.99776,0,0
645,Intersec. Av. Universitaria (Lurin),interseccion,Lurin,baja,-12.260518,-76.855455,0,0
646,Intersec. Av. Colonial (Carabayllo),interseccion,Carabayllo,baja,-11.888347,-77.023132,0,0
647,Cliente #647 (Surco),cliente,Surco,alta,-12.152733,-76.983439,5,2
648,Intersec. Av. Javier Prado (Lima Cercado),interseccion,Lima Cercado,media,-12.051634,-77.013175,0,0
649,Cliente #649 (Callao),cliente,Callao,baja,-12.066424,-77.133658,3,3
650,Intersec. Av. Caminos del Inca (Brena),interseccion,Brena,media,-12.044957,-77.071917,0,0
651,Intersec. Av. Benavides (Jesus Maria),interseccion,Jesus Maria,media,-12.087142,-77.041432,0,0
652,Intersec. Av. Primavera (San Martin Porres),interseccion,San Martin Porres,baja,-11.999727,-77.050588,0,0
653,Intersec. Av. Santa Cruz (Santa Anita),interseccion,Santa Anita,baja,-12.065851,-76.966912,0,0
654,Intersec. Av. La Encalada (Pueblo Libre),interseccion,Pueblo Libre,media,-12.072242,-77.066468,0,0
655,China Wok (Rimac),restaurante,Rimac,baja,-12.016392,-77.022832,38,99
656,Intersec. Av. Arequipa (Lince),interseccion,Lince,media,-12.079688,-77.016265,0,0
657,Hub Rappi Magdalena,hub_rappi,Magdalena,media,-12.104533,-77.067479,436,448
658,Cliente #658 (Surco),cliente,Surco,alta,-12.154189,-76.977943,3,2
659,Intersec. Av. Larco (San Juan Lurig),interseccion,San Juan Lurig,baja,-12.159616,-76.979089,0,0
660,Intersec. Av. La Marina (San Borja),interseccion,San Borja,alta,-12.096495,-76.991213,0,0
661,Cliente #661 (Pueblo Libre),cliente,Pueblo Libre,media,-12.054428,-77.039743,5,2
662,Cliente #662 (Pachacamac),cliente,Pachacamac,baja,-12.253809,-76.866648,2,1
663,Intersec. Av. Universitaria (Miraflores),interseccion,Miraflores,muy_alta,-12.098261,-77.043646,0,0
664,Cliente #664 (Jesus Maria),cliente,Jesus Maria,media,-12.056532,-77.064056,4,3
665,Hub Rappi La Molina,hub_rappi,La Molina,media,-12.082567,-76.95978,297,413
666,Hub Rappi Villa El Salvador,hub_rappi,Villa El Salvador,baja,-12.218027,-76.920816,406,251
667,Hub Rappi Lince,hub_rappi,Lince,media,-12.086774,-77.032131,410,215
668,Intersec. Av. Petit Thouars (Pachacamac),interseccion,Pachacamac,baja,-12.225035,-76.858841,0,0
669,Intersec. Av. 28 de Julio (San Borja),interseccion,San Borja,alta,-12.119415,-77.017095,0,0
670,Cliente #670 (La Molina),cliente,La Molina,media,-12.093106,-76.963448,5,1
671,Cliente #671 (Comas),cliente,Comas,baja,-11.953304,-77.053388,4,1
672,Intersec. Av. Arequipa (Carabayllo),interseccion,Carabayllo,baja,-11.892547,-77.043516,0,0
673,Intersec. Av. Santa Cruz (Lima Cercado),interseccion,Lima Cercado,media,-12.037493,-77.046062,0,0
674,Intersec. Av. El Derby (Surco),interseccion,Surco,alta,-12.153918,-77.00019,0,0
675,Cliente #675 (San Juan Lurig),cliente,San Juan Lurig,baja,-12.168585,-76.996867,1,1
676,Intersec. Av. Colonial (Ate),interseccion,Ate,baja,-12.040317,-76.923183,0,0
677,Intersec. Av. Caminos del Inca (Miraflores),interseccion,Miraflores,muy_alta,-12.135719,-77.045107,0,0
678,Intersec. Av. La Marina (Lurin),interseccion,Lurin,baja,-12.291197,-76.876881,0,0
679,Cliente #679 (Villa Maria),cliente,Villa Maria,baja,-12.171891,-76.929127,4,1
680,Intersec. Av. Petit Thouars (Barranco),interseccion,Barranco,alta,-12.151792,-77.040435,0,0
681,Cliente #681 (Lurin),cliente,Lurin,baja,-12.28454,-76.879347,4,1
682,Cliente #682 (Brena),cliente,Brena,media,-12.073602,-77.044311,4,3
683,Chifa Titi (Brena),restaurante,Brena,media,-12.077011,-77.060759,67,89
684,Cliente #684 (Miraflores),cliente,Miraflores,muy_alta,-12.097124,-77.033498,3,3
685,Intersec. Av. Brasil (Chorrillos),interseccion,Chorrillos,media,-12.154395,-77.019871,0,0
686,Intersec. Av. La Marina (Pueblo Libre),interseccion,Pueblo Libre,media,-12.092258,-77.07184,0,0
687,Intersec. Av. Colonial (Puente Piedra),interseccion,Puente Piedra,baja,-11.878677,-77.062017,0,0
688,Cliente #688 (Santa Anita),cliente,Santa Anita,baja,-12.042277,-76.972318,1,1
689,Cliente #689 (San Juan Lurig),cliente,San Juan Lurig,baja,-12.152881,-76.99366,4,1
690,Intersec. Av. 28 de Julio (Surco),interseccion,Surco,alta,-12.159839,-77.014553,0,0
691,Cliente #691 (Surco),cliente,Surco,alta,-12.163408,-77.011615,1,2
692,Intersec. Av. Aviacion (San Isidro),interseccion,San Isidro,muy_alta,-12.113683,-77.040529,0,0
693,Cliente #693 (Los Olivos),cliente,Los Olivos,baja,-12.00965,-77.062486,2,1
694,Intersec. Av. Petit Thouars (Callao),interseccion,Callao,baja,-12.050281,-77.108962,0,0
695,Cliente #695 (Carabayllo),cliente,Carabayllo,baja,-11.879459,-77.030475,2,2
696,Intersec. Av. Javier Prado (Puente Piedra),interseccion,Puente Piedra,baja,-11.87923,-77.065648,0,0
697,Cliente #697 (Pachacamac),cliente,Pachacamac,baja,-12.226743,-76.86662,3,1
698,Intersec. Av. Universitaria (San Martin Porres),interseccion,San Martin Porres,baja,-12.036379,-77.059969,0,0
699,Intersec. Av. La Marina (Chorrillos),interseccion,Chorrillos,media,-12.168318,-77.006892,0,0
700,Intersec. Av. Tomas Marsano (San Isidro),interseccion,San Isidro,muy_alta,-12.082836,-77.022446,0,0
701,Intersec. Av. La Encalada (Pueblo Libre),interseccion,Pueblo Libre,media,-12.089466,-77.042755,0,0
702,Cliente #702 (Rimac),cliente,Rimac,baja,-12.047512,-77.049908,3,3
703,Isolina (Miraflores),restaurante,Miraflores,muy_alta,-12.111212,-77.050169,55,42
704,Intersec. Av. Universitaria (San Juan Lurig),interseccion,San Juan Lurig,baja,-12.1608,-76.962857,0,0
705,Intersec. Av. 28 de Julio (Carabayllo),interseccion,Carabayllo,baja,-11.895955,-77.013871,0,0
706,Cliente #706 (Rimac),cliente,Rimac,baja,-12.04334,-77.01365,5,1
707,Cliente #707 (Lima Cercado),cliente,Lima Cercado,media,-12.032615,-77.037049,4,3
708,Intersec. Av. Javier Prado (Los Olivos),interseccion,Los Olivos,baja,-11.996123,-77.086826,0,0
709,Cliente #709 (San Martin Porres),cliente,San Martin Porres,baja,-12.010056,-77.060865,1,2
710,Intersec. Av. Angamos (Brena),interseccion,Brena,media,-12.041864,-77.033691,0,0
711,Intersec. Av. Petit Thouars (San Martin Porres),interseccion,San Martin Porres,baja,-12.014019,-77.060722,0,0
712,Cliente #712 (Lima Cercado),cliente,Lima Cercado,media,-12.052635,-77.038539,1,2
713,Cliente #713 (Santa Anita),cliente,Santa Anita,baja,-12.039738,-76.949285,3,3
714,Intersec. Av. Aviacion (Pueblo Libre),interseccion,Pueblo Libre,media,-12.059589,-77.07929,0,0
715,Intersec. Av. Larco (Lurin),interseccion,Lurin,baja,-12.281466,-76.878875,0,0
716,Intersec. Av. Santa Cruz (Callao),interseccion,Callao,baja,-12.035499,-77.128877,0,0
717,Intersec. Av. El Derby (Ate),interseccion,Ate,baja,-12.025302,-76.909388,0,0
718,Intersec. Av. Santa Cruz (Carabayllo),interseccion,Carabayllo,baja,-11.873872,-77.011919,0,0
719,Cliente #719 (San Isidro),cliente,San Isidro,muy_alta,-12.116583,-77.028521,2,2
720,Intersec. Av. Petit Thouars (Lima Cercado),interseccion,Lima Cercado,media,-12.044581,-77.026608,0,0
721,Intersec. Av. Aviacion (Callao),interseccion,Callao,baja,-12.055437,-77.129209,0,0
722,Cliente #722 (Brena),cliente,Brena,media,-12.077954,-77.066878,2,3
723,Cliente #723 (Surco),cliente,Surco,alta,-12.162531,-77.013651,1,3
724,Central (Carabayllo),restaurante,Carabayllo,baja,-11.901067,-77.009828,70,26
725,Cliente #725 (Lince),cliente,Lince,media,-12.099513,-77.023511,2,1
726,Intersec. Av. La Encalada (Rimac),interseccion,Rimac,baja,-12.033836,-77.04613,0,0
727,Intersec. Via Expresa (Surco),interseccion,Surco,alta,-12.159616,-76.989844,0,0
728,Cliente #728 (Carabayllo),cliente,Carabayllo,baja,-11.884565,-77.046459,5,2
729,Cliente #729 (Chorrillos),cliente,Chorrillos,media,-12.181273,-77.007511,3,2
730,Cliente #730 (Magdalena),cliente,Magdalena,media,-12.088501,-77.065609,5,1
731,Cliente #731 (Santa Anita),cliente,Santa Anita,baja,-12.06427,-76.982086,1,3
732,Cliente #732 (San Isidro),cliente,San Isidro,muy_alta,-12.116042,-77.038275,1,2
733,Cliente #733 (Rimac),cliente,Rimac,baja,-12.038213,-77.022476,3,1
734,Hub Rappi Barranco,hub_rappi,Barranco,alta,-12.146818,-77.02674,294,232
735,Intersec. Av. La Marina (Barranco),interseccion,Barranco,alta,-12.163149,-77.011991,0,0
736,Cliente #736 (Rimac),cliente,Rimac,baja,-12.036294,-77.014431,5,3
737,Cliente #737 (Los Olivos),cliente,Los Olivos,baja,-11.990658,-77.055368,5,3
738,Cliente #738 (Jesus Maria),cliente,Jesus Maria,media,-12.069537,-77.047045,1,2
739,Cliente #739 (El Agustino),cliente,El Agustino,baja,-12.034006,-77.027461,3,2
740,Intersec. Av. El Derby (Pueblo Libre),interseccion,Pueblo Libre,media,-12.096203,-77.06454,0,0
741,Cliente #741 (Los Olivos),cliente,Los Olivos,baja,-11.987877,-77.089638,3,3
742,Maido (Comas),restaurante,Comas,baja,-11.921061,-77.044211,15,50
743,Intersec. Via Expresa (San Juan Lurig),interseccion,San Juan Lurig,baja,-12.138984,-76.9816,0,0
744,Cliente #744 (Lima Cercado),cliente,Lima Cercado,media,-12.039277,-77.029504,4,3
745,Intersec. Av. La Marina (Callao),interseccion,Callao,baja,-12.048318,-77.121747,0,0
746,Cliente #746 (Ate),cliente,Ate,baja,-12.04435,-76.894174,1,2
747,Cliente #747 (El Agustino),cliente,El Agustino,baja,-12.023361,-77.003348,4,3
748,Cliente #748 (Brena),cliente,Brena,media,-12.053247,-77.036147,2,1
749,Hub Rappi Pachacamac,hub_rappi,Pachacamac,baja,-12.232438,-76.888999,251,385
750,Cliente #750 (Lima Cercado),cliente,Lima Cercado,media,-12.029559,-77.022823,4,3
751,Cliente #751 (Independencia),cliente,Independencia,baja,-11.974335,-77.045114,5,2
752,Intersec. Av. Colonial (Jesus Maria),interseccion,Jesus Maria,media,-12.088973,-77.049695,0,0
753,Intersec. Via Expresa (Los Olivos),interseccion,Los Olivos,baja,-12.00057,-77.06336,0,0
754,Intersec. Av. Colonial (Villa El Salvador),interseccion,Villa El Salvador,baja,-12.223037,-76.934983,0,0
755,Cliente #755 (San Martin Porres),cliente,San Martin Porres,baja,-12.001652,-77.073742,3,1
756,Cliente #756 (Lince),cliente,Lince,media,-12.106069,-77.020022,3,1
757,Cliente #757 (Magdalena),cliente,Magdalena,media,-12.086199,-77.051693,4,2
758,Cliente #758 (Santa Anita),cliente,Santa Anita,baja,-12.063414,-76.981125,3,2
759,Intersec. Av. Arequipa (Lince),interseccion,Lince,media,-12.074673,-77.041361,0,0
760,Cliente #760 (Puente Piedra),cliente,Puente Piedra,baja,-11.878849,-77.060041,1,3
761,Hub Rappi Carabayllo,hub_rappi,Carabayllo,baja,-11.880335,-77.016435,490,289
762,Cliente #762 (Barranco),cliente,Barranco,alta,-12.128326,-77.024167,4,2
763,Intersec. Av. Javier Prado (Independencia),interseccion,Independencia,baja,-11.984546,-77.052986,0,0
764,Cliente #764 (Callao),cliente,Callao,baja,-12.061374,-77.106003,3,2
765,Hub Rappi Ate,hub_rappi,Ate,baja,-12.049619,-76.889523,456,438
766,Cliente #766 (Lima Cercado),cliente,Lima Cercado,media,-12.066167,-77.035945,2,1
767,Cliente #767 (Barranco),cliente,Barranco,alta,-12.13099,-77.04228,5,2
768,Intersec. Av. Javier Prado (Villa Maria),interseccion,Villa Maria,baja,-12.175849,-76.926907,0,0
769,Intersec. Av. Angamos (Lurin),interseccion,Lurin,baja,-12.260742,-76.856592,0,0
770,Cliente #770 (La Molina),cliente,La Molina,media,-12.081098,-76.941161,2,3
771,Intersec. Av. Aviacion (Pachacamac),interseccion,Pachacamac,baja,-12.237241,-76.87527,0,0
772,Cliente #772 (Miraflores),cliente,Miraflores,muy_alta,-12.112164,-77.025707,1,2
773,Intersec. Av. Primavera (El Agustino),interseccion,El Agustino,baja,-12.03865,-77.006524,0,0
774,Intersec. Av. Santa Cruz (Ate),interseccion,Ate,baja,-12.050846,-76.91346,0,0
775,Cliente #775 (Ate),cliente,Ate,baja,-12.024764,-76.892978,4,1
776,Intersec. Av. Aviacion (Brena),interseccion,Brena,media,-12.077182,-77.04521,0,0
777,Cliente #777 (Miraflores),cliente,Miraflores,muy_alta,-12.129744,-77.028594,1,3
778,Intersec. Av. Benavides (Brena),interseccion,Brena,media,-12.045689,-77.050308,0,0
779,Hub Rappi El Agustino,hub_rappi,El Agustino,baja,-12.021453,-77.029083,110,412
780,Intersec. Av. La Marina (Jesus Maria),interseccion,Jesus Maria,media,-12.080305,-77.047742,0,0
781,Intersec. Av. Aviacion (San Juan Lurig),interseccion,San Juan Lurig,baja,-12.181743,-76.984013,0,0
782,Intersec. Av. Primavera (Surco),interseccion,Surco,alta,-12.144788,-76.982174,0,0
783,Cliente #783 (San Miguel),cliente,San Miguel,media,-12.076547,-77.074998,5,1
784,Intersec. Av. Caminos del Inca (El Agustino),interseccion,El Agustino,baja,-12.036444,-76.990165,0,0
785,Intersec. Av. Angamos (Barranco),interseccion,Barranco,alta,-12.16593,-77.024971,0,0
786,Intersec. Av. Aviacion (Miraflores),interseccion,Miraflores,muy_alta,-12.112906,-77.047953,0,0
787,Cliente #787 (Puente Piedra),cliente,Puente Piedra,baja,-11.859202,-77.076958,4,2
788,Cliente #788 (Barranco),cliente,Barranco,alta,-12.126149,-77.014999,3,3
789,Intersec. Av. Aviacion (Brena),interseccion,Brena,media,-12.079266,-77.053595,0,0
790,Cliente #790 (Pachacamac),cliente,Pachacamac,baja,-12.253603,-76.85029,5,2
791,Rafael (Los Olivos),restaurante,Los Olivos,baja,-12.00045,-77.077199,60,52
792,Cliente #792 (San Martin Porres),cliente,San Martin Porres,baja,-12.038582,-77.062018,3,3
793,Cliente #793 (San Isidro),cliente,San Isidro,muy_alta,-12.084089,-77.050611,1,3
794,Intersec. Av. Arequipa (Santa Anita),interseccion,Santa Anita,baja,-12.062813,-76.94951,0,0
795,Cliente #795 (Rimac),cliente,Rimac,baja,-12.04062,-77.016814,4,3
796,Cliente #796 (San Miguel),cliente,San Miguel,media,-12.056432,-77.065844,1,1
797,Cliente #797 (Villa El Salvador),cliente,Villa El Salvador,baja,-12.198536,-76.920825,5,3
798,Cliente #798 (San Martin Porres),cliente,San Martin Porres,baja,-12.032682,-77.062988,2,1
799,Intersec. Av. Tomas Marsano (Villa El Salvador),interseccion,Villa El Salvador,baja,-12.219695,-76.924013,0,0
800,Cliente #800 (Chorrillos),cliente,Chorrillos,media,-12.173884,-77.006597,1,1
801,Cliente #801 (Chorrillos),cliente,Chorrillos,media,-12.156422,-77.014077,2,2
802,Cliente #802 (Los Olivos),cliente,Los Olivos,baja,-12.011978,-77.074293,3,2
803,Cliente #803 (San Isidro),cliente,San Isidro,muy_alta,-12.100299,-77.035416,1,1
804,Intersec. Av. Javier Prado (Villa Maria),interseccion,Villa Maria,baja,-12.158717,-76.921725,0,0
805,Intersec. Av. 28 de Julio (Surco),interseccion,Surco,alta,-12.137876,-76.994422,0,0
806,Intersec. Av. El Derby (Villa Maria),interseccion,Villa Maria,baja,-12.159744,-76.947689,0,0
807,Intersec. Av. Aviacion (Comas),interseccion,Comas,baja,-11.936823,-77.046634,0,0
808,Intersec. Av. Caminos del Inca (El Agustino),interseccion,El Agustino,baja,-12.020428,-77.016542,0,0
809,Hub Rappi Santa Anita,hub_rappi,Santa Anita,baja,-12.050618,-76.975625,493,408
810,Intersec. Av. Benavides (Comas),interseccion,Comas,baja,-11.961529,-77.039993,0,0
811,Hub Rappi Lima Cercado,hub_rappi,Lima Cercado,media,-12.043036,-77.019952,298,218
812,Intersec. Av. Petit Thouars (Ate),interseccion,Ate,baja,-12.027373,-76.91961,0,0
813,Cliente #813 (Puente Piedra),cliente,Puente Piedra,baja,-11.873862,-77.085907,3,1
814,Intersec. Av. 28 de Julio (Callao),interseccion,Callao,baja,-12.039788,-77.112873,0,0
815,Cliente #815 (Jesus Maria),cliente,Jesus Maria,media,-12.074167,-77.064735,4,1
816,Hub Rappi Chorrillos,hub_rappi,Chorrillos,media,-12.162154,-77.021778,145,226
817,Cliente #817 (Pachacamac),cliente,Pachacamac,baja,-12.225632,-76.866122,2,3
818,Cliente #818 (Lurin),cliente,Lurin,baja,-12.274287,-76.851962,4,2
819,Cliente #819 (Rimac),cliente,Rimac,baja,-12.018111,-77.044638,2,3
820,Cliente #820 (La Molina),cliente,La Molina,media,-12.068662,-76.93039,1,1
821,Intersec. Via Expresa (Brena),interseccion,Brena,media,-12.078722,-77.041886,0,0
822,Cliente #822 (Pachacamac),cliente,Pachacamac,baja,-12.24633,-76.863786,1,2
823,Intersec. Av. Colonial (San Isidro),interseccion,San Isidro,muy_alta,-12.089614,-77.033293,0,0
824,Intersec. Av. La Encalada (Chorrillos),interseccion,Chorrillos,media,-12.177801,-77.001836,0,0
825,Cliente #825 (Surco),cliente,Surco,alta,-12.134317,-76.985056,5,3
826,Intersec. Av. 28 de Julio (Lima Cercado),interseccion,Lima Cercado,media,-12.065044,-77.014174,0,0
827,Intersec. Av. Tomas Marsano (Rimac),interseccion,Rimac,baja,-12.0214,-77.015034,0,0
828,Cliente #828 (Villa Maria),cliente,Villa Maria,baja,-12.185351,-76.949464,3,1
829,Cliente #829 (Magdalena),cliente,Magdalena,media,-12.077991,-77.075186,4,3
830,Cliente #830 (Callao),cliente,Callao,baja,-12.039549,-77.130957,1,1
831,Intersec. Av. Arequipa (Pachacamac),interseccion,Pachacamac,baja,-12.215098,-76.854351,0,0
832,Intersec. Via Expresa (San Martin Porres),interseccion,San Martin Porres,baja,-12.014437,-77.089852,0,0
833,Intersec. Av. Salaverry (Surco),interseccion,Surco,alta,-12.140271,-77.005559,0,0
834,Cliente #834 (Miraflores),cliente,Miraflores,muy_alta,-12.135629,-77.032621,1,3
835,Cliente #835 (Independencia),cliente,Independencia,baja,-11.981742,-77.048401,5,1
836,Intersec. Av. Angamos (San Juan Lurig),interseccion,San Juan Lurig,baja,-12.151928,-76.964872,0,0
837,Intersec. Av. Arequipa (Lima Cercado),interseccion,Lima Cercado,media,-12.029903,-77.032704,0,0
838,Intersec. Av. Tomas Marsano (Lima Cercado),interseccion,Lima Cercado,media,-12.055122,-77.017975,0,0
839,Cliente #839 (La Molina),cliente,La Molina,media,-12.076617,-76.950127,3,3
840,Intersec. Av. Aviacion (San Borja),interseccion,San Borja,alta,-12.095996,-77.021635,0,0
841,Cliente #841 (Ate),cliente,Ate,baja,-12.051913,-76.923703,5,1
842,Cliente #842 (Independencia),cliente,Independencia,baja,-11.988224,-77.074123,5,1
843,Hub Rappi Santa Anita,hub_rappi,Santa Anita,baja,-12.026702,-76.964711,434,232
844,Cliente #844 (Santa Anita),cliente,Santa Anita,baja,-12.06792,-76.945661,5,2
845,Intersec. Av. Primavera (Lince),interseccion,Lince,media,-12.096363,-77.038074,0,0
846,Intersec. Av. Arequipa (San Juan Lurig),interseccion,San Juan Lurig,baja,-12.148302,-76.997942,0,0
847,Intersec. Av. Caminos del Inca (Santa Anita),interseccion,Santa Anita,baja,-12.063793,-76.951506,0,0
848,Intersec. Av. Larco (Ate),interseccion,Ate,baja,-12.020255,-76.90121,0,0
849,Cliente #849 (Chorrillos),cliente,Chorrillos,media,-12.190499,-77.005507,1,3
850,Cliente #850 (Pachacamac),cliente,Pachacamac,baja,-12.233495,-76.875895,1,2
851,Intersec. Av. Tomas Marsano (Lima Cercado),interseccion,Lima Cercado,media,-12.048371,-77.036342,0,0
852,Cliente #852 (Villa Maria),cliente,Villa Maria,baja,-12.172415,-76.919517,4,2
853,Intersec. Av. Salaverry (Villa El Salvador),interseccion,Villa El Salvador,baja,-12.228755,-76.930298,0,0
854,Cliente #854 (Carabayllo),cliente,Carabayllo,baja,-11.864875,-77.040514,2,1
855,Intersec. Via Expresa (Magdalena),interseccion,Magdalena,media,-12.078514,-77.063809,0,0
856,Cliente #856 (Pachacamac),cliente,Pachacamac,baja,-12.220575,-76.866022,4,1
857,Intersec. Av. La Encalada (Callao),interseccion,Callao,baja,-12.034968,-77.126629,0,0
858,Intersec. Av. Javier Prado (Rimac),interseccion,Rimac,baja,-12.029004,-77.031953,0,0
859,Intersec. Av. El Derby (Jesus Maria),interseccion,Jesus Maria,media,-12.05618,-77.056834,0,0
860,Intersec. Av. Angamos (San Martin Porres),interseccion,San Martin Porres,baja,-12.033766,-77.073419,0,0
861,Cliente #861 (Surco),cliente,Surco,alta,-12.13419,-77.010709,1,2
862,Astrid Gaston (La Molina),restaurante,La Molina,media,-12.084899,-76.946966,53,51
863,Cliente #863 (San Miguel),cliente,San Miguel,media,-12.06256,-77.074639,5,2
864,Cliente #864 (Comas),cliente,Comas,baja,-11.951047,-77.030357,4,3
865,Intersec. Av. Santa Cruz (Callao),interseccion,Callao,baja,-12.048054,-77.100595,0,0
866,Cliente #866 (Lima Cercado),cliente,Lima Cercado,media,-12.059869,-77.036554,4,1
867,Intersec. Av. El Derby (Brena),interseccion,Brena,media,-12.081002,-77.059114,0,0
868,Cliente #868 (San Juan Lurig),cliente,San Juan Lurig,baja,-12.145739,-76.982596,4,2
869,Cliente #869 (La Molina),cliente,La Molina,media,-12.093528,-76.953081,1,3
870,Cliente #870 (El Agustino),cliente,El Agustino,baja,-12.020776,-77.031852,3,2
871,Intersec. Av. Santa Cruz (Miraflores),interseccion,Miraflores,muy_alta,-12.134162,-77.034325,0,0
872,Cliente #872 (Puente Piedra),cliente,Puente Piedra,baja,-11.889407,-77.067614,5,1
873,Cliente #873 (San Martin Porres),cliente,San Martin Porres,baja,-12.040828,-77.05342,5,1
874,Intersec. Av. La Marina (Magdalena),interseccion,Magdalena,media,-12.109488,-77.059803,0,0
875,Intersec. Av. La Encalada (Lince),interseccion,Lince,media,-12.093802,-77.057348,0,0
876,Intersec. Av. La Encalada (Ate),interseccion,Ate,baja,-12.008208,-76.928383,0,0
877,Intersec. Av. Salaverry (San Juan Lurig),interseccion,San Juan Lurig,baja,-12.155514,-76.98617,0,0
878,Cliente #878 (Brena),cliente,Brena,media,-12.058029,-77.059153,2,3
879,Hub Rappi Rimac,hub_rappi,Rimac,baja,-12.044576,-77.041877,374,426
880,Costanera 700 (Independencia),restaurante,Independencia,baja,-11.972983,-77.04219,74,92
881,Intersec. Av. 28 de Julio (Los Olivos),interseccion,Los Olivos,baja,-11.979378,-77.088028,0,0
882,Intersec. Av. Aviacion (Brena),interseccion,Brena,media,-12.044384,-77.066429,0,0
883,Cliente #883 (San Martin Porres),cliente,San Martin Porres,baja,-12.011807,-77.061279,2,1
884,Cliente #884 (Miraflores),cliente,Miraflores,muy_alta,-12.123658,-77.007879,2,1
885,Intersec. Av. Colonial (San Miguel),interseccion,San Miguel,media,-12.074947,-77.072648,0,0
886,Intersec. Av. Salaverry (Carabayllo),interseccion,Carabayllo,baja,-11.870386,-77.037951,0,0
887,Intersec. Av. La Marina (San Martin Porres),interseccion,San Martin Porres,baja,-12.015287,-77.077617,0,0
888,Intersec. Via Expresa (Comas),interseccion,Comas,baja,-11.94944,-77.056933,0,0
889,Cliente #889 (Ate),cliente,Ate,baja,-12.035038,-76.928679,5,2
890,Hub Rappi Comas,hub_rappi,Comas,baja,-11.953221,-77.031943,458,283
891,Intersec. Av. Brasil (Villa Maria),interseccion,Villa Maria,baja,-12.152184,-76.954038,0,0
892,Cliente #892 (San Martin Porres),cliente,San Martin Porres,baja,-12.020388,-77.087081,4,1
893,Intersec. Via Expresa (San Isidro),interseccion,San Isidro,muy_alta,-12.097726,-77.03119,0,0
894,El Mercado (Rimac),restaurante,Rimac,baja,-12.013412,-77.017294,21,47
895,Intersec. Av. Aviacion (Ate),interseccion,Ate,baja,-12.035448,-76.897073,0,0
896,Cliente #896 (Surco),cliente,Surco,alta,-12.157754,-76.981161,3,2
897,Cliente #897 (Independencia),cliente,Independencia,baja,-12.00245,-77.055928,5,2
898,Intersec. Av. Colonial (Lince),interseccion,Lince,media,-12.096604,-77.056652,0,0
899,Intersec. Via Expresa (Rimac),interseccion,Rimac,baja,-12.020969,-77.049292,0,0
900,Cliente #900 (Comas),cliente,Comas,baja,-11.931345,-77.064314,5,2
901,Intersec. Av. Santa Cruz (Chorrillos),interseccion,Chorrillos,media,-12.16097,-77.008169,0,0
902,Intersec. Av. El Derby (Pachacamac),interseccion,Pachacamac,baja,-12.21868,-76.880361,0,0
903,Intersec. Av. 28 de Julio (Surco),interseccion,Surco,alta,-12.133811,-76.990342,0,0
904,Hub Rappi Pachacamac,hub_rappi,Pachacamac,baja,-12.234485,-76.870284,147,459
905,Bembos (San Borja),restaurante,San Borja,alta,-12.095691,-77.003053,29,20
906,Cliente #906 (Jesus Maria),cliente,Jesus Maria,media,-12.052905,-77.051154,5,3
907,KFC (Jesus Maria),restaurante,Jesus Maria,media,-12.073034,-77.045603,40,46
908,Cliente #908 (Surco),cliente,Surco,alta,-12.135189,-76.988375,2,3
909,Intersec. Av. Brasil (Callao),interseccion,Callao,baja,-12.071893,-77.138913,0,0
910,Hub Rappi Villa El Salvador,hub_rappi,Villa El Salvador,baja,-12.192738,-76.958634,177,260
911,Intersec. Av. El Derby (Villa Maria),interseccion,Villa Maria,baja,-12.143143,-76.954296,0,0
912,Cliente #912 (San Isidro),cliente,San Isidro,muy_alta,-12.097024,-77.050412,1,2
913,Cliente #913 (Jesus Maria),cliente,Jesus Maria,media,-12.070141,-77.053333,4,1
914,Intersec. Av. Petit Thouars (Carabayllo),interseccion,Carabayllo,baja,-11.897946,-77.010123,0,0
915,Cliente #915 (San Juan Lurig),cliente,San Juan Lurig,baja,-12.147612,-76.980601,5,2
916,Cliente #916 (Barranco),cliente,Barranco,alta,-12.15946,-77.021702,5,3
917,Cliente #917 (Comas),cliente,Comas,baja,-11.919153,-77.031275,2,2
918,Intersec. Av. Santa Cruz (La Molina),interseccion,La Molina,media,-12.0944,-76.925606,0,0
919,Intersec. Av. Salaverry (Puente Piedra),interseccion,Puente Piedra,baja,-11.884791,-77.065452,0,0
920,Cliente #920 (Callao),cliente,Callao,baja,-12.045994,-77.119291,2,2
921,Intersec. Av. Petit Thouars (Callao),interseccion,Callao,baja,-12.050417,-77.100067,0,0
922,Intersec. Av. La Encalada (San Isidro),interseccion,San Isidro,muy_alta,-12.110246,-77.021148,0,0
923,Intersec. Av. Angamos (Surco),interseccion,Surco,alta,-12.154408,-76.993388,0,0
924,Cliente #924 (Brena),cliente,Brena,media,-12.059478,-77.069154,2,2
925,Cliente #925 (Santa Anita),cliente,Santa Anita,baja,-12.056571,-76.94495,3,2
926,Hub Rappi Surco,hub_rappi,Surco,alta,-12.164521,-77.005364,257,224
927,Cliente #927 (San Juan Lurig),cliente,San Juan Lurig,baja,-12.139884,-76.962578,2,2
928,Intersec. Av. Aviacion (Lurin),interseccion,Lurin,baja,-12.285,-76.866111,0,0
929,Intersec. Av. Arequipa (Pachacamac),interseccion,Pachacamac,baja,-12.213759,-76.882541,0,0
930,Intersec. Av. Primavera (Miraflores),interseccion,Miraflores,muy_alta,-12.10227,-77.008999,0,0
931,Cliente #931 (San Miguel),cliente,San Miguel,media,-12.066699,-77.081397,5,3
932,Intersec. Av. Primavera (San Juan Lurig),interseccion,San Juan Lurig,baja,-12.147759,-76.963521,0,0
933,Cliente #933 (San Martin Porres),cliente,San Martin Porres,baja,-12.024368,-77.053362,5,3
934,Cliente #934 (Los Olivos),cliente,Los Olivos,baja,-11.98208,-77.066908,3,3
935,Intersec. Av. El Derby (Pachacamac),interseccion,Pachacamac,baja,-12.236435,-76.883849,0,0
936,Intersec. Av. El Derby (Independencia),interseccion,Independencia,baja,-11.982328,-77.064886,0,0
937,Intersec. Av. Brasil (Lurin),interseccion,Lurin,baja,-12.271069,-76.861306,0,0
938,Cliente #938 (Barranco),cliente,Barranco,alta,-12.147861,-77.00703,1,1
939,Intersec. Av. Larco (Puente Piedra),interseccion,Puente Piedra,baja,-11.876578,-77.069314,0,0
940,Intersec. Av. Javier Prado (Independencia),interseccion,Independencia,baja,-11.971731,-77.062705,0,0
941,Intersec. Via Expresa (Independencia),interseccion,Independencia,baja,-11.983413,-77.081362,0,0
942,Hub Rappi Callao,hub_rappi,Callao,baja,-12.045622,-77.101035,368,305
943,Intersec. Av. Javier Prado (Pueblo Libre),interseccion,Pueblo Libre,media,-12.066863,-77.063022,0,0
944,Cliente #944 (Callao),cliente,Callao,baja,-12.055143,-77.113439,3,3
945,Cliente #945 (Pachacamac),cliente,Pachacamac,baja,-12.242579,-76.867864,4,1
946,Intersec. Av. Universitaria (San Juan Lurig),interseccion,San Juan Lurig,baja,-12.168594,-76.973148,0,0
947,Intersec. Av. La Marina (Miraflores),interseccion,Miraflores,muy_alta,-12.13751,-77.045433,0,0
948,Cliente #948 (Magdalena),cliente,Magdalena,media,-12.069308,-77.085787,3,2
949,Intersec. Av. Benavides (Miraflores),interseccion,Miraflores,muy_alta,-12.130679,-77.038806,0,0
950,Cliente #950 (Lince),cliente,Lince,media,-12.079976,-77.036394,1,1
951,Intersec. Av. El Derby (Ate),interseccion,Ate,baja,-12.023997,-76.918413,0,0
952,Intersec. Av. Aviacion (Santa Anita),interseccion,Santa Anita,baja,-12.031481,-76.97078,0,0
953,Intersec. Av. Colonial (La Molina),interseccion,La Molina,media,-12.090325,-76.937595,0,0
954,Intersec. Av. Caminos del Inca (Santa Anita),interseccion,Santa Anita,baja,-12.04532,-76.964745,0,0
955,Cliente #955 (Lima Cercado),cliente,Lima Cercado,media,-12.031364,-77.037728,2,3
956,Intersec. Av. Petit Thouars (Magdalena),interseccion,Magdalena,media,-12.083117,-77.070467,0,0
957,Intersec. Av. La Encalada (Lurin),interseccion,Lurin,baja,-12.289784,-76.85411,0,0
958,Cliente #958 (Pachacamac),cliente,Pachacamac,baja,-12.221972,-76.86463,3,2
959,Intersec. Av. Aviacion (Miraflores),interseccion,Miraflores,muy_alta,-12.102764,-77.014721,0,0
960,Intersec. Av. Santa Cruz (Miraflores),interseccion,Miraflores,muy_alta,-12.127226,-77.040385,0,0
961,Intersec. Av. Angamos (Comas),interseccion,Comas,baja,-11.951681,-77.030557,0,0
962,Cliente #962 (Villa Maria),cliente,Villa Maria,baja,-12.145663,-76.944069,2,1
963,Cliente #963 (Independencia),cliente,Independencia,baja,-11.970066,-77.078022,4,2
964,Cliente #964 (San Juan Lurig),cliente,San Juan Lurig,baja,-12.166505,-76.986496,2,3
965,Hub Rappi Los Olivos,hub_rappi,Los Olivos,baja,-11.997991,-77.08752,179,494
966,Intersec. Av. El Derby (Santa Anita),interseccion,Santa Anita,baja,-12.060184,-76.963377,0,0
967,Cliente #967 (Rimac),cliente,Rimac,baja,-12.014244,-77.014238,3,3
968,Intersec. Av. La Encalada (Comas),interseccion,Comas,baja,-11.954193,-77.065099,0,0
969,Intersec. Av. Aviacion (Surco),interseccion,Surco,alta,-12.145202,-76.978919,0,0
970,Intersec. Av. Arequipa (Pachacamac),interseccion,Pachacamac,baja,-12.232626,-76.877378,0,0
971,Intersec. Av. Larco (Los Olivos),interseccion,Los Olivos,baja,-11.981872,-77.073931,0,0
972,Intersec. Av. Brasil (Santa Anita),interseccion,Santa Anita,baja,-12.052905,-76.968443,0,0
973,Cliente #973 (Pueblo Libre),cliente,Pueblo Libre,media,-12.075871,-77.082798,5,1
974,Intersec. Av. Arequipa (Miraflores),interseccion,Miraflores,muy_alta,-12.131967,-77.044426,0,0
975,Cliente #975 (Puente Piedra),cliente,Puente Piedra,baja,-11.851105,-77.081382,4,2
976,Intersec. Av. Santa Cruz (Callao),interseccion,Callao,baja,-12.040126,-77.133712,0,0
977,Cliente #977 (San Miguel),cliente,San Miguel,media,-12.074804,-77.095141,5,3
978,Intersec. Av. Universitaria (Surco),interseccion,Surco,alta,-12.12531,-76.987451,0,0
979,Intersec. Av. Benavides (San Isidro),interseccion,San Isidro,muy_alta,-12.080973,-77.057462,0,0
980,Intersec. Av. Petit Thouars (San Borja),interseccion,San Borja,alta,-12.110712,-76.994692,0,0
981,Cliente #981 (San Isidro),cliente,San Isidro,muy_alta,-12.117658,-77.025068,1,3
982,Cliente #982 (Miraflores),cliente,Miraflores,muy_alta,-12.101139,-77.030897,1,2
983,Intersec. Av. La Encalada (Surco),interseccion,Surco,alta,-12.142001,-77.011073,0,0
984,Intersec. Av. La Marina (San Isidro),interseccion,San Isidro,muy_alta,-12.101634,-77.052886,0,0
985,Intersec. Av. Primavera (Magdalena),interseccion,Magdalena,media,-12.094283,-77.056157,0,0
986,Cliente #986 (Ate),cliente,Ate,baja,-12.030441,-76.931992,5,2
987,Cliente #987 (San Isidro),cliente,San Isidro,muy_alta,-12.118452,-77.031962,4,1
988,Hub Rappi Independencia,hub_rappi,Independencia,baja,-11.975632,-77.070936,338,492
989,Cliente #989 (San Borja),cliente,San Borja,alta,-12.103103,-76.993258,2,2
990,Intersec. Av. Larco (Brena),interseccion,Brena,media,-12.057826,-77.032427,0,0
991,Intersec. Av. Larco (Pueblo Libre),interseccion,Pueblo Libre,media,-12.092503,-77.053863,0,0
992,Intersec. Av. Benavides (Carabayllo),interseccion,Carabayllo,baja,-11.873016,-77.035111,0,0
993,Intersec. Av. Colonial (Jesus Maria),interseccion,Jesus Maria,media,-12.074112,-77.023361,0,0
994,Intersec. Av. Primavera (Los Olivos),interseccion,Los Olivos,baja,-11.972881,-77.076758,0,0
995,Intersec. Av. La Encalada (Ate),interseccion,Ate,baja,-12.033332,-76.890311,0,0
996,Intersec. Av. Petit Thouars (Los Olivos),interseccion,Los Olivos,baja,-11.991977,-77.058214,0,0
997,McDonald's (Rimac),restaurante,Rimac,baja,-12.026931,-77.03985,58,33
998,Cliente #998 (Comas),cliente,Comas,baja,-11.941129,-77.048543,3,1
999,Cliente #999 (Magdalena),cliente,Magdalena,media,-12.099867,-77.067618,5,2
1000,Intersec. Av. Benavides (Ate),interseccion,Ate,baja,-12.037931,-76.888928,0,0
1001,Intersec. Av. Colonial (Pueblo Libre),interseccion,Pueblo Libre,media,-12.091872,-77.042799,0,0
1002,Cliente #1002 (Santa Anita),cliente,Santa Anita,baja,-12.043773,-76.960868,4,1
1003,Intersec. Av. Salaverry (Lurin),interseccion,Lurin,baja,-12.288149,-76.867681,0,0
1004,Intersec. Av. Angamos (Miraflores),interseccion,Miraflores,muy_alta,-12.133128,-77.035156,0,0
1005,Intersec. Av. Benavides (Villa El Salvador),interseccion,Villa El Salvador,baja,-12.195895,-76.961788,0,0
1006,Intersec. Av. Colonial (Carabayllo),interseccion,Carabayllo,baja,-11.895457,-77.032106,0,0
1007,Cliente #1007 (Comas),cliente,Comas,baja,-11.947604,-77.063998,1,2
1008,Cliente #1008 (San Borja),cliente,San Borja,alta,-12.126623,-77.003516,5,3
1009,Intersec. Av. La Encalada (San Borja),interseccion,San Borja,alta,-12.0961,-77.010716,0,0
1010,Intersec. Av. Tomas Marsano (Comas),interseccion,Comas,baja,-11.936853,-77.059756,0,0
1011,Cliente #1011 (San Martin Porres),cliente,San Martin Porres,baja,-12.030426,-77.0754,3,3
1012,Cliente #1012 (Ate),cliente,Ate,baja,-12.008139,-76.921485,2,1
1013,Intersec. Av. La Encalada (Lince),interseccion,Lince,media,-12.10408,-77.04042,0,0
1014,Cliente #1014 (Villa El Salvador),cliente,Villa El Salvador,baja,-12.211137,-76.953722,1,3
1015,Hub Rappi Pachacamac,hub_rappi,Pachacamac,baja,-12.213839,-76.866442,481,264
1016,Cliente #1016 (San Borja),cliente,San Borja,alta,-12.102054,-77.002845,4,3
1017,Cliente #1017 (Chorrillos),cliente,Chorrillos,media,-12.162425,-77.041584,2,1
1018,Cliente #1018 (Los Olivos),cliente,Los Olivos,baja,-11.989374,-77.068672,4,2
1019,Intersec. Av. Arequipa (Jesus Maria),interseccion,Jesus Maria,media,-12.070957,-77.057608,0,0
1020,Cliente #1020 (Brena),cliente,Brena,media,-12.075669,-77.075018,4,3
1021,Cliente #1021 (El Agustino),cliente,El Agustino,baja,-12.024838,-77.027086,3,1
1022,Intersec. Av. Angamos (San Martin Porres),interseccion,San Martin Porres,baja,-12.034214,-77.074386,0,0
1023,Cliente #1023 (Comas),cliente,Comas,baja,-11.947792,-77.06937,5,2
1024,Intersec. Av. Aviacion (Jesus Maria),interseccion,Jesus Maria,media,-12.070715,-77.047947,0,0
1025,Cliente #1025 (Santa Anita),cliente,Santa Anita,baja,-12.033131,-76.947927,5,3
1026,Intersec. Av. Salaverry (Lima Cercado),interseccion,Lima Cercado,media,-12.043081,-77.052555,0,0
1027,Intersec. Av. 28 de Julio (Santa Anita),interseccion,Santa Anita,baja,-12.045713,-76.95542,0,0
1028,Intersec. Av. Brasil (La Molina),interseccion,La Molina,media,-12.077883,-76.927679,0,0
1029,Pizza Hut (Brena),restaurante,Brena,media,-12.06719,-77.046963,38,28
1030,Cliente #1030 (San Borja),cliente,San Borja,alta,-12.094551,-77.007995,2,1
1031,Intersec. Av. Salaverry (San Juan Lurig),interseccion,San Juan Lurig,baja,-12.148334,-76.995507,0,0
1032,Cliente #1032 (Pachacamac),cliente,Pachacamac,baja,-12.240807,-76.883573,2,3
1033,Intersec. Av. Aviacion (Villa Maria),interseccion,Villa Maria,baja,-12.165291,-76.957262,0,0
1034,Cliente #1034 (Chorrillos),cliente,Chorrillos,media,-12.17911,-77.033105,3,1
1035,Intersec. Av. Tomas Marsano (Lurin),interseccion,Lurin,baja,-12.2588,-76.854602,0,0
1036,Cliente #1036 (Pueblo Libre),cliente,Pueblo Libre,media,-12.065539,-77.068722,5,1
1037,Hub Rappi Rimac,hub_rappi,Rimac,baja,-12.025464,-77.051129,459,375
1038,Cliente #1038 (Magdalena),cliente,Magdalena,media,-12.072452,-77.082261,3,3
1039,Intersec. Av. Larco (El Agustino),interseccion,El Agustino,baja,-12.057184,-77.031834,0,0
1040,Cliente #1040 (Ate),cliente,Ate,baja,-12.047083,-76.8955,4,3
1041,Cliente #1041 (San Juan Lurig),cliente,San Juan Lurig,baja,-12.174571,-76.96357,1,3
1042,Intersec. Av. Santa Cruz (Ate),interseccion,Ate,baja,-12.008207,-76.927891,0,0
1043,Intersec. Av. Petit Thouars (Pueblo Libre),interseccion,Pueblo Libre,media,-12.084213,-77.040808,0,0
1044,Intersec. Av. Brasil (Surco),interseccion,Surco,alta,-12.164656,-77.01785,0,0
1045,Intersec. Av. Colonial (Ate),interseccion,Ate,baja,-12.04423,-76.910777,0,0
1046,Cliente #1046 (Lima Cercado),cliente,Lima Cercado,media,-12.063635,-77.045975,5,1
1047,Hub Rappi Pueblo Libre,hub_rappi,Pueblo Libre,media,-12.070645,-77.058642,470,292
1048,Cliente #1048 (Lurin),cliente,Lurin,baja,-12.274766,-76.848823,5,3
1049,Cliente #1049 (Villa El Salvador),cliente,Villa El Salvador,baja,-12.203893,-76.957631,1,3
1050,Cliente #1050 (Puente Piedra),cliente,Puente Piedra,baja,-11.88451,-77.070056,5,3
1051,Cliente #1051 (Los Olivos),cliente,Los Olivos,baja,-11.974888,-77.06483,5,1
1052,Cliente #1052 (Independencia),cliente,Independencia,baja,-11.974767,-77.080944,3,2
1053,Cliente #1053 (El Agustino),cliente,El Agustino,baja,-12.038352,-77.002414,2,1
1054,Cliente #1054 (Villa Maria),cliente,Villa Maria,baja,-12.162124,-76.923717,3,2
1055,Cliente #1055 (Miraflores),cliente,Miraflores,muy_alta,-12.1278,-77.02309,5,1
1056,Intersec. Av. Salaverry (San Juan Lurig),interseccion,San Juan Lurig,baja,-12.177614,-76.970957,0,0
1057,Intersec. Via Expresa (Callao),interseccion,Callao,baja,-12.07792,-77.128225,0,0
1058,Cliente #1058 (San Juan Lurig),cliente,San Juan Lurig,baja,-12.149124,-76.983466,5,2
1059,Cliente #1059 (Brena),cliente,Brena,media,-12.067821,-77.064662,5,2
1060,Intersec. Av. Benavides (Villa Maria),interseccion,Villa Maria,baja,-12.170142,-76.94263,0,0
1061,Cliente #1061 (Callao),cliente,Callao,baja,-12.040499,-77.117306,3,3
1062,Cliente #1062 (Jesus Maria),cliente,Jesus Maria,media,-12.054811,-77.04218,4,3
1063,Intersec. Av. Larco (Villa Maria),interseccion,Villa Maria,baja,-12.142449,-76.923626,0,0
1064,Intersec. Av. Primavera (Brena),interseccion,Brena,media,-12.043454,-77.053325,0,0
1065,Intersec. Via Expresa (Independencia),interseccion,Independencia,baja,-11.995859,-77.03881,0,0
1066,Intersec. Av. La Encalada (Los Olivos),interseccion,Los Olivos,baja,-11.996204,-77.084583,0,0
1067,Cliente #1067 (Comas),cliente,Comas,baja,-11.946055,-77.044514,4,1
1068,Hub Rappi Villa Maria,hub_rappi,Villa Maria,baja,-12.176163,-76.937728,173,287
1069,Cliente #1069 (San Miguel),cliente,San Miguel,media,-12.062896,-77.070489,2,3
1070,Intersec. Av. 28 de Julio (San Martin Porres),interseccion,San Martin Porres,baja,-12.036108,-77.089233,0,0
1071,Intersec. Av. La Marina (Pachacamac),interseccion,Pachacamac,baja,-12.22815,-76.884361,0,0
1072,Cliente #1072 (Puente Piedra),cliente,Puente Piedra,baja,-11.874403,-77.061947,5,3
1073,Intersec. Av. Brasil (Surco),interseccion,Surco,alta,-12.132299,-76.98994,0,0
1074,Cliente #1074 (Lurin),cliente,Lurin,baja,-12.259502,-76.873243,1,1
1075,Intersec. Av. Salaverry (Jesus Maria),interseccion,Jesus Maria,media,-12.070276,-77.022954,0,0
1076,Hub Rappi San Borja,hub_rappi,San Borja,alta,-12.099361,-76.985946,455,345
1077,Cliente #1077 (Villa El Salvador),cliente,Villa El Salvador,baja,-12.219116,-76.941238,4,2
1078,Intersec. Av. Petit Thouars (Ate),interseccion,Ate,baja,-12.009931,-76.91664,0,0
1079,Intersec. Av. La Marina (Puente Piedra),interseccion,Puente Piedra,baja,-11.865643,-77.082317,0,0
1080,Cliente #1080 (Lima Cercado),cliente,Lima Cercado,media,-12.045736,-77.045202,2,1
1081,Cliente #1081 (Miraflores),cliente,Miraflores,muy_alta,-12.107338,-77.032071,1,2
1082,Intersec. Av. Caminos del Inca (Chorrillos),interseccion,Chorrillos,media,-12.165774,-77.033094,0,0
1083,Intersec. Av. La Marina (San Isidro),interseccion,San Isidro,muy_alta,-12.0989,-77.036461,0,0
1084,Cliente #1084 (Lince),cliente,Lince,media,-12.091855,-77.051891,5,3
1085,Cliente #1085 (Lima Cercado),cliente,Lima Cercado,media,-12.036527,-77.050211,3,2
1086,Intersec. Av. Petit Thouars (Barranco),interseccion,Barranco,alta,-12.15733,-77.010944,0,0
1087,Intersec. Av. Arequipa (Pueblo Libre),interseccion,Pueblo Libre,media,-12.074572,-77.061534,0,0
1088,Cliente #1088 (Lince),cliente,Lince,media,-12.086083,-77.026227,4,3
1089,Cliente #1089 (San Isidro),cliente,San Isidro,muy_alta,-12.116441,-77.039761,4,1
1090,Cliente #1090 (Barranco),cliente,Barranco,alta,-12.149454,-77.025416,2,3
1091,Cliente #1091 (Brena),cliente,Brena,media,-12.055666,-77.06134,2,1
1092,Cliente #1092 (Ate),cliente,Ate,baja,-12.035344,-76.905843,3,2
1093,Cliente #1093 (Chorrillos),cliente,Chorrillos,media,-12.18428,-77.0389,1,3
1094,Cliente #1094 (El Agustino),cliente,El Agustino,baja,-12.030158,-77.020234,3,3
1095,Cliente #1095 (Miraflores),cliente,Miraflores,muy_alta,-12.101442,-77.047098,2,2
1096,Cliente #1096 (San Borja),cliente,San Borja,alta,-12.116644,-76.990015,5,1
1097,Intersec. Av. Arequipa (Callao),interseccion,Callao,baja,-12.048204,-77.119375,0,0
1098,Cliente #1098 (San Borja),cliente,San Borja,alta,-12.102159,-77.019709,5,3
1099,Intersec. Av. Larco (Ate),interseccion,Ate,baja,-12.047574,-76.929419,0,0
1100,Intersec. Av. 28 de Julio (Ate),interseccion,Ate,baja,-12.014719,-76.888401,0,0
1101,Cliente #1101 (Puente Piedra),cliente,Puente Piedra,baja,-11.881429,-77.094292,1,2
1102,Intersec. Av. Benavides (El Agustino),interseccion,El Agustino,baja,-12.023591,-77.023627,0,0
1103,Domino's (Miraflores),restaurante,Miraflores,muy_alta,-12.122858,-77.019234,23,64
1104,Intersec. Av. Arequipa (San Borja),interseccion,San Borja,alta,-12.087669,-76.9825,0,0
1105,Intersec. Av. Angamos (Ate),interseccion,Ate,baja,-12.024792,-76.90296,0,0
1106,Cliente #1106 (Ate),cliente,Ate,baja,-12.033315,-76.928311,2,2
1107,Intersec. Av. Universitaria (La Molina),interseccion,La Molina,media,-12.061609,-76.955957,0,0
1108,Cliente #1108 (Brena),cliente,Brena,media,-12.071382,-77.069619,4,1
1109,Cliente #1109 (Carabayllo),cliente,Carabayllo,baja,-11.896422,-77.043552,4,2
1110,Cliente #1110 (San Isidro),cliente,San Isidro,muy_alta,-12.082517,-77.037411,2,1
1111,Cliente #1111 (Magdalena),cliente,Magdalena,media,-12.072129,-77.089043,3,2
1112,Cliente #1112 (Lima Cercado),cliente,Lima Cercado,media,-12.050298,-77.016432,2,3
1113,Intersec. Av. Brasil (Puente Piedra),interseccion,Puente Piedra,baja,-11.886729,-77.068337,0,0
1114,Intersec. Av. Tomas Marsano (Callao),interseccion,Callao,baja,-12.056235,-77.106843,0,0
1115,Hub Rappi Los Olivos,hub_rappi,Los Olivos,baja,-11.981057,-77.077257,173,441
1116,Intersec. Av. Caminos del Inca (Ate),interseccion,Ate,baja,-12.014738,-76.930939,0,0
1117,Intersec. Av. 28 de Julio (Los Olivos),interseccion,Los Olivos,baja,-11.996682,-77.060338,0,0
1118,Intersec. Av. Aviacion (Lima Cercado),interseccion,Lima Cercado,media,-12.033825,-77.019136,0,0
1119,Intersec. Av. Javier Prado (Miraflores),interseccion,Miraflores,muy_alta,-12.104738,-77.03775,0,0
1120,Intersec. Av. 28 de Julio (San Miguel),interseccion,San Miguel,media,-12.074227,-77.078637,0,0
1121,Cliente #1121 (Carabayllo),cliente,Carabayllo,baja,-11.89864,-77.040929,5,3
1122,Cliente #1122 (Jesus Maria),cliente,Jesus Maria,media,-12.072468,-77.025126,5,2
1123,Cliente #1123 (San Martin Porres),cliente,San Martin Porres,baja,-12.016484,-77.061393,4,3
1124,Intersec. Av. La Encalada (Puente Piedra),interseccion,Puente Piedra,baja,-11.852319,-77.060449,0,0
1125,Intersec. Av. El Derby (Villa El Salvador),interseccion,Villa El Salvador,baja,-12.20426,-76.935591,0,0
1126,Intersec. Av. Benavides (Villa Maria),interseccion,Villa Maria,baja,-12.154962,-76.93987,0,0
1127,Chili's (Lince),restaurante,Lince,media,-12.106527,-77.035839,49,83
1128,Hub Rappi Pachacamac,hub_rappi,Pachacamac,baja,-12.239808,-76.871779,162,492
1129,Cliente #1129 (Surco),cliente,Surco,alta,-12.140569,-77.013045,2,2
1130,Cliente #1130 (San Isidro),cliente,San Isidro,muy_alta,-12.110667,-77.045801,1,2
1131,Cliente #1131 (Independencia),cliente,Independencia,baja,-11.969419,-77.067334,2,3
1132,Cliente #1132 (Surco),cliente,Surco,alta,-12.130977,-77.00227,3,3
1133,Hub Rappi Lima Cercado,hub_rappi,Lima Cercado,media,-12.064016,-77.024193,186,216
1134,Intersec. Av. La Encalada (Jesus Maria),interseccion,Jesus Maria,media,-12.052081,-77.040649,0,0
1135,Cliente #1135 (San Miguel),cliente,San Miguel,media,-12.063845,-77.102119,1,3
1136,Cliente #1136 (Pachacamac),cliente,Pachacamac,baja,-12.22153,-76.855969,4,3
1137,Cliente #1137 (Villa El Salvador),cliente,Villa El Salvador,baja,-12.194579,-76.961708,4,3
1138,Cliente #1138 (Lima Cercado),cliente,Lima Cercado,media,-12.051913,-77.015394,1,2
1139,TGI Fridays (Barranco),restaurante,Barranco,alta,-12.131878,-77.033367,14,84
1140,Intersec. Av. El Derby (Villa Maria),interseccion,Villa Maria,baja,-12.175638,-76.952848,0,0
1141,Intersec. Av. La Encalada (Comas),interseccion,Comas,baja,-11.959981,-77.047002,0,0
1142,Intersec. Av. Brasil (San Isidro),interseccion,San Isidro,muy_alta,-12.084004,-77.041357,0,0
1143,Hub Rappi Barranco,hub_rappi,Barranco,alta,-12.123537,-77.016343,317,497
1144,Cliente #1144 (San Miguel),cliente,San Miguel,media,-12.073568,-77.102175,2,1
1145,Intersec. Av. Caminos del Inca (Barranco),interseccion,Barranco,alta,-12.130633,-77.023196,0,0
1146,Cliente #1146 (Jesus Maria),cliente,Jesus Maria,media,-12.088296,-77.062256,4,1
1147,Cliente #1147 (La Molina),cliente,La Molina,media,-12.090243,-76.935154,5,3
1148,Popeyes (Santa Anita),restaurante,Santa Anita,baja,-12.025208,-76.957544,49,65
1149,Cliente #1149 (San Juan Lurig),cliente,San Juan Lurig,baja,-12.178523,-76.961992,1,1
1150,Intersec. Av. Brasil (Villa El Salvador),interseccion,Villa El Salvador,baja,-12.19556,-76.932536,0,0
1151,Intersec. Av. Angamos (Los Olivos),interseccion,Los Olivos,baja,-12.004213,-77.06557,0,0
1152,Intersec. Av. El Derby (Callao),interseccion,Callao,baja,-12.052833,-77.127173,0,0
1153,Cliente #1153 (Carabayllo),cliente,Carabayllo,baja,-11.868299,-77.037609,4,3
1154,Cliente #1154 (Lima Cercado),cliente,Lima Cercado,media,-12.043231,-77.015655,4,1
1155,Cliente #1155 (Miraflores),cliente,Miraflores,muy_alta,-12.110714,-77.039511,2,2
1156,Intersec. Av. Universitaria (Surco),interseccion,Surco,alta,-12.13452,-77.019988,0,0
1157,Intersec. Av. El Derby (San Miguel),interseccion,San Miguel,media,-12.071895,-77.098766,0,0
1158,Cliente #1158 (Lince),cliente,Lince,media,-12.099558,-77.03864,5,1
1159,Intersec. Av. Caminos del Inca (La Molina),interseccion,La Molina,media,-12.08966,-76.933068,0,0
1160,Intersec. Av. La Marina (Brena),interseccion,Brena,media,-12.074427,-77.046066,0,0
1161,Intersec. Av. Caminos del Inca (Callao),interseccion,Callao,baja,-12.059515,-77.109272,0,0
1162,Intersec. Av. Javier Prado (Puente Piedra),interseccion,Puente Piedra,baja,-11.85373,-77.090688,0,0
1163,Cliente #1163 (Lurin),cliente,Lurin,baja,-12.266123,-76.862976,4,2
1164,Intersec. Av. La Encalada (Los Olivos),interseccion,Los Olivos,baja,-11.989757,-77.071975,0,0
1165,Cliente #1165 (Pachacamac),cliente,Pachacamac,baja,-12.226315,-76.870057,4,2
1166,Intersec. Via Expresa (Brena),interseccion,Brena,media,-12.05264,-77.052035,0,0
1167,Intersec. Av. Aviacion (Puente Piedra),interseccion,Puente Piedra,baja,-11.87298,-77.064471,0,0
1168,Cliente #1168 (Rimac),cliente,Rimac,baja,-12.014727,-77.023409,1,2
1169,Burger King (Villa Maria),restaurante,Villa Maria,baja,-12.174578,-76.940087,54,20
1170,Cliente #1170 (San Miguel),cliente,San Miguel,media,-12.097385,-77.102866,2,2
1171,Intersec. Av. Arequipa (San Martin Porres),interseccion,San Martin Porres,baja,-12.041116,-77.069638,0,0
1172,Cliente #1172 (Barranco),cliente,Barranco,alta,-12.163696,-77.033686,2,1
1173,Intersec. Av. Universitaria (La Molina),interseccion,La Molina,media,-12.090194,-76.930856,0,0
1174,Cliente #1174 (Pueblo Libre),cliente,Pueblo Libre,media,-12.079889,-77.056915,3,2
1175,Cliente #1175 (Carabayllo),cliente,Carabayllo,baja,-11.901221,-77.010377,3,3
1176,Intersec. Av. Benavides (Puente Piedra),interseccion,Puente Piedra,baja,-11.881115,-77.08145,0,0
1177,Intersec. Av. La Encalada (Callao),interseccion,Callao,baja,-12.045464,-77.100721,0,0
1178,Cliente #1178 (Lurin),cliente,Lurin,baja,-12.299826,-76.850679,5,3
1179,Pardos Chicken (Chorrillos),restaurante,Chorrillos,media,-12.156508,-77.038195,69,27
1180,Cliente #1180 (Lima Cercado),cliente,Lima Cercado,media,-12.028086,-77.02608,5,1
1181,Intersec. Via Expresa (Ate),interseccion,Ate,baja,-12.051565,-76.915637,0,0
1182,Intersec. Av. Primavera (Villa Maria),interseccion,Villa Maria,baja,-12.164938,-76.922642,0,0
1183,Intersec. Av. 28 de Julio (Pachacamac),interseccion,Pachacamac,baja,-12.240256,-76.862114,0,0
1184,Intersec. Av. Arequipa (San Isidro),interseccion,San Isidro,muy_alta,-12.097732,-77.054788,0,0
1185,Cliente #1185 (Los Olivos),cliente,Los Olivos,baja,-12.005655,-77.068346,2,2
1186,Cliente #1186 (El Agustino),cliente,El Agustino,baja,-12.020398,-77.027787,5,2
1187,La Lucha (El Agustino),restaurante,El Agustino,baja,-12.02496,-77.016967,17,51
1188,Intersec. Av. Santa Cruz (Lince),interseccion,Lince,media,-12.081047,-77.03996,0,0
1189,Cliente #1189 (Lince),cliente,Lince,media,-12.097267,-77.056556,2,1
1190,Hub Rappi Pueblo Libre,hub_rappi,Pueblo Libre,media,-12.075278,-77.049317,395,229
1191,Cliente #1191 (San Isidro),cliente,San Isidro,muy_alta,-12.117369,-77.0203,2,2
1192,Intersec. Av. Benavides (Lurin),interseccion,Lurin,baja,-12.27792,-76.888806,0,0
1193,Intersec. Av. Angamos (El Agustino),interseccion,El Agustino,baja,-12.051543,-77.030556,0,0
1194,Cliente #1194 (La Molina),cliente,La Molina,media,-12.094881,-76.942254,3,2
1195,Intersec. Av. Santa Cruz (San Borja),interseccion,San Borja,alta,-12.127684,-77.014945,0,0
1196,Intersec. Av. Brasil (San Borja),interseccion,San Borja,alta,-12.111708,-77.004247,0,0
1197,Hub Rappi Villa El Salvador,hub_rappi,Villa El Salvador,baja,-12.195026,-76.951085,436,384
1198,Intersec. Av. Benavides (Pueblo Libre),interseccion,Pueblo Libre,media,-12.075874,-77.064337,0,0
1199,Intersec. Av. La Marina (San Miguel),interseccion,San Miguel,media,-12.057112,-77.073188,0,0
1200,Cliente #1200 (Barranco),cliente,Barranco,alta,-12.160783,-77.011165,3,2
1201,Hub Rappi Miraflores,hub_rappi,Miraflores,muy_alta,-12.123186,-77.03787,296,390
1202,Cliente #1202 (Surco),cliente,Surco,alta,-12.130435,-76.984073,4,3
1203,Intersec. Av. Aviacion (Surco),interseccion,Surco,alta,-12.154031,-77.000378,0,0
1204,Cliente #1204 (Comas),cliente,Comas,baja,-11.928069,-77.036036,2,2
1205,Intersec. Av. Larco (Villa El Salvador),interseccion,Villa El Salvador,baja,-12.2149,-76.942343,0,0
1206,Intersec. Av. Petit Thouars (Barranco),interseccion,Barranco,alta,-12.133291,-77.036594,0,0
1207,Intersec. Av. Angamos (Los Olivos),interseccion,Los Olivos,baja,-11.998151,-77.074699,0,0
1208,Cliente #1208 (Lince),cliente,Lince,media,-12.081864,-77.016743,2,3
1209,Cliente #1209 (Magdalena),cliente,Magdalena,media,-12.102218,-77.087318,3,3
1210,Cliente #1210 (Lurin),cliente,Lurin,baja,-12.280109,-76.878655,2,2
1211,Cliente #1211 (Lurin),cliente,Lurin,baja,-12.27882,-76.876892,2,1
1212,Intersec. Av. Benavides (San Isidro),interseccion,San Isidro,muy_alta,-12.077223,-77.022638,0,0
1213,Cliente #1213 (San Miguel),cliente,San Miguel,media,-12.065279,-77.104371,5,1
1214,Hub Rappi San Miguel,hub_rappi,San Miguel,media,-12.071092,-77.072807,209,255
1215,Intersec. Av. La Marina (Lurin),interseccion,Lurin,baja,-12.265885,-76.871254,0,0
1216,Cliente #1216 (Barranco),cliente,Barranco,alta,-12.131551,-77.013711,5,1
1217,Intersec. Av. La Marina (Puente Piedra),interseccion,Puente Piedra,baja,-11.859168,-77.095005,0,0
1218,Intersec. Av. Santa Cruz (La Molina),interseccion,La Molina,media,-12.085785,-76.95058,0,0
1219,Intersec. Av. 28 de Julio (Rimac),interseccion,Rimac,baja,-12.009553,-77.050307,0,0
1220,Cliente #1220 (Ate),cliente,Ate,baja,-12.047864,-76.928814,1,1
1221,Intersec. Av. Arequipa (Puente Piedra),interseccion,Puente Piedra,baja,-11.889743,-77.077295,0,0
1222,Intersec. Av. Angamos (Lurin),interseccion,Lurin,baja,-12.290438,-76.881706,0,0
1223,Intersec. Av. 28 de Julio (San Borja),interseccion,San Borja,alta,-12.126172,-76.985598,0,0
1224,Intersec. Av. Santa Cruz (Rimac),interseccion,Rimac,baja,-12.031751,-77.010311,0,0
1225,Intersec. Av. Universitaria (Ate),interseccion,Ate,baja,-12.014284,-76.928822,0,0
1226,Intersec. Av. El Derby (Los Olivos),interseccion,Los Olivos,baja,-11.997249,-77.075912,0,0
1227,Cliente #1227 (San Juan Lurig),cliente,San Juan Lurig,baja,-12.142548,-76.996203,4,2
1228,Cliente #1228 (Jesus Maria),cliente,Jesus Maria,media,-12.076284,-77.052381,4,1
1229,Cliente #1229 (Surco),cliente,Surco,alta,-12.145495,-77.019343,4,3
1230,Cliente #1230 (Villa El Salvador),cliente,Villa El Salvador,baja,-12.209981,-76.936634,3,3
1231,Intersec. Av. Javier Prado (Chorrillos),interseccion,Chorrillos,media,-12.178162,-77.01709,0,0
1232,Cliente #1232 (El Agustino),cliente,El Agustino,baja,-12.045838,-77.002727,4,1
1233,Intersec. Av. Brasil (San Isidro),interseccion,San Isidro,muy_alta,-12.105629,-77.040856,0,0
1234,Intersec. Av. La Encalada (San Miguel),interseccion,San Miguel,media,-12.086638,-77.069272,0,0
1235,Cliente #1235 (Brena),cliente,Brena,media,-12.079506,-77.048205,5,1
1236,Intersec. Av. 28 de Julio (Jesus Maria),interseccion,Jesus Maria,media,-12.093515,-77.062264,0,0
1237,Intersec. Av. Angamos (San Martin Porres),interseccion,San Martin Porres,baja,-12.02004,-77.080679,0,0
1238,Intersec. Av. Aviacion (El Agustino),interseccion,El Agustino,baja,-12.022493,-77.019942,0,0
1239,Intersec. Av. Tomas Marsano (Magdalena),interseccion,Magdalena,media,-12.10037,-77.085575,0,0
1240,Intersec. Via Expresa (Villa El Salvador),interseccion,Villa El Salvador,baja,-12.202221,-76.93455,0,0
1241,Intersec. Via Expresa (Villa Maria),interseccion,Villa Maria,baja,-12.179742,-76.962294,0,0
1242,Cliente #1242 (Miraflores),cliente,Miraflores,muy_alta,-12.116634,-77.012205,1,3
1243,Cliente #1243 (Ate),cliente,Ate,baja,-12.028136,-76.906072,4,3
1244,Intersec. Av. Aviacion (Lince),interseccion,Lince,media,-12.099708,-77.026104,0,0
1245,Cliente #1245 (Jesus Maria),cliente,Jesus Maria,media,-12.066699,-77.033922,1,3
1246,Intersec. Av. Aviacion (San Isidro),interseccion,San Isidro,muy_alta,-12.10402,-77.019121,0,0
1247,Intersec. Av. Angamos (Los Olivos),interseccion,Los Olivos,baja,-11.973924,-77.051394,0,0
1248,El Corral (Barranco),restaurante,Barranco,alta,-12.163041,-77.006649,17,36
1249,Cliente #1249 (Santa Anita),cliente,Santa Anita,baja,-12.032333,-76.980508,3,2
1250,Intersec. Av. El Derby (Carabayllo),interseccion,Carabayllo,baja,-11.875619,-77.024496,0,0
1251,Cliente #1251 (Pachacamac),cliente,Pachacamac,baja,-12.225514,-76.862348,5,3
1252,Cliente #1252 (Los Olivos),cliente,Los Olivos,baja,-11.995925,-77.060596,4,3
1253,Intersec. Av. Benavides (San Isidro),interseccion,San Isidro,muy_alta,-12.083918,-77.024033,0,0
1254,Intersec. Av. Salaverry (Puente Piedra),interseccion,Puente Piedra,baja,-11.857892,-77.067167,0,0
1255,Intersec. Av. Javier Prado (Pachacamac),interseccion,Pachacamac,baja,-12.235226,-76.883609,0,0
1256,Intersec. Av. Brasil (Lurin),interseccion,Lurin,baja,-12.271305,-76.884135,0,0
1257,Cliente #1257 (Miraflores),cliente,Miraflores,muy_alta,-12.129989,-77.036959,3,1
1258,Cliente #1258 (Lima Cercado),cliente,Lima Cercado,media,-12.047899,-77.048495,5,2
1259,Don Belisario (Carabayllo),restaurante,Carabayllo,baja,-11.870115,-77.017146,68,47
1260,Intersec. Av. La Marina (San Martin Porres),interseccion,San Martin Porres,baja,-12.001544,-77.072177,0,0
1261,Intersec. Av. Benavides (Santa Anita),interseccion,Santa Anita,baja,-12.045321,-76.963553,0,0
1262,Intersec. Av. La Marina (Carabayllo),interseccion,Carabayllo,baja,-11.888707,-77.020305,0,0
1263,Intersec. Av. Aviacion (Surco),interseccion,Surco,alta,-12.142009,-76.978318,0,0
1264,Intersec. Av. La Encalada (Lince),interseccion,Lince,media,-12.068275,-77.052058,0,0
1265,Intersec. Av. El Derby (Comas),interseccion,Comas,baja,-11.920804,-77.06353,0,0
1266,Cliente #1266 (Surco),cliente,Surco,alta,-12.144011,-77.020432,1,3
1267,Cliente #1267 (Lince),cliente,Lince,media,-12.104037,-77.029208,2,2
1268,Norkys (Chorrillos),restaurante,Chorrillos,media,-12.17234,-77.032347,77,56
1269,Cliente #1269 (San Borja),cliente,San Borja,alta,-12.10982,-76.995229,1,3
1270,Cliente #1270 (Lima Cercado),cliente,Lima Cercado,media,-12.044596,-77.011955,1,2
1271,Rockys (Magdalena),restaurante,Magdalena,media,-12.087179,-77.081144,78,92
1272,Intersec. Av. Brasil (Villa El Salvador),interseccion,Villa El Salvador,baja,-12.231333,-76.936467,0,0
1273,Cliente #1273 (Puente Piedra),cliente,Puente Piedra,baja,-11.88683,-77.094309,4,2
1274,Intersec. Av. Larco (Villa El Salvador),interseccion,Villa El Salvador,baja,-12.211833,-76.929523,0,0
1275,Intersec. Av. Primavera (San Borja),interseccion,San Borja,alta,-12.099504,-77.02103,0,0
1276,Intersec. Av. Tomas Marsano (Santa Anita),interseccion,Santa Anita,baja,-12.031934,-76.947945,0,0
1277,Intersec. Av. Colonial (Puente Piedra),interseccion,Puente Piedra,baja,-11.871177,-77.097243,0,0
1278,Intersec. Av. Brasil (San Miguel),interseccion,San Miguel,media,-12.079587,-77.107055,0,0
1279,Cliente #1279 (Lima Cercado),cliente,Lima Cercado,media,-12.063426,-77.05171,1,3
1280,Cliente #1280 (San Miguel),cliente,San Miguel,media,-12.094457,-77.068645,2,3
1281,Cliente #1281 (Jesus Maria),cliente,Jesus Maria,media,-12.085487,-77.047353,2,1
1282,Intersec. Av. Caminos del Inca (Jesus Maria),interseccion,Jesus Maria,media,-12.055881,-77.054705,0,0
1283,Cliente #1283 (Independencia),cliente,Independencia,baja,-11.989448,-77.077908,2,3
1284,Intersec. Av. Brasil (Callao),interseccion,Callao,baja,-12.042675,-77.121707,0,0
1285,Intersec. Via Expresa (Surco),interseccion,Surco,alta,-12.161997,-77.003786,0,0
1286,Cliente #1286 (Magdalena),cliente,Magdalena,media,-12.094538,-77.057374,4,3
1287,Cliente #1287 (Miraflores),cliente,Miraflores,muy_alta,-12.099978,-77.024407,5,1
1288,Intersec. Av. Universitaria (El Agustino),interseccion,El Agustino,baja,-12.029644,-77.001747,0,0
1289,Intersec. Av. Primavera (Lince),interseccion,Lince,media,-12.067951,-77.023124,0,0
1290,Intersec. Via Expresa (Villa El Salvador),interseccion,Villa El Salvador,baja,-12.209641,-76.929779,0,0
1291,Cliente #1291 (Puente Piedra),cliente,Puente Piedra,baja,-11.879184,-77.062162,2,1
1292,Cliente #1292 (El Agustino),cliente,El Agustino,baja,-12.058914,-77.014609,2,3
1293,Intersec. Av. Larco (Lurin),interseccion,Lurin,baja,-12.298004,-76.878445,0,0
1294,Intersec. Av. El Derby (Los Olivos),interseccion,Los Olivos,baja,-11.996543,-77.053084,0,0
1295,Intersec. Av. Petit Thouars (Miraflores),interseccion,Miraflores,muy_alta,-12.133664,-77.048923,0,0
1296,Cliente #1296 (Comas),cliente,Comas,baja,-11.932949,-77.036957,5,2
1297,Cliente #1297 (San Juan Lurig),cliente,San Juan Lurig,baja,-12.151535,-76.960429,1,2
1298,Cliente #1298 (Villa El Salvador),cliente,Villa El Salvador,baja,-12.194171,-76.926754,1,2
1299,Cliente #1299 (San Martin Porres),cliente,San Martin Porres,baja,-12.037803,-77.078963,1,2
1300,Hub Rappi Villa Maria,hub_rappi,Villa Maria,baja,-12.17791,-76.955276,397,277
1301,Cliente #1301 (Surco),cliente,Surco,alta,-12.152888,-76.987736,2,2
1302,Intersec. Via Expresa (San Isidro),interseccion,San Isidro,muy_alta,-12.112612,-77.056295,0,0
1303,Cliente #1303 (Los Olivos),cliente,Los Olivos,baja,-11.977804,-77.070182,5,3
1304,Intersec. Av. Angamos (Carabayllo),interseccion,Carabayllo,baja,-11.895931,-77.028702,0,0
1305,Cliente #1305 (San Martin Porres),cliente,San Martin Porres,baja,-12.017567,-77.05226,5,1
1306,Intersec. Av. Universitaria (San Borja),interseccion,San Borja,alta,-12.118243,-77.011314,0,0
1307,Hub Rappi Rimac,hub_rappi,Rimac,baja,-12.047224,-77.01358,451,422
1308,Intersec. Via Expresa (Rimac),interseccion,Rimac,baja,-12.029064,-77.045781,0,0
1309,Intersec. Av. Benavides (Santa Anita),interseccion,Santa Anita,baja,-12.047211,-76.951283,0,0
1310,Intersec. Av. La Encalada (Callao),interseccion,Callao,baja,-12.039687,-77.121867,0,0
1311,Intersec. Av. La Marina (Carabayllo),interseccion,Carabayllo,baja,-11.888451,-77.047939,0,0
1312,Intersec. Av. Arequipa (San Isidro),interseccion,San Isidro,muy_alta,-12.112717,-77.031118,0,0
1313,Intersec. Av. Aviacion (Villa El Salvador),interseccion,Villa El Salvador,baja,-12.206339,-76.920235,0,0
1314,Intersec. Via Expresa (Lurin),interseccion,Lurin,baja,-12.257435,-76.878836,0,0
1315,Intersec. Av. Universitaria (La Molina),interseccion,La Molina,media,-12.090618,-76.935742,0,0
1316,Cliente #1316 (San Isidro),cliente,San Isidro,muy_alta,-12.07969,-77.046101,1,2
1317,Cliente #1317 (Rimac),cliente,Rimac,baja,-12.045029,-77.012572,4,1
1318,Cliente #1318 (El Agustino),cliente,El Agustino,baja,-12.030896,-76.993962,3,2
1319,Hub Rappi Lurin,hub_rappi,Lurin,baja,-12.282755,-76.862917,213,470
1320,Intersec. Av. La Marina (Rimac),interseccion,Rimac,baja,-12.024228,-77.045366,0,0
1321,Intersec. Av. Petit Thouars (Pachacamac),interseccion,Pachacamac,baja,-12.247891,-76.879759,0,0
1322,Intersec. Av. Tomas Marsano (Villa Maria),interseccion,Villa Maria,baja,-12.145439,-76.950167,0,0
1323,Cliente #1323 (Rimac),cliente,Rimac,baja,-12.009265,-77.01599,4,1
1324,Intersec. Av. Brasil (Puente Piedra),interseccion,Puente Piedra,baja,-11.851027,-77.083664,0,0
1325,Intersec. Av. 28 de Julio (Comas),interseccion,Comas,baja,-11.926427,-77.036164,0,0
1326,Cliente #1326 (San Isidro),cliente,San Isidro,muy_alta,-12.104357,-77.031852,5,2
1327,Intersec. Av. Tomas Marsano (El Agustino),interseccion,El Agustino,baja,-12.02868,-77.031853,0,0
1328,Intersec. Av. 28 de Julio (Surco),interseccion,Surco,alta,-12.130344,-77.007143,0,0
1329,Cliente #1329 (Miraflores),cliente,Miraflores,muy_alta,-12.134659,-77.009263,5,1
1330,Intersec. Av. La Encalada (Lurin),interseccion,Lurin,baja,-12.295299,-76.884323,0,0
1331,Cliente #1331 (San Martin Porres),cliente,San Martin Porres,baja,-12.036992,-77.05213,1,2
1332,Intersec. Av. Santa Cruz (Santa Anita),interseccion,Santa Anita,baja,-12.058632,-76.954561,0,0
1333,Hub Rappi Jesus Maria,hub_rappi,Jesus Maria,media,-12.067444,-77.063434,161,241
1334,Cliente #1334 (Lurin),cliente,Lurin,baja,-12.267447,-76.859005,3,3
1335,Mediterraneo (Villa El Salvador),restaurante,Villa El Salvador,baja,-12.198044,-76.930025,17,34
1336,Intersec. Av. Arequipa (Callao),interseccion,Callao,baja,-12.051564,-77.130275,0,0
1337,Tanta (Comas),restaurante,Comas,baja,-11.930509,-77.053436,25,27
1338,Cliente #1338 (San Martin Porres),cliente,San Martin Porres,baja,-12.003922,-77.0631,5,3
1339,Intersec. Av. Brasil (Independencia),interseccion,Independencia,baja,-12.008498,-77.064254,0,0
1340,Cliente #1340 (San Martin Porres),cliente,San Martin Porres,baja,-12.021935,-77.060675,5,2
1341,Cliente #1341 (Brena),cliente,Brena,media,-12.064182,-77.074241,2,3
1342,Cliente #1342 (Los Olivos),cliente,Los Olivos,baja,-11.997425,-77.049892,5,1
1343,Cliente #1343 (Villa El Salvador),cliente,Villa El Salvador,baja,-12.212563,-76.928892,1,2
1344,Cliente #1344 (Callao),cliente,Callao,baja,-12.043888,-77.111143,2,3
1345,Cliente #1345 (Chorrillos),cliente,Chorrillos,media,-12.174035,-77.019034,5,1
1346,Cliente #1346 (San Isidro),cliente,San Isidro,muy_alta,-12.111045,-77.015547,2,3
1347,Cliente #1347 (Pachacamac),cliente,Pachacamac,baja,-12.214429,-76.886898,3,2
1348,Cliente #1348 (Carabayllo),cliente,Carabayllo,baja,-11.883148,-77.030819,2,3
1349,Cliente #1349 (Santa Anita),cliente,Santa Anita,baja,-12.056149,-76.97477,4,3
1350,Cliente #1350 (Comas),cliente,Comas,baja,-11.959677,-77.051923,3,3
1351,La Mar (Independencia),restaurante,Independencia,baja,-11.997912,-77.042987,14,95
1352,Osaka (San Isidro),restaurante,San Isidro,muy_alta,-12.099622,-77.057021,26,37
1353,Intersec. Av. Universitaria (Pachacamac),interseccion,Pachacamac,baja,-12.231565,-76.871049,0,0
1354,Cliente #1354 (Lince),cliente,Lince,media,-12.075631,-77.054803,2,3
1355,Cliente #1355 (San Isidro),cliente,San Isidro,muy_alta,-12.077504,-77.038041,1,3
1356,Intersec. Av. Arequipa (Pueblo Libre),interseccion,Pueblo Libre,media,-12.071723,-77.056561,0,0
1357,Intersec. Av. La Marina (Villa El Salvador),interseccion,Villa El Salvador,baja,-12.204916,-76.929772,0,0
1358,Cliente #1358 (Rimac),cliente,Rimac,baja,-12.03031,-77.041126,2,1
1359,Intersec. Av. Larco (Los Olivos),interseccion,Los Olivos,baja,-12.006889,-77.08467,0,0
1360,Intersec. Via Expresa (San Martin Porres),interseccion,San Martin Porres,baja,-12.02659,-77.073839,0,0
1361,Cliente #1361 (Lurin),cliente,Lurin,baja,-12.293023,-76.858985,4,3
1362,Intersec. Via Expresa (Callao),interseccion,Callao,baja,-12.035932,-77.131265,0,0
1363,Intersec. Av. La Marina (San Borja),interseccion,San Borja,alta,-12.089241,-76.994042,0,0
1364,Cliente #1364 (Chorrillos),cliente,Chorrillos,media,-12.155128,-77.026634,1,1
1365,Intersec. Av. Primavera (Miraflores),interseccion,Miraflores,muy_alta,-12.120612,-77.049903,0,0
1366,Intersec. Av. Arequipa (San Miguel),interseccion,San Miguel,media,-12.094556,-77.091627,0,0
1367,Intersec. Av. El Derby (Jesus Maria),interseccion,Jesus Maria,media,-12.08542,-77.038437,0,0
1368,Intersec. Av. Brasil (Callao),interseccion,Callao,baja,-12.076469,-77.10286,0,0
1369,Intersec. Av. La Marina (San Borja),interseccion,San Borja,alta,-12.119841,-77.014686,0,0
1370,Intersec. Av. La Marina (Ate),interseccion,Ate,baja,-12.02586,-76.898671,0,0
1371,Cliente #1371 (San Juan Lurig),cliente,San Juan Lurig,baja,-12.179058,-76.974385,3,2
1372,Cliente #1372 (Callao),cliente,Callao,baja,-12.050435,-77.129914,1,1
1373,Cliente #1373 (Callao),cliente,Callao,baja,-12.036961,-77.134092,4,2
1374,Cliente #1374 (Callao),cliente,Callao,baja,-12.066633,-77.124903,1,2
1375,Cliente #1375 (Villa Maria),cliente,Villa Maria,baja,-12.167401,-76.923807,5,2
1376,Intersec. Av. Brasil (Carabayllo),interseccion,Carabayllo,baja,-11.875021,-77.035881,0,0
1377,Intersec. Av. Caminos del Inca (Lurin),interseccion,Lurin,baja,-12.280918,-76.854837,0,0
1378,Cliente #1378 (San Juan Lurig),cliente,San Juan Lurig,baja,-12.173092,-76.986202,3,1
1379,Cliente #1379 (Lurin),cliente,Lurin,baja,-12.275227,-76.880229,5,1
1380,Cliente #1380 (San Isidro),cliente,San Isidro,muy_alta,-12.092207,-77.017827,2,3
1381,Intersec. Via Expresa (Lima Cercado),interseccion,Lima Cercado,media,-12.03102,-77.048171,0,0
1382,Cliente #1382 (San Martin Porres),cliente,San Martin Porres,baja,-12.00565,-77.065834,4,1
1383,Intersec. Via Expresa (Jesus Maria),interseccion,Jesus Maria,media,-12.086876,-77.059782,0,0
1384,Intersec. Av. Angamos (Santa Anita),interseccion,Santa Anita,baja,-12.02649,-76.956804,0,0
1385,Cliente #1385 (Santa Anita),cliente,Santa Anita,baja,-12.027474,-76.949307,4,2
1386,Intersec. Av. Petit Thouars (Carabayllo),interseccion,Carabayllo,baja,-11.890818,-77.021557,0,0
1387,Hub Rappi San Miguel,hub_rappi,San Miguel,media,-12.079033,-77.066997,199,480
1388,Cliente #1388 (San Miguel),cliente,San Miguel,media,-12.057953,-77.082483,5,3
1389,Intersec. Av. 28 de Julio (Independencia),interseccion,Independencia,baja,-11.980963,-77.038533,0,0
1390,Cliente #1390 (Miraflores),cliente,Miraflores,muy_alta,-12.114924,-77.038615,4,3
1391,Hub Rappi Pueblo Libre,hub_rappi,Pueblo Libre,media,-12.06074,-77.053113,491,449
1392,Cliente #1392 (Lima Cercado),cliente,Lima Cercado,media,-12.026198,-77.013594,3,2
1393,Cliente #1393 (San Isidro),cliente,San Isidro,muy_alta,-12.100391,-77.030168,1,1
1394,Intersec. Av. 28 de Julio (Brena),interseccion,Brena,media,-12.059396,-77.042886,0,0
1395,Cliente #1395 (San Borja),cliente,San Borja,alta,-12.086766,-76.985518,1,3
1396,Intersec. Av. Primavera (Pueblo Libre),interseccion,Pueblo Libre,media,-12.076609,-77.073715,0,0
1397,Intersec. Av. Caminos del Inca (Santa Anita),interseccion,Santa Anita,baja,-12.02937,-76.981238,0,0
1398,Cliente #1398 (San Borja),cliente,San Borja,alta,-12.090708,-76.989656,1,3
1399,Cliente #1399 (Lima Cercado),cliente,Lima Cercado,media,-12.053591,-77.032043,2,1
1400,Intersec. Av. 28 de Julio (Magdalena),interseccion,Magdalena,media,-12.079585,-77.056491,0,0
1401,Intersec. Av. Tomas Marsano (Pachacamac),interseccion,Pachacamac,baja,-12.245342,-76.856917,0,0
1402,Cliente #1402 (Carabayllo),cliente,Carabayllo,baja,-11.876457,-77.022497,3,2
1403,Cliente #1403 (Pueblo Libre),cliente,Pueblo Libre,media,-12.086097,-77.044614,3,1
1404,Intersec. Av. Larco (Villa Maria),interseccion,Villa Maria,baja,-12.155454,-76.954156,0,0
1405,Cliente #1405 (Lince),cliente,Lince,media,-12.070367,-77.046523,2,3
1406,Hub Rappi Lince,hub_rappi,Lince,media,-12.068523,-77.019469,103,367
1407,Cliente #1407 (San Martin Porres),cliente,San Martin Porres,baja,-12.010304,-77.04924,4,3
1408,Intersec. Av. Arequipa (Lima Cercado),interseccion,Lima Cercado,media,-12.043446,-77.017747,0,0
1409,Cliente #1409 (San Borja),cliente,San Borja,alta,-12.13033,-76.986389,2,3
1410,Intersec. Av. Caminos del Inca (Magdalena),interseccion,Magdalena,media,-12.070791,-77.055894,0,0
1411,Intersec. Av. Tomas Marsano (Comas),interseccion,Comas,baja,-11.952966,-77.047633,0,0
1412,Intersec. Av. Universitaria (Los Olivos),interseccion,Los Olivos,baja,-12.00133,-77.070232,0,0
1413,Intersec. Av. Aviacion (Lince),interseccion,Lince,media,-12.065909,-77.053015,0,0
1414,Cliente #1414 (Jesus Maria),cliente,Jesus Maria,media,-12.073587,-77.050684,1,2
1415,Cliente #1415 (Callao),cliente,Callao,baja,-12.052302,-77.12194,2,2
1416,Intersec. Av. La Marina (Magdalena),interseccion,Magdalena,media,-12.099411,-77.075147,0,0
1417,Intersec. Av. Santa Cruz (Chorrillos),interseccion,Chorrillos,media,-12.154952,-77.032389,0,0
1418,Cliente #1418 (Comas),cliente,Comas,baja,-11.948785,-77.051825,4,2
1419,Hub Rappi Chorrillos,hub_rappi,Chorrillos,media,-12.191245,-77.032224,139,263
1420,Cliente #1420 (Surco),cliente,Surco,alta,-12.133667,-77.021591,2,1
1421,Intersec. Av. El Derby (Barranco),interseccion,Barranco,alta,-12.163298,-77.030126,0,0
1422,Intersec. Av. Angamos (Villa El Salvador),interseccion,Villa El Salvador,baja,-12.225757,-76.92286,0,0
1423,Intersec. Av. Benavides (Santa Anita),interseccion,Santa Anita,baja,-12.029936,-76.941401,0,0
1424,Cliente #1424 (Rimac),cliente,Rimac,baja,-12.048427,-77.042876,5,2
1425,Cliente #1425 (Surco),cliente,Surco,alta,-12.125411,-76.98653,5,3
1426,Cliente #1426 (Lima Cercado),cliente,Lima Cercado,media,-12.030091,-77.032515,1,1
1427,Cliente #1427 (Puente Piedra),cliente,Puente Piedra,baja,-11.880637,-77.092832,5,2
1428,Cliente #1428 (Pachacamac),cliente,Pachacamac,baja,-12.233361,-76.876611,1,2
1429,Cliente #1429 (Los Olivos),cliente,Los Olivos,baja,-11.970822,-77.076822,1,3
1430,Intersec. Av. Colonial (El Agustino),interseccion,El Agustino,baja,-12.057373,-77.019333,0,0
1431,Intersec. Av. 28 de Julio (Brena),interseccion,Brena,media,-12.04333,-77.050608,0,0
1432,Intersec. Av. Arequipa (Jesus Maria),interseccion,Jesus Maria,media,-12.072004,-77.043482,0,0
1433,Cliente #1433 (Rimac),cliente,Rimac,baja,-12.008598,-77.026287,4,3
1434,Intersec. Av. Caminos del Inca (Rimac),interseccion,Rimac,baja,-12.031576,-77.041507,0,0
1435,Intersec. Av. Aviacion (Puente Piedra),interseccion,Puente Piedra,baja,-11.85082,-77.095871,0,0
1436,Cliente #1436 (Magdalena),cliente,Magdalena,media,-12.091935,-77.087276,1,1
1437,Cliente #1437 (San Juan Lurig),cliente,San Juan Lurig,baja,-12.147602,-76.999458,3,1
1438,Hub Rappi San Juan Lurig,hub_rappi,San Juan Lurig,baja,-12.1622,-76.985031,289,429
1439,Cliente #1439 (Magdalena),cliente,Magdalena,media,-12.109714,-77.054812,1,3
1440,Intersec. Av. Salaverry (Lima Cercado),interseccion,Lima Cercado,media,-12.064899,-77.041859,0,0
1441,Intersec. Av. Aviacion (Rimac),interseccion,Rimac,baja,-12.034967,-77.0357,0,0
1442,Cliente #1442 (Carabayllo),cliente,Carabayllo,baja,-11.896589,-77.015698,2,3
1443,Intersec. Av. Salaverry (Rimac),interseccion,Rimac,baja,-12.038429,-77.044576,0,0
1444,Cliente #1444 (San Martin Porres),cliente,San Martin Porres,baja,-12.03221,-77.060035,5,1
1445,Intersec. Av. Brasil (Surco),interseccion,Surco,alta,-12.166775,-77.004489,0,0
1446,Intersec. Av. 28 de Julio (Lima Cercado),interseccion,Lima Cercado,media,-12.052069,-77.049867,0,0
1447,Cliente #1447 (El Agustino),cliente,El Agustino,baja,-12.056808,-77.02095,1,3
1448,Intersec. Av. Salaverry (San Miguel),interseccion,San Miguel,media,-12.091356,-77.074274,0,0
1449,Cliente #1449 (San Martin Porres),cliente,San Martin Porres,baja,-12.032784,-77.071874,1,2
1450,Cliente #1450 (San Juan Lurig),cliente,San Juan Lurig,baja,-12.164973,-76.993895,4,2
1451,Cliente #1451 (Lurin),cliente,Lurin,baja,-12.276997,-76.884945,1,3
1452,Hub Rappi San Isidro,hub_rappi,San Isidro,muy_alta,-12.118506,-77.052487,282,236
1453,Cliente #1453 (Chorrillos),cliente,Chorrillos,media,-12.175359,-77.041301,5,1
1454,Cliente #1454 (Lince),cliente,Lince,media,-12.090785,-77.03508,1,3
1455,Intersec. Av. Benavides (San Miguel),interseccion,San Miguel,media,-12.095241,-77.074098,0,0
1456,Intersec. Av. La Marina (Ate),interseccion,Ate,baja,-12.050978,-76.93078,0,0
1457,Cliente #1457 (San Isidro),cliente,San Isidro,muy_alta,-12.094518,-77.019614,4,3
1458,Intersec. Av. Universitaria (Brena),interseccion,Brena,media,-12.045337,-77.049255,0,0
1459,Intersec. Via Expresa (Carabayllo),interseccion,Carabayllo,baja,-11.875891,-77.029984,0,0
1460,Intersec. Av. Caminos del Inca (Comas),interseccion,Comas,baja,-11.923066,-77.067918,0,0
1461,Intersec. Av. Angamos (Independencia),interseccion,Independencia,baja,-11.987087,-77.079893,0,0
1462,Intersec. Av. Benavides (Villa Maria),interseccion,Villa Maria,baja,-12.16077,-76.960275,0,0
1463,Hub Rappi Ate,hub_rappi,Ate,baja,-12.047444,-76.911521,234,381
1464,Cliente #1464 (Villa El Salvador),cliente,Villa El Salvador,baja,-12.225576,-76.941173,3,3
1465,Intersec. Av. El Derby (Carabayllo),interseccion,Carabayllo,baja,-11.884733,-77.028824,0,0
1466,Cliente #1466 (Lurin),cliente,Lurin,baja,-12.269796,-76.860817,4,2
1467,Cliente #1467 (Callao),cliente,Callao,baja,-12.041249,-77.136859,5,2
1468,Hub Rappi Magdalena,hub_rappi,Magdalena,media,-12.098018,-77.063912,229,386
1469,Cliente #1469 (Lurin),cliente,Lurin,baja,-12.28376,-76.867373,5,3
1470,Cliente #1470 (Rimac),cliente,Rimac,baja,-12.024338,-77.052583,1,1
1471,Cliente #1471 (Brena),cliente,Brena,media,-12.079572,-77.05348,3,1
1472,Cliente #1472 (El Agustino),cliente,El Agustino,baja,-12.037781,-76.992108,2,2
1473,Intersec. Av. Colonial (La Molina),interseccion,La Molina,media,-12.061864,-76.953785,0,0
1474,Intersec. Av. Primavera (Barranco),interseccion,Barranco,alta,-12.138722,-77.034363,0,0
1475,Cliente #1475 (Brena),cliente,Brena,media,-12.060362,-77.058618,3,3
1476,Intersec. Av. La Encalada (Santa Anita),interseccion,Santa Anita,baja,-12.034555,-76.942886,0,0
1477,Cliente #1477 (El Agustino),cliente,El Agustino,baja,-12.021893,-77.019251,2,3
1478,Intersec. Av. Universitaria (San Juan Lurig),interseccion,San Juan Lurig,baja,-12.144541,-76.982845,0,0
1479,Cliente #1479 (Lurin),cliente,Lurin,baja,-12.259796,-76.851559,2,1
1480,Intersec. Av. Santa Cruz (Independencia),interseccion,Independencia,baja,-11.992255,-77.073017,0,0
1481,Cliente #1481 (Brena),cliente,Brena,media,-12.059172,-77.073977,2,3
1482,Cliente #1482 (Lince),cliente,Lince,media,-12.102674,-77.052163,2,3
1483,Intersec. Av. Colonial (Los Olivos),interseccion,Los Olivos,baja,-11.976698,-77.082883,0,0
1484,Cliente #1484 (Surco),cliente,Surco,alta,-12.146757,-76.992556,3,3
1485,Cliente #1485 (Lince),cliente,Lince,media,-12.103718,-77.038973,1,2
1486,Cliente #1486 (Lima Cercado),cliente,Lima Cercado,media,-12.052267,-77.010166,5,3
1487,Intersec. Av. Colonial (Chorrillos),interseccion,Chorrillos,media,-12.178761,-77.018771,0,0
1488,Intersec. Av. Javier Prado (Puente Piedra),interseccion,Puente Piedra,baja,-11.870477,-77.086684,0,0
1489,Intersec. Av. Angamos (Jesus Maria),interseccion,Jesus Maria,media,-12.068019,-77.024253,0,0
1490,Intersec. Av. El Derby (Pueblo Libre),interseccion,Pueblo Libre,media,-12.092628,-77.067179,0,0
1491,Intersec. Av. Benavides (Lima Cercado),interseccion,Lima Cercado,media,-12.063053,-77.010861,0,0
1492,Intersec. Av. Larco (Lurin),interseccion,Lurin,baja,-12.258911,-76.879448,0,0
1493,Intersec. Av. Javier Prado (Ate),interseccion,Ate,baja,-12.022074,-76.918869,0,0
1494,Cliente #1494 (Los Olivos),cliente,Los Olivos,baja,-11.977127,-77.079772,3,1
1495,Intersec. Av. Larco (Pachacamac),interseccion,Pachacamac,baja,-12.224697,-76.874025,0,0
1496,Intersec. Via Expresa (Independencia),interseccion,Independencia,baja,-11.99162,-77.060636,0,0
1497,Intersec. Av. Colonial (Barranco),interseccion,Barranco,alta,-12.125011,-77.000452,0,0
1498,Intersec. Av. Tomas Marsano (Lima Cercado),interseccion,Lima Cercado,media,-12.05262,-77.012222,0,0
1499,Segundo Muelle (Lima Cercado),restaurante,Lima Cercado,media,-12.062157,-77.014839,51,57
